a_DET	4187
az_DET	4186
hogy_SCONJ	4185
és_CONJ	4184
ez_PRON	4183
nem_ADV	4182
is_CONJ	4181
egy_DET	4180
van_SYM	4179
Földmunkás__és_Polgári_Párt_PROPN	4178
Független_Kisgazda_NOUN	4177
kell_SYM	4176
amely_PRON	4175
meg_PART	4174
de_CONJ	4173
ha_SCONJ	4172
Magyarország_PROPN	4171
én_PRON	4170
szó_NOUN	4169
törvény_NOUN	4168
mert_SCONJ	4167
olyan_PRON	4166
volt_SYM	4165
már_ADV	4164
dr_INTJ	4163
mi_PRON	4162
csak_ADV	4161
vagy_CONJ	4160
ami_PRON	4159
most_ADV	4158
tehát_CONJ	4157
képviselő_úr_NOUN	4156
még_ADV	4155
kérdés_NOUN	4154
lehet_SYM	4153
tud_SYM	4152
igen_INTJ	4151
lesz_SYM	4150
köszönöm_SYM	4149
el_ADV	4148
kormány_NOUN	4147
itt_ADV	4146
ki_ADV	4145
aki_PRON	4144
e_PRON	4143
sem_ADV	4142
mint_SCONJ	4141
ország_NOUN	4140
tisztelt_ADJ	4139
taps_NOUN	4138
elnök_úr_ADJ	4137
nagy_ADJ	4136
fog_AUX	4135
hanem_CONJ	4134
szerint_ADP	4133
elnök_NOUN	4132
év_NOUN	4131
ilyen_PRON	4130
ön_PRON	4129
rész_NOUN	4128
törvényjavaslat_NOUN	4127
javaslat_NOUN	4126
bizottság_NOUN	4125
úgy_ADV	4124
sor_NOUN	4123
nagyon_ADV	4122
így_CONJ	4121
kérem_SYM	4120
eset_NOUN	4119
alap_NOUN	4118
eb_NOUN	4117
amikor_ADV	4116
minden_PRON	4115
jó_ADJ	4114
pedig_CONJ	4113
ezért_ADV	4112
helyzet_NOUN	4111
figyelem_NOUN	4110
hiszen_CONJ	4109
tesz_SYM	4108
kíván_SYM	4107
más_PRON	4106
fel_ADV	4105
új_ADJ	4104
úgy_gondol_INTJ	4103
azért_ADV	4102
jog_NOUN	4101
megad_SYM	4100
elnök_köszönöm_ADJ	4099
miniszter_úr_NOUN	4098
pont_ADV	4097
ne_ADV	4096
két_NUM	4095
tisztelt_ház_NOUN	4094
ad_SYM	4093
több_NUM	4092
maga_PRON	4091
be_ADV	4090
Magyar_Szocialista_Párt_PROPN	4089
úr_NOUN	4088
ember_NOUN	4087
terület_NOUN	4086
azonban_CONJ	4085
tisztelt_országgyűlés_NOUN	4084
illetve_CONJ	4083
majd_ADV	4082
tart_SYM	4081
támogatás_NOUN	4080
egész_ADJ	4079
való_ADJ	4078
feladat_NOUN	4077
ügy_NOUN	4076
válasz_NOUN	4075
kellene_SYM	4074
gazdasági_ADJ	4073
hisz_CONJ	4072
köszönöm_szépen_NOUN	4071
szeret_SYM	4070
s_CONJ	4069
országgyűlés_NOUN	4068
munka_NOUN	4067
után_ADP	4066
évi_ADJ	4065
államtitkár_úr_NOUN	4064
módosító_javaslat_NOUN	4063
milyen_PRON	4062
jelen_ADV	4061
legyen_SYM	4060
szükséges_ADJ	4059
által_ADP	4058
kerül_SYM	4057
vita_NOUN	4056
mód_NOUN	4055
egyik_PRON	4054
képviselő_ADJ	4053
akar_SYM	4052
állami_ADJ	4051
cél_NOUN	4050
önkormányzat_NOUN	4049
költségvetés_NOUN	4048
szavazás_NOUN	4047
kapcsolat_NOUN	4046
probléma_NOUN	4045
például_ADV	4044
padsor_NOUN	4043
2_NUM	4042
Torgyán_József_PROPN	4041
tessék_INTJ	4040
módosítás_NOUN	4039
vannak_SYM	4038
Európai_Unió_PROPN	4037
érdeke_NOUN	4036
sok_NUM	4035
rendszer_NOUN	4034
ott_ADV	4033
fontos_ADJ	4032
i_NOUN	4031
dolog_NOUN	4030
vesz_SYM	4029
rendelkezés_NOUN	4028
ugyanaz_PRON	4027
Alkotmány_PROPN	4026
idő_NOUN	4025
elfogad_SYM	4024
ezen_PRON	4023
számára_ADP	4022
biztosít_SYM	4021
között_ADP	4020
10_NUM	4019
valóban_ADV	4018
miatt_ADP	4017
t_NOUN	4016
parlament_NOUN	4015
ma_ADV	4014
ahol_ADV	4013
támogat_SYM	4012
érdek_érd_NOUN	4011
mond_SYM	4010
1_NUM	4009
százalék_NOUN	4008
oldal_NOUN	4007
felszólalás_NOUN	4006
megoldás_NOUN	4005
ház_NOUN	4004
kap_SYM	4003
két_perc_NOUN	4002
gondol_SYM	4001
ok_NOUN	4000
elnök_asszony_ADJ	3999
természetesen_ADJ	3998
szóló_ADJ	3997
szempont_NOUN	3996
miért_ADV	3995
derültség_NOUN	3994
nemcsak_CONJ	3993
álláspont_NOUN	3992
szavaz_SYM	3991
lehetőség_NOUN	3990
kis_ADJ	3989
áll_SYM	3988
tudom_SYM	3987
mellett_ADP	3986
ugyanis_CONJ	3985
tisztelt_képviselõtársaim_NOUN	3984
hoz_SYM	3983
szól_SYM	3982
talán_ADV	3981
politikai_ADJ	3980
tett_ADJ	3979
másik_PRON	3978
tag_NOUN	3977
szabad_ADJ	3976
szám_NOUN	3975
vagyon_NOUN	3974
társadalom_NOUN	3973
jelent_SYM	3972
egyes_ADJ	3971
mely_PRON	3970
abban_PRON	3969
sajnos_INTJ	3968
szervezet_NOUN	3967
egyéb_PRON	3966
név_NOUN	3965
valamint_CONJ	3964
tény_NOUN	3963
alatt_ADP	3962
20_NUM	3961
saját_PRON	3960
nélkül_ADP	3959
történt_SYM	3958
tevékenység_NOUN	3957
hely_NOUN	3956
lát_SYM	3955
jelenlegi_ADJ	3954
Fidesz__Magyar_Polgári_Szövetség_NOUN	3953
bizonyos_ADJ	3952
szemben_ADP	3951
jelez_SYM	3950
kérdez_SYM	3949
állam_NOUN	3948
összeg_NOUN	3947
kapcsolatos_ADJ	3946
mivel_SCONJ	3945
hagy_SYM	3944
ő_PRON	3943
Szabad_Demokraták_Szövetsége_NOUN	3942
ért_SYM	3941
lászló_ADJ	3940
szabály_NOUN	3939
elmond_SYM	3938
van_szó_NOUN	3937
további_ADJ	3936
3_NUM	3935
milliárd_forint_ADV	3934
jogszabály_NOUN	3933
került_SYM	3932
gazdaság_NOUN	3931
él_SYM	3930
föld_NOUN	3929
igény_NOUN	3928
mind_CONJ	3927
döntés_NOUN	3926
következő_ADJ	3925
fogad_el_NOUN	3924
beszél_SYM	3923
költségvetési_ADJ	3922
kér_SYM	3921
program_NOUN	3920
feltétel_NOUN	3919
5_NUM	3918
igaz_ADJ	3917
nap_ADV	3916
pénz_NOUN	3915
eljárás_NOUN	3914
kör_NOUN	3913
30_NUM	3912
út_NOUN	3911
néhány_PRON	3910
rendkívül_ADV	3909
vélemény_NOUN	3908
három_NUM	3907
külön_ADJ	3906
teljesen_ADJ	3905
személy_NOUN	3904
képviselőtárs_NOUN	3903
akár_ADV	3902
miniszter_NOUN	3901
viszont_CONJ	3900
intézkedés_NOUN	3899
intézmény_NOUN	3898
jól_ADV	3897
vonatkozó_ADJ	3896
érdek_NOUN	3895
közbeszólás_NOUN	3894
át_ADV	3893
mérték_NOUN	3892
elõtt_ADJ	3891
le_ADV	3890
nemzeti_ADJ	3889
belül_ADP	3888
ezer_NUM	3887
társadalmi_ADJ	3886
szabályozás_NOUN	3885
kormányzat_NOUN	3884
folyamat_NOUN	3883
állampolgár_NOUN	3882
jános_ADJ	3881
minisztérium_NOUN	3880
mindenki_PRON	3879
15_NUM	3878
lakosság_NOUN	3877
jogi_ADJ	3876
elég_ADJ	3875
4_NUM	3874
forint_NOUN	3873
gyakorlat_NOUN	3872
sándor_ADJ	3871
adat_NOUN	3870
kötelezettség_NOUN	3869
szeretnék_SYM	3868
érték_NOUN	3867
tulajdon_NOUN	3866
kapocs_NOUN	3865
tulajdonképpen_ADV	3864
pénzügyi_ADJ	3863
ellen_ADP	3862
õ_NOUN	3861
azon_PRON	3860
mindez_PRON	3859
frakció_NOUN	3858
tekintet_NOUN	3857
adott_ADJ	3856
teljes_ADJ	3855
utal_SYM	3854
mondani_SYM	3853
miután_SCONJ	3852
környezetvédelmi_ADJ	3851
40_NUM	3850
adó_NOUN	3849
eredmény_NOUN	3848
önkormányzati_ADJ	3847
zaj_NOUN	3846
éppen_ADV	3845
elfogadás_NOUN	3844
50_NUM	3843
szakmai_ADJ	3842
ár_NOUN	3841
es_CONJ	3840
külföldi_ADJ	3839
forma_NOUN	3838
megfelelõ_ADJ	3837
védelem_NOUN	3836
gond_NOUN	3835
rossz_ADJ	3834
tulajdonos_NOUN	3833
országgyûlés_NOUN	3832
vár_SYM	3831
törvénytervezet_NOUN	3830
tartózkodás_mellett_ADJ	3829
általános_ADJ	3828
végül_ADV	3827
határozat_NOUN	3826
tovább_ADV	3825
miniszterelnök_úr_NOUN	3824
bíróság_NOUN	3823
tartalmaz_SYM	3822
valami_ADJ	3821
következik_SYM	3820
foglalkozik_SYM	3819
nép_NOUN	3818
indítvány_NOUN	3817
lehetne_SYM	3816
millió_NUM	3815
egyetért_SYM	3814
szövetkezet_NOUN	3813
Demokrácia_PROPN	3812
számú_ADJ	3811
hiány_NOUN	3810
semmi_PRON	3809
türelem_NOUN	3808
ahogy_ADV	3807
korábbi_ADJ	3806
parlamenti_ADJ	3805
pár_NUM	3804
hogyan_ADV	3803
tisztelt_képviselőtárs_NOUN	3802
vonatkozás_NOUN	3801
mindenképpen_ADV	3800
súlyos_ADJ	3799
mezõgazdasági_ADJ	3798
istván_ADV	3797
párt_NOUN	3796
vég_NOUN	3795
kevés_NUM	3794
kezd_SYM	3793
ők_PRON	3792
ajánlás_NOUN	3791
Privatizáció_NOUN	3790
keret_NOUN	3789
ülés_NOUN	3788
költség_NOUN	3787
település_NOUN	3786
szükség_NOUN	3785
ellátás_NOUN	3784
egyébként_ADV	3783
eszköz_NOUN	3782
cím_NOUN	3781
történik_SYM	3780
általános_vita_NOUN	3779
mennyi_PRON	3778
6_NUM	3777
rendelkezik_SYM	3776
vissza_ADV	3775
egészségügyi_ADJ	3774
ben_NOUN	3773
rá_PRON	3772
család_NOUN	3771
jelenleg_ADV	3770
elhangzott_ADJ	3769
különösen_ADV	3768
elmúlt_ADJ	3767
mindig_ADV	3766
jelentõs_ADJ	3765
többi_ADJ	3764
válaszol_SYM	3763
esetleg_ADV	3762
tárgyalás_NOUN	3761
kisgazda_NOUN	3760
példa_NOUN	3759
nemzetközi_ADJ	3758
értelem_NOUN	3757
szerv_NOUN	3756
bekezdés_NOUN	3755
fizet_SYM	3754
képviselõtársam_NOUN	3753
magas_ADJ	3752
mondjuk_SYM	3751
legalább_ADV	3750
módosító_indítvány_NOUN	3749
Házszabály_PROPN	3748
elsõ_ADJ	3747
fél_NUM	3746
élet_NOUN	3745
milliárd_NUM	3744
szint_NOUN	3743
hivatal_NOUN	3742
ellenzék_NOUN	3741
megkérdez_SYM	3740
többség_NOUN	3739
8_NUM	3738
keresztül_ADP	3737
következtében_ADP	3736
forrás_NOUN	3735
haza_ADV	3734
12_NUM	3733
tisztelt_országgyûlés_NOUN	3732
egyáltalán_ADV	3731
mondom_SYM	3730
anyagi_ADJ	3729
óta_ADP	3728
együtt_ADV	3727
ebbõl_ADJ	3726
politikus_NOUN	3725
józsef_ADJ	3724
szociális_ADJ	3723
állapot_NOUN	3722
imre_NOUN	3721
bár_SCONJ	3720
millió_forint_ADV	3719
szinte_ADV	3718
perc_NOUN	3717
mutat_SYM	3716
felhív_SYM	3715
mondja_SYM	3714
hozzá_PRON	3713
interpelláció_NOUN	3712
Társadalombiztosítás_PROPN	3711
hónap_NOUN	3710
száj_NOUN	3709
világ_NOUN	3708
egymás_PRON	3707
korábban_ADV	3706
folytat_SYM	3705
részérõl_NOUN	3704
támogatja_SYM	3703
mégis_ADV	3702
ügyrendi_ADJ	3701
említett_ADJ	3700
ban_NOUN	3699
érintett_ADJ	3698
inkább_ADV	3697
fejlesztés_NOUN	3696
sokkal_NUM	3695
gyermek_NOUN	3694
különbözõ_ADJ	3693
javasol_SYM	3692
néz_SYM	3691
országos_ADJ	3690
irány_NOUN	3689
állít_SYM	3688
annyi_PRON	3687
képviselõ_úr_NOUN	3686
valaki_PRON	3685
közül_ADP	3684
hát_ADV	3683
kellett_SYM	3682
kért_ADJ	3681
jár_SYM	3680
segít_SYM	3679
szándék_NOUN	3678
szintén_CONJ	3677
képviselõ_ADJ	3676
nevezetesen_ADJ	3675
vajon_ADV	3674
hiba_NOUN	3673
nemzet_NOUN	3672
elv_NOUN	3671
százalékos_ADJ	3670
országgyûlési_ADJ	3669
úgynevezett_ADJ	3668
ismer_SYM	3667
jelentkezik_SYM	3666
györgy_ADJ	3665
kellett_van_ADJ	3664
részletes_vita_NOUN	3663
ellenére_ADP	3662
bevétel_NOUN	3661
érint_SYM	3660
térség_NOUN	3659
vált_SYM	3658
enged_meg_INTJ	3657
hosszú_ADJ	3656
mintegy_ADV	3655
választás_NOUN	3654
zoltán_PROPN	3653
kívül_ADP	3652
gábor_ADJ	3651
megy_SYM	3650
közel_ADV	3649
hivatkozik_SYM	3648
illet_SYM	3647
tervezet_NOUN	3646
végrehajtás_NOUN	3645
veszik_vesz_NOUN	3644
következmény_NOUN	3643
mint_ahogy_SCONJ	3642
határ_NOUN	3641
tárca_NOUN	3640
teszi_SYM	3639
kéz_NOUN	3638
lett_SYM	3637
helyett_ADP	3636
első_ADJ	3635
marad_SYM	3634
igenis_ADV	3633
lehetõséget_NOUN	3632
továbbá_ADV	3631
hasonló_ADJ	3630
szakasz_NOUN	3629
dönt_SYM	3628
vizsgálat_NOUN	3627
hatás_NOUN	3626
tudomás_NOUN	3625
9_NUM	3624
hogyha_SCONJ	3623
teher_NOUN	3622
rend_NOUN	3621
tárgy_NOUN	3620
jut_SYM	3619
tudta_SYM	3618
Mezőgazdaság_PROPN	3617
képviselő_asszony_ADJ	3616
gyakorlatilag_ADJ	3615
nak_NOUN	3614
termék_NOUN	3613
helyes_ADJ	3612
viszony_NOUN	3611
független_ADJ	3610
rt_NOUN	3609
18_NUM	3608
megállapítás_NOUN	3607
megfelelő_ADJ	3606
ellenzéki_ADJ	3605
senki_PRON	3604
tér_NOUN	3603
gondolat_NOUN	3602
péter_NOUN	3601
nagyon_sok_NOUN	3600
vélemény_szerint_ADV	3599
kár_NOUN	3598
szerep_NOUN	3597
felszólalás_előző_ADJ	3596
ülésnap_adat_NOUN	3595
tekintett_ADJ	3594
alkalom_NOUN	3593
vett_ADJ	3592
tartozik_SYM	3591
7_NUM	3590
változás_NOUN	3589
bizony_ADV	3588
Észak_atlanti_Szerződés_Szervezete_NOUN	3587
szavazat_NOUN	3586
részben_ADV	3585
lett_van_ADJ	3584
megyei_ADJ	3583
errõl_ADJ	3582
vidék_NOUN	3581
vagyok_SYM	3580
kormányzati_ADJ	3579
mai_ADJ	3578
16_NUM	3577
lévõ_ADJ	3576
11_NUM	3575
szolgál_SYM	3574
egyetlen_ADJ	3573
megállapodás_NOUN	3572
végre_ADV	3571
tisztelet_NOUN	3570
polgári_ADJ	3569
földművelésügyi_ADJ	3568
14_NUM	3567
jelentés_NOUN	3566
ingatlan_NOUN	3565
indokolt_ADJ	3564
lépés_NOUN	3563
alkalmas_ADJ	3562
dolgozik_dolgoz_NOUN	3561
ugyancsak_CONJ	3560
lehetett_SYM	3559
válik_SYM	3558
túl_ADV	3557
vállalkozó_NOUN	3556
elõ_ADJ	3555
észrevétel_NOUN	3554
elõbb_ADJ	3553
alá_ADV	3552
szövetkezeti_ADJ	3551
illetõen_ADJ	3550
abból_PRON	3549
benne_PRON	3548
több_mint_ADV	3547
nagyon_fontos_ADJ	3546
közös_ADJ	3545
nyilván_ADV	3544
előterjesztés_NOUN	3543
csupán_ADV	3542
valamennyi_PRON	3541
komoly_ADJ	3540
Alkotmánybíróság_PROPN	3539
megítélés_szerint_ADV	3538
elem_NOUN	3537
mihály_ADJ	3536
elsõsorban_NOUN	3535
megye_NOUN	3534
amíg_ADV	3533
kicsi_ADJ	3532
egységes_ADJ	3531
biztos_ADJ	3530
fejezet_NOUN	3529
próbál_SYM	3528
os_INTJ	3527
rendelet_NOUN	3526
beruházás_NOUN	3525
konkrét_ADJ	3524
koncepció_NOUN	3523
kiadás_NOUN	3522
törvény_módosítás_NOUN	3521
napirend_NOUN	3520
elé_ADP	3519
jelentős_ADJ	3518
helyi_ADJ	3517
történő_ADJ	3516
idéz_ADJ	3515
hatalom_NOUN	3514
használ_SYM	3513
illetõleg_ADJ	3512
igen_szavazat_INTJ	3511
körülbelül_ADV	3510
sõt_NOUN	3509
politika_NOUN	3508
gazda_NOUN	3507
piac_NOUN	3506
rövid_ADJ	3505
óriási_ADJ	3504
számos_NUM	3503
egyszer_ADV	3502
második_ADJ	3501
mondta_SYM	3500
kamara_NOUN	3499
önmaga_PRON	3498
tekint_SYM	3497
17_NUM	3496
béla_NOUN	3495
iskola_NOUN	3494
csökkent_SYM	3493
nehéz_ADJ	3492
asszony_NOUN	3491
segítség_NOUN	3490
idõ_INTJ	3489
óra_NOUN	3488
hangsúlyoz_SYM	3487
pénzügyminiszter_NOUN	3486
honvédelmi_ADJ	3485
ugyan_ADV	3484
kimond_SYM	3483
2000_PROPN	3482
szóló_törvényjavaslat_NOUN	3481
hét_NUM	3480
terv_NOUN	3479
szóló_törvény_NOUN	3478
szerepel_SYM	3477
kíván_e_NOUN	3476
1995_NUM	3475
szolgáltatás_NOUN	3474
tanács_NOUN	3473
lényegében_NOUN	3472
előtt_ADP	3471
bank_NOUN	3470
vállalkozás_NOUN	3469
szórványos_taps_NOUN	3468
pontosan_ADJ	3467
hatáskör_NOUN	3466
fiatal_ADJ	3465
megállapít_SYM	3464
kerül_sor_NOUN	3463
különböző_ADJ	3462
nyugdíj_NOUN	3461
végez_SYM	3460
egyrészt_ADV	3459
történõ_ADJ	3458
teremt_SYM	3457
egyértelmûen_ADJ	3456
ennyi_PRON	3455
arány_NOUN	3454
hat_NUM	3453
vonatkozik_SYM	3452
képest_ADP	3451
termelés_NOUN	3450
előterjesztő_NOUN	3449
következõ_ADJ	3448
lehetséges_ADJ	3447
jövő_ADJ	3446
téma_NOUN	3445
jövedelem_NOUN	3444
19_NUM	3443
múlt_ADJ	3442
egyház_NOUN	3441
dolgozó_ADJ	3440
szabályoz_SYM	3439
tétel_NOUN	3438
benyújtott_ADJ	3437
13_NUM	3436
Infláció_NOUN	3435
1997_NUM	3434
általában_ADV	3433
1_bekezdés_NOUN	3432
kárpótlás_NOUN	3431
bizottsági_ADJ	3430
nyilvánvalóan_ADJ	3429
nyugdíjas_ADJ	3428
lakás_NOUN	3427
kárpótlási_ADJ	3426
vezet_SYM	3425
elfogadhatatlan_ADJ	3424
szabó_NOUN	3423
alacsony_ADJ	3422
kormánypárt_sor_NOUN	3421
jobban_ADV	3420
határozati_javaslat_NOUN	3419
követelmény_NOUN	3418
meghatároz_SYM	3417
évtized_NOUN	3416
város_NOUN	3415
ma_már_ADV	3414
vállalat_NOUN	3413
hazai_ADJ	3412
megold_PRON	3411
anyag_NOUN	3410
egyre_ADV	3409
ital_NOUN	3408
körülmény_NOUN	3407
oda_ADV	3406
négy_NUM	3405
ismert_ADJ	3404
eddigi_ADJ	3403
Magyar_Igazság_és_Élet_Pártja_SYM	3402
lényeges_ADJ	3401
minél_ADV	3400
felé_ADP	3399
megfelelõen_ADJ	3398
össze_ADV	3397
alapvetõ_NOUN	3396
mindaz_PRON	3395
tudniillik_CONJ	3394
nyilvánosság_NOUN	3393
elképzelés_NOUN	3392
amelyik_PRON	3391
megint_ADV	3390
biztonság_NOUN	3389
vizsgál_SYM	3388
éves_ADJ	3387
amennyiben_SCONJ	3386
Magyar_Demokrata_Fórum_PROPN	3385
100_NUM	3384
se_CONJ	3383
öt_NUM	3382
talál_SYM	3381
álló_ADJ	3380
ság_NOUN	3379
kezdeményez_SYM	3378
kialakítás_NOUN	3377
egyszerûen_ADJ	3376
õk_INTJ	3375
míg_ADV	3374
üzletrész_NOUN	3373
képviselõk_ADJ	3372
ugyanez_PRON	3371
25_NUM	3370
körülmény_között_ADJ	3369
án_NOUN	3368
először_ADV	3367
bevezetés_NOUN	3366
központi_ADJ	3365
úgy_érez_INTJ	3364
utóbbi_ADJ	3363
másrészt_ADV	3362
képes_ADJ	3361
emel_SYM	3360
növekedés_NOUN	3359
meghatározott_ADJ	3358
csoport_NOUN	3357
képviselõtársaim_NOUN	3356
lehetõség_NOUN	3355
kapott_SYM	3354
bal_oldal_NOUN	3353
jutott_SYM	3352
egészen_ADV	3351
erő_NOUN	3350
törvénymódosítás_NOUN	3349
ismét_ADV	3348
újra_ADV	3347
közvélemény_NOUN	3346
pályázat_NOUN	3345
csatlakozás_NOUN	3344
feltétlenül_ADV	3343
meghallgat_SYM	3342
elõször_ADV	3341
gazdálkodás_NOUN	3340
mondat_NOUN	3339
többször_ADV	3338
fő_ADJ	3337
tapasztalat_NOUN	3336
hölgy_NOUN	3335
utána_PRON	3334
folyik_SYM	3333
szolgálat_NOUN	3332
remél_SYM	3331
harmadik_ADJ	3330
mezõgazdaság_NOUN	3329
biztosítás_NOUN	3328
hatály_NOUN	3327
jelentkezett_SYM	3326
régi_ADJ	3325
jogosult_ADJ	3324
közben_ADV	3323
testület_NOUN	3322
díj_NOUN	3321
államtitkár_NOUN	3320
hív_SYM	3319
képviselõi_ADJ	3318
hol_ADV	3317
mai_nap_ADV	3316
hatóság_NOUN	3315
felhasználás_NOUN	3314
rámutat_SYM	3313
réteg_NOUN	3312
közötti_ADJ	3311
rendez_SYM	3310
00_NUM	3309
ment_SYM	3308
kétperces_ADJ	3307
rendezés_NOUN	3306
lényeg_lényég_ADJ	3305
elmondott_ADJ	3304
elérik_elér_ADJ	3303
ismertet_SYM	3302
föl_ADV	3301
hitel_NOUN	3300
Bauer_Tamás_PROPN	3299
60_NUM	3298
személyi_ADJ	3297
nyilvántartás_NOUN	3296
utolsó_ADJ	3295
ferenc_ADJ	3294
területfejlesztési_ADJ	3293
ezer_forint_ADV	3292
illetékes_ADJ	3291
nyilatkozat_NOUN	3290
határozathozatal_NOUN	3289
elfogad_e_ADJ	3288
reform_NOUN	3287
veszély_NOUN	3286
rögtön_ADV	3285
kapcsolatosan_ADJ	3284
Bor_PROPN	3283
legalábbis_ADV	3282
jön_SYM	3281
kezelés_NOUN	3280
várható_ADJ	3279
figyelem_vesz_NOUN	3278
víz_NOUN	3277
kifejezés_NOUN	3276
amint_ADV	3275
összefüggés_NOUN	3274
családi_ADJ	3273
meghatározás_NOUN	3272
törvényi_ADJ	3271
ágazat_NOUN	3270
tervezett_ADJ	3269
határoz_SYM	3268
európa_ADJ	3267
megvalósítás_NOUN	3266
van_szükség_NOUN	3265
nek_NOUN	3264
piaci_ADJ	3263
hatalmas_ADJ	3262
folyt_SYM	3261
lévő_ADJ	3260
andrás_ADJ	3259
mikor_ADV	3258
még_egyszer_ADV	3257
ide_ADV	3256
1998_NUM	3255
kénytelen_ADJ	3254
valamilyen_PRON	3253
látszik_SYM	3252
kétperces_felszólalás_NOUN	3251
egyetem_NOUN	3250
cég_NOUN	3249
engedély_NOUN	3248
magatartás_NOUN	3247
bíró_NOUN	3246
sors_NOUN	3245
környezet_NOUN	3244
különbség_NOUN	3243
1992_NUM	3242
nyilvánvaló_ADJ	3241
javasolt_ADJ	3240
1991_NUM	3239
történelmi_ADJ	3238
szöveg_NOUN	3237
vagyis_CONJ	3236
semmiféle_PRON	3235
Szovjetunió_PROPN	3234
Rendszerváltás_Magyarországon_PROPN	3233
megfelelően_ADJ	3232
oly_PRON	3231
1996_NUM	3230
megkocogtatás_jelez_NOUN	3229
tb_INTJ	3228
hatékony_ADJ	3227
1994_NUM	3226
egyben_ADV	3225
vezetés_NOUN	3224
természetes_ADJ	3223
igazán_ADV	3222
alkalmaz_SYM	3221
kerülhet_SYM	3220
nem_ellenében_NOUN	3219
megtesz_SYM	3218
egyetlenegy_NUM	3217
megjegyzés_NOUN	3216
azaz_CONJ	3215
különös_ADJ	3214
határoz_meg_INTJ	3213
valóság_NOUN	3212
mintha_SCONJ	3211
von_SYM	3210
továbbra_is_NOUN	3209
1990_NUM	3208
sokan_ADV	3207
katonai_ADJ	3206
szerződés_NOUN	3205
önálló_ADJ	3204
oktatás_NOUN	3203
miklós_ADJ	3202
mostani_ADJ	3201
belügyminiszter_NOUN	3200
ának_NOUN	3199
akkori_ADJ	3198
követ_SYM	3197
as_VERB	3196
beszélt_SYM	3195
röviden_ADJ	3194
hektár_NOUN	3193
változtatás_NOUN	3192
eredeti_ADJ	3191
biztosított_ADJ	3190
említ_SYM	3189
okoz_SYM	3188
előző_ADJ	3187
Köztársasági_elnök_NOUN	3186
törekvés_NOUN	3185
növel_SYM	3184
hozott_ADJ	3183
mondott_SYM	3182
õket_NOUN	3181
zsolt_ADJ	3180
soha_ADV	3179
megjegyez_SYM	3178
rendkívüli_ADJ	3177
ot_ADV	3176
bízik_bíz_NOUN	3175
szakember_NOUN	3174
elõterjesztés_NOUN	3173
éppen_ezért_NOUN	3172
emlékeztet_SYM	3171
indokol_SYM	3170
kezel_SYM	3169
kérdéskör_NOUN	3168
köt_SYM	3167
érv_NOUN	3166
baj_NOUN	3165
öröm_NOUN	3164
esemény_NOUN	3163
1993_NUM	3162
munkanélküli_NOUN	3161
szíveskedik_SYM	3160
szerinti_ADJ	3159
számol_SYM	3158
kialakult_ADJ	3157
megszüntetés_NOUN	3156
sokszor_ADV	3155
mondtam_SYM	3154
lehetõvé_ADJ	3153
szabadság_NOUN	3152
egyértelmû_ADJ	3151
változtat_SYM	3150
nevez_SYM	3149
felszólaló_ADJ	3148
magyarország_ADJ	3147
miniszterelnök_NOUN	3146
emelés_NOUN	3145
érez_SYM	3144
ír_ADJ	3143
csökkentés_NOUN	3142
elfogadható_ADJ	3141
élõ_NOUN	3140
igényel_SYM	3139
Kommunizmus_PROPN	3138
helyez_SYM	3137
beterjesztett_ADJ	3136
használat_NOUN	3135
idõ_letelt_ADJ	3134
megfelel_SYM	3133
foglalt_ADJ	3132
ra_NOUN	3131
hozzájárulás_NOUN	3130
elfogadott_ADJ	3129
indoklás_NOUN	3128
szépen_ADJ	3127
hallgat_SYM	3126
katona_NOUN	3125
géza_NOUN	3124
polgár_NOUN	3123
elmúlt_év_ADJ	3122
beteg_ADJ	3121
hatósági_ADJ	3120
összes_ADJ	3119
időszak_NOUN	3118
nyújt_SYM	3117
old_SYM	3116
létrehozás_NOUN	3115
jogos_ADJ	3114
terjeszt_SYM	3113
vidéki_ADJ	3112
hallik_hall_NOUN	3111
módszer_NOUN	3110
összhang_NOUN	3109
követõen_ADJ	3108
lezár_ADJ	3107
gyimóthy_ADJ	3106
hatályos_ADJ	3105
finanszírozás_NOUN	3104
képviselõtársunk_SYM	3103
én_szerint_ADV	3102
miként_ADV	3101
kötelesség_NOUN	3100
fordít_SYM	3099
persze_ADV	3098
tekintve_ADV	3097
tájékoztat_SYM	3096
mélyen_ADJ	3095
közlekedési_ADJ	3094
sajnálatos_mód_NOUN	3093
örül_SYM	3092
kapcsolódó_ADJ	3091
érdemes_ADJ	3090
lép_SYM	3089
21_NUM	3088
keres_SYM	3087
1999_NUM	3086
elõre_ADJ	3085
tartani_SYM	3084
ellenőrzés_NOUN	3083
azonos_ADJ	3082
adott_eset_ADJ	3081
széles_ADJ	3080
vonatkozóan_ADJ	3079
Kisebbség_NOUN	3078
hozzászólás_NOUN	3077
kormánypárti_ADJ	3076
mezőgazdasági_ADJ	3075
elsősorban_ADV	3074
fenntartás_NOUN	3073
tartozó_ADJ	3072
késõbb_ADJ	3071
ügyész_NOUN	3070
amire_PRON	3069
tiszta_ADJ	3068
tehet_SYM	3067
ek_ADV	3066
kft_NOUN	3065
Balaton_PROPN	3064
garancia_NOUN	3063
köteles_ADJ	3062
egyházi_ADJ	3061
fele_NOUN	3060
hiányosság_NOUN	3059
kisebbség_NOUN	3058
polgármester_NOUN	3057
sor_következik_SYM	3056
maradt_SYM	3055
szólt_SYM	3054
nézve_ADP	3053
bármily_ADJ	3052
épít_SYM	3051
emberi_ADJ	3050
lenni_SYM	3049
aztán_ADV	3048
tartalom_NOUN	3047
kovács_NOUN	3046
hátrányos_ADJ	3045
sikerült_SYM	3044
csinál_SYM	3043
információ_NOUN	3042
tagság_NOUN	3041
televízió_NOUN	3040
fenti_ADJ	3039
minisztériumi_államtitkár_NOUN	3038
tetszik_SYM	3037
vitat_SYM	3036
követi_SYM	3035
megfogalmazás_NOUN	3034
együttes_ADJ	3033
tájékoztatás_NOUN	3032
kifejezetten_ADJ	3031
k_NOUN	3030
22_NUM	3029
elõtti_ADJ	3028
folyamatosan_ADJ	3027
fogad_SYM	3026
elő_ADV	3025
létszám_NOUN	3024
működés_NOUN	3023
adta_SYM	3022
senki_sem_ADV	3021
csengő_megkocogtatás_NOUN	3020
ipari_ADJ	3019
idõben_NOUN	3018
több_között_ADJ	3017
megkap_SYM	3016
h_SCONJ	3015
lehetõsége_NOUN	3014
felügyelet_NOUN	3013
bárki_PRON	3012
legfõbb_ADJ	3011
neki_PRON	3010
indítványoz_SYM	3009
területi_ADJ	3008
holott_ADJ	3007
budapest_ADJ	3006
többet_NUM	3005
befejez_SYM	3004
sajtó_NOUN	3003
semmilyen_PRON	3002
annyira_ADV	3001
elleni_ADJ	3000
elnézés_kér_NOUN	2999
azóta_ADV	2998
foglal_SYM	2997
választási_ADJ	2996
felvetés_NOUN	2995
ezelõtt_ADJ	2994
országgyűlési_határozati_ADJ	2993
csökken_SYM	2992
lényeg_NOUN	2991
mondhat_SYM	2990
hivatkozott_ADJ	2989
3_bekezdés_NOUN	2988
látni_SYM	2987
tamás_ADJ	2986
ig_NOUN	2985
állt_SYM	2984
jegyző_NOUN	2983
képviselőcsoport_NOUN	2982
Európa_PROPN	2981
nyom_NOUN	2980
tíz_NUM	2979
élelmiszer_NOUN	2978
bírósági_ADJ	2977
alkalmazás_NOUN	2976
tartott_ADJ	2975
Népszavazás_NOUN	2974
járulék_NOUN	2973
Szent_PROPN	2972
kapta_kéz_NOUN	2971
számít_SYM	2970
tényleg_ADV	2969
megteremtés_NOUN	2968
honvédség_NOUN	2967
mégpedig_CONJ	2966
reagál_SYM	2965
valójában_ADV	2964
jelzés_NOUN	2963
pillanat_NOUN	2962
felelősség_NOUN	2961
élő_ADJ	2960
részletes_ADJ	2959
indok_NOUN	2958
megszüntet_SYM	2957
termelő_ADJ	2956
történelem_NOUN	2955
hiába_ADV	2954
rögzít_SYM	2953
70_NUM	2952
csaba_NOUN	2951
90_NUM	2950
gazdálkodó_ADJ	2949
pozitív_ADJ	2948
épület_NOUN	2947
kulturális_ADJ	2946
évi_költségvetés_NOUN	2945
függetlenül_ADJ	2944
pál_NOUN	2943
kedvezmény_NOUN	2942
jellegû_ADJ	2941
lányi_ADJ	2940
bizonyít_SYM	2939
számomra_PRON	2938
gép_NOUN	2937
horn_NOUN	2936
nyugat_NOUN	2935
kiemel_SYM	2934
oktatási_ADJ	2933
nincsenek_SYM	2932
világos_ADJ	2931
kifejt_ADJ	2930
privatizációs_ADJ	2929
kiegészítés_NOUN	2928
pohár_NOUN	2927
Amerikai_Egyesült_Államok_PROPN	2926
mag_NOUN	2925
unió_NOUN	2924
személyes_ADJ	2923
tibor_NOUN	2922
képvisel_SYM	2921
lehetetlen_ADJ	2920
támogatott_ADJ	2919
tartózkodik_SYM	2918
egészségügy_NOUN	2917
alig_ADV	2916
áldozat_NOUN	2915
gyerek_NOUN	2914
miszerint_SCONJ	2913
molnár_NOUN	2912
véd_SYM	2911
belsõ_ADJ	2910
én_által_NOUN	2909
sőt_CONJ	2908
felszólalási_ADJ	2907
színvonal_NOUN	2906
akart_SYM	2905
olvas_ADJ	2904
homoki_ADJ	2903
országgyűlési_ADJ	2902
megalkotás_NOUN	2901
horváth_NOUN	2900
gyula_NOUN	2899
előbb_ADV	2898
régió_NOUN	2897
megjelent_ADJ	2896
fejlesztési_ADJ	2895
helyesen_ADJ	2894
nehezen_ADJ	2893
beszéd_NOUN	2892
szem_NOUN	2891
képez_SYM	2890
állásfoglalás_NOUN	2889
bele_PRON	2888
nyújtott_be_INTJ	2887
képviselői_NOUN	2886
bírói_ADJ	2885
köztársaság_NOUN	2884
re_NOUN	2883
márpedig_CONJ	2882
alkotmányos_ADJ	2881
működik_SYM	2880
szerzõdés_NOUN	2879
jegyez_ADJ	2878
egyéni_ADJ	2877
véleményét_NOUN	2876
valóságos_ADJ	2875
elõzõ_ADJ	2874
előadó_NOUN	2873
levél_NOUN	2872
teljesítés_NOUN	2871
közvetlen_ADJ	2870
tartózkodás_NOUN	2869
nézet_NOUN	2868
kiemelt_ADJ	2867
paragrafus_NOUN	2866
moraj_NOUN	2865
mire_ADV	2864
enged_SYM	2863
esik_SYM	2862
nyugati_ADJ	2861
ismételten_ADJ	2860
csengõ_NOUN	2859
teljesít_SYM	2858
kizárólag_ADV	2857
hadsereg_NOUN	2856
csomag_NOUN	2855
hang_NOUN	2854
tényleges_ADJ	2853
munkahely_NOUN	2852
lajos_ADJ	2851
március_NOUN	2850
beszámoló_NOUN	2849
benyújtás_NOUN	2848
visz_SYM	2847
érdekelt_ADJ	2846
fõ_INTJ	2845
Munkanélküliség_NOUN	2844
erkölcsi_ADJ	2843
válság_NOUN	2842
járt_SYM	2841
világosan_ADJ	2840
terhel_SYM	2839
utalt_SYM	2838
Jogállam_PROPN	2837
köz_NOUN	2836
ész_NOUN	2835
Energia_NOUN	2834
részlet_NOUN	2833
ában_NOUN	2832
ugye_ADV	2831
Kapitalizmus_NOUN	2830
miközben_ADV	2829
alkot_SYM	2828
felvet_SYM	2827
egyezmény_NOUN	2826
vet_SYM	2825
társaság_NOUN	2824
300_NUM	2823
technikai_ADJ	2822
meghatározó_ADJ	2821
befejezés_NOUN	2820
körében_NOUN	2819
vitatkozik_SYM	2818
egység_NOUN	2817
követően_ADJ	2816
többen_NUM	2815
nos_INTJ	2814
visszaélés_NOUN	2813
juttatás_NOUN	2812
veszteség_NOUN	2811
közép_NOUN	2810
egyaránt_ADV	2809
kormánypárt_NOUN	2808
isten_NOUN	2807
80_NUM	2806
tömeg_NOUN	2805
közvetlenül_ADJ	2804
kormánypárt_padsor_NOUN	2803
fogva_ADP	2802
kormányprogram_NOUN	2801
kultúra_NOUN	2800
számú_törvényjavaslat_NOUN	2799
körül_ADP	2798
írás_NOUN	2797
Ombudsman_PROPN	2796
tudott_SYM	2795
eleje_NOUN	2794
tudományos_ADJ	2793
jövõ_ADJ	2792
kifogás_NOUN	2791
fogalom_NOUN	2790
teszem_fel_NUM	2789
ám_CONJ	2788
orvos_NOUN	2787
jelleg_NOUN	2786
szerez_SYM	2785
átmeneti_ADJ	2784
szövetség_NOUN	2783
módosít_SYM	2782
még_mindig_ADV	2781
megenged_SYM	2780
kórház_NOUN	2779
mûködõ_ADJ	2778
kálmán_ADJ	2777
található_ADJ	2776
veszélyes_ADJ	2775
megszavaz_SYM	2774
érkezett_SYM	2773
elnézés_NOUN	2772
nyilatkozik_SYM	2771
számítás_NOUN	2770
javaslom_SYM	2769
érdemi_ADJ	2768
Budapest_PROPN	2767
fizetés_NOUN	2766
földmûvelésügyi_ADJ	2765
közigazgatási_ADJ	2764
háttér_NOUN	2763
kezdeményezés_NOUN	2762
sorol_SYM	2761
gyõriványi_ADJ	2760
kérés_NOUN	2759
megvan_SYM	2758
tervez_SYM	2757
alelnök_NOUN	2756
gondolt_SYM	2755
szegény_ADJ	2754
mindenekelõtt_ADJ	2753
mikrofon_NOUN	2752
tárgyal_SYM	2751
Tej_PROPN	2750
jogkör_NOUN	2749
kereskedelmi_ADJ	2748
rétég_NOUN	2747
haszon_NOUN	2746
24_NUM	2745
ellentét_NOUN	2744
35_NUM	2743
vállal_NOUN	2742
közösség_NOUN	2741
fegyveres_ADJ	2740
figyel_SYM	2739
egyszerû_ADJ	2738
idegen_ADJ	2737
kivétel_NOUN	2736
ellenzéki_párt_ADJ	2735
kávássy_ADJ	2734
mûködik_ADJ	2733
szolgáló_ADJ	2732
épp_ADV	2731
sért_SYM	2730
önt_PRON	2729
Államháztartás_NOUN	2728
vidékfejlesztési_miniszter_NOUN	2727
Tisza_PROPN	2726
képviselõtársak_ADJ	2725
építés_NOUN	2724
módosítani_SYM	2723
alapvető_ADJ	2722
tûnik_NOUN	2721
átalakítás_NOUN	2720
valamiféle_PRON	2719
lét_NOUN	2718
gyors_ADJ	2717
tar_ADJ	2716
semmiképpen_ADV	2715
kis_zoltán_ADV	2714
500_NUM	2713
számunkra_PRON	2712
megtörtént_ADJ	2711
vidékfejlesztési_ADJ	2710
legfeljebb_ADV	2709
lényegesen_ADJ	2708
év_alatt_ADV	2707
kérelem_NOUN	2706
ül_SYM	2705
megemlít_SYM	2704
esetleges_ADJ	2703
balázs_NOUN	2702
vezető_ADJ	2701
ellentétes_ADJ	2700
juttat_SYM	2699
lehető_ADJ	2698
érvényesül_SYM	2697
magán_ADJ	2696
megért_SYM	2695
károly_ADJ	2694
94_NUM	2693
született_SYM	2692
törvényes_ADJ	2691
nincsen_SYM	2690
jogosítvány_NOUN	2689
ismeretes_ADJ	2688
aggály_NOUN	2687
keller_lászló_NOUN	2686
szép_ADJ	2685
november_NOUN	2684
terem_NOUN	2683
ítélet_NOUN	2682
részletesen_ADJ	2681
ciklus_NOUN	2680
illetően_ADJ	2679
Kovács_Béla_NOUN	2678
fedezet_NOUN	2677
ajánl_SYM	2676
1908_ADJ	2675
forgalom_NOUN	2674
értékel_SYM	2673
eltelt_ADJ	2672
lehetõségét_NOUN	2671
kötött_ADJ	2670
teljes_mérték_NOUN	2669
sérelem_NOUN	2668
mindenféle_PRON	2667
Környezetvédelem_PROPN	2666
alapelv_NOUN	2665
vezérszónok_NOUN	2664
kárpótlási_jegy_NUM	2663
200_NUM	2662
talált_SYM	2661
kötelező_ADJ	2660
alkotmányügyi_bizottság_NOUN	2659
készült_ADJ	2658
terjesztet_NOUN	2657
28_NUM	2656
száz_NUM	2655
évente_ADV	2654
fogalma_NOUN	2653
áru_NOUN	2652
indult_SYM	2651
tisztességes_ADJ	2650
kamarai_ADJ	2649
támogatási_ADJ	2648
korlátozás_NOUN	2647
létezik_létez_ADJ	2646
hív_fel_NUM	2645
úgyhogy_CONJ	2644
ténylegesen_ADJ	2643
23_NUM	2642
Ii_család_PROPN	2641
et_VERB	2640
illetőleg_CONJ	2639
kívánt_ADJ	2638
ti_PRON	2637
indul_SYM	2636
állandó_ADJ	2635
egyeztetés_NOUN	2634
születik_SYM	2633
igazság_NOUN	2632
megmond_PRON	2631
Románia_PROPN	2630
büntetés_NOUN	2629
méltóság_NOUN	2628
felmerült_ADJ	2627
létrehoz_SYM	2626
igazságügyi_ADJ	2625
javítás_NOUN	2624
alakult_ki_NOUN	2623
május_NOUN	2622
alkalmazott_ADJ	2621
Búza_PROPN	2620
készít_SYM	2619
december_NOUN	2618
sport_NOUN	2617
melyik_PRON	2616
kormánypárti_padsor_NOUN	2615
Magyar_nyelv_PROPN	2614
beterjesztés_NOUN	2613
megítélés_NOUN	2612
összesen_ADV	2611
érdekes_ADJ	2610
Németország_PROPN	2609
megnyugtató_ADJ	2608
állapít_meg_INTJ	2607
védelmi_ADJ	2606
stb_NOUN	2605
gyakorlati_ADJ	2604
alól_ADP	2603
jövõben_NOUN	2602
megközelítés_NOUN	2601
igyekszik_SYM	2600
biztosító_ADJ	2599
közé_ADP	2598
konkrétan_ADJ	2597
fõleg_ADJ	2596
fontos_tart_AUX	2595
indokolás_NOUN	2594
képzés_NOUN	2593
gondolkodik_SYM	2592
eleve_ADV	2591
ápv_ADJ	2590
szereplő_ADJ	2589
pontos_ADJ	2588
június_NOUN	2587
kötelezõ_ADJ	2586
kuncze_ADJ	2585
növelés_NOUN	2584
rendelkezõ_NOUN	2583
látható_ADJ	2582
vagyoni_ADJ	2581
elvárás_NOUN	2580
üzem_NOUN	2579
másodperc_NOUN	2578
27_NUM	2577
felszámolás_NOUN	2576
csökkenés_NOUN	2575
fenn_ADV	2574
turi_ADJ	2573
irányítás_NOUN	2572
felelõs_ADJ	2571
2001_PROPN	2570
alkotmány_NOUN	2569
folyamatos_ADJ	2568
értékelés_NOUN	2567
házbizottság_NOUN	2566
rosszul_ADJ	2565
falu_NOUN	2564
valódi_ADJ	2563
rendelkezés_álló_ADJ	2562
hány_PRON	2561
kategória_NOUN	2560
bér_NOUN	2559
miniszteri_ADJ	2558
Feketegazdaság_PROPN	2557
szerencsés_ADJ	2556
esély_NOUN	2555
tóth_NOUN	2554
napirendi_pont_NOUN	2553
ó_INTJ	2552
egyedül_ADV	2551
helyi_önkormányzat_NOUN	2550
ugyanúgy_ADV	2549
vizsgálóbizottság_NOUN	2548
kapta_SYM	2547
összesség_NOUN	2546
azonnal_ADV	2545
nélküli_ADJ	2544
méltó_ADJ	2543
kiegészítő_ajánlás_NOUN	2542
meggyőződés_NOUN	2541
önkéntes_ADJ	2540
kellõ_ADJ	2539
folyó_ADJ	2538
kevésbé_ADV	2537
fejlett_ADJ	2536
szellemi_ADJ	2535
járó_ADJ	2534
súly_NOUN	2533
gyakorol_SYM	2532
remény_NOUN	2531
szigorú_ADJ	2530
elõterjesztett_ADJ	2529
szervezett_ADJ	2528
Kereszténydemokrata_Néppárt_PROPN	2527
másfél_NUM	2526
mindkét_NUM	2525
felszólal_SYM	2524
regionális_ADJ	2523
mer_SYM	2522
aláírás_NOUN	2521
valaki_felszólal_NOUN	2520
megtisztelő_figyelem_INTJ	2519
Statisztika_PROPN	2518
pénzügyminisztérium_NOUN	2517
megjelenik_SYM	2516
negatív_ADJ	2515
határozott_ADJ	2514
felmerül_SYM	2513
előirányzat_NOUN	2512
tárgyalt_SYM	2511
döntött_SYM	2510
konszenzus_NOUN	2509
gyakran_ADV	2508
szíves_ADJ	2507
duna_ADJ	2506
átfogó_ADJ	2505
kiegészít_SYM	2504
hajlandó_ADJ	2503
milliós_ADJ	2502
jogszabályi_ADJ	2501
fejlődés_NOUN	2500
ígéret_NOUN	2499
kormányrendelet_NOUN	2498
hír_NOUN	2497
nehézség_NOUN	2496
alatti_ADJ	2495
állomány_NOUN	2494
elad_SYM	2493
vincze_ADJ	2492
értékesítés_NOUN	2491
figyelembevétel_NOUN	2490
hátrány_NOUN	2489
merül_SYM	2488
média_NOUN	2487
on_INTJ	2486
szervezeti_ADJ	2485
minimális_ADJ	2484
eredményez_SYM	2483
31_NUM	2482
akadály_NOUN	2481
országgyûlésnek_NOUN	2480
felülvizsgálat_NOUN	2479
külföld_NOUN	2478
használt_ADJ	2477
határidő_NOUN	2476
milliárdos_ADJ	2475
Fogyasztó_PROPN	2474
4_bekezdés_NOUN	2473
négy_év_INTJ	2472
valós_ADJ	2471
állami_tulajdon_INTJ	2470
fordul_SYM	2469
végrehajtási_ADJ	2468
jogosultság_NOUN	2467
nyelv_NOUN	2466
figyelmeztet_SYM	2465
Horn_Gyula_INTJ	2464
jövedéki_ADJ	2463
veszélyeztet_SYM	2462
időkeret_NOUN	2461
elutasít_SYM	2460
elõterjesztést_NOUN	2459
kapcsolódik_kapcsolód_NOUN	2458
akarat_NOUN	2457
hivatkozás_NOUN	2456
adósság_NOUN	2455
ellentmondás_NOUN	2454
állás_NOUN	2453
ról_NOUN	2452
abba_PRON	2451
földalap_NOUN	2450
valahogy_ADV	2449
b_NOUN	2448
kritika_NOUN	2447
kedves_ADJ	2446
sajnálatos_ADJ	2445
kiváló_ADJ	2444
benyújt_SYM	2443
hálózat_NOUN	2442
fvm_NOUN	2441
szomorú_ADJ	2440
jelölt_ADJ	2439
havi_ADJ	2438
elismerés_NOUN	2437
egyértelműen_ADJ	2436
különféle_ADJ	2435
vállalt_ADJ	2434
változat_NOUN	2433
megalapozott_ADJ	2432
felsorol_SYM	2431
igazol_SYM	2430
hallott_SYM	2429
1989_NUM	2428
siker_NOUN	2427
felmérés_NOUN	2426
szerzõdést_NOUN	2425
szerkezet_NOUN	2424
kormányzó_párt_ADJ	2423
képesség_NOUN	2422
célszerû_NOUN	2421
állandóan_ADJ	2420
előterjesztés_t_ADJ	2419
képviselõtársaimat_NOUN	2418
választópolgár_NOUN	2417
megfogalmazott_ADJ	2416
rott_ADJ	2415
kénytelen_vagyok_NOUN	2414
lakos_ADJ	2413
birtok_NOUN	2412
egyetemi_ADJ	2411
96_NUM	2410
végrehajt_SYM	2409
felvetett_ADJ	2408
átalakulás_NOUN	2407
rendkívül_fontos_ADJ	2406
szolgálati_ADJ	2405
választ_NOUN	2404
természeti_ADJ	2403
nándor_ADJ	2402
ipar_NOUN	2401
feszültség_NOUN	2400
láthat_SYM	2399
rendõrség_NOUN	2398
forintos_ADJ	2397
később_ADV	2396
kép_NOUN	2395
megnéz_SYM	2394
képviselõcsoportja_NOUN	2393
javít_SYM	2392
felsorolt_ADJ	2391
95_NUM	2390
címzett_ADJ	2389
túlmenõen_ADJ	2388
45_NUM	2387
érvényes_ADJ	2386
történet_NOUN	2385
földterület_NOUN	2384
lassan_ADJ	2383
termelõk_ADJ	2382
közlekedés_NOUN	2381
felállítás_NOUN	2380
filozófus_NOUN	2379
földtulajdon_NOUN	2378
megvalósít_SYM	2377
tonna_NOUN	2376
elõterjesztõ_ADJ	2375
megnyit_SYM	2374
hack_NOUN	2373
ráadás_NOUN	2372
vízügyi_ADJ	2371
mennyiség_NOUN	2370
hosszú_táv_NOUN	2369
egyértelmű_ADJ	2368
csatlakozik_csatlakoz_NOUN	2367
felesleges_ADJ	2366
irányelv_NOUN	2365
tíz_év_NOUN	2364
na_INTJ	2363
fajta_ADJ	2362
zár_ADJ	2361
tulajdoni_ADJ	2360
érvény_NOUN	2359
messze_ADV	2358
tartozás_NOUN	2357
sajnál_SYM	2356
koalíciós_ADJ	2355
korlátoz_SYM	2354
jelenthet_SYM	2353
megfogalmaz_SYM	2352
pozíció_NOUN	2351
tárgyalj_NOUN	2350
intézet_NOUN	2349
emellett_ADV	2348
termelési_ADJ	2347
valahol_ADV	2346
sújt_SYM	2345
ettõl_ADJ	2344
ház_elé_ADV	2343
megvizsgál_SYM	2342
bizottság_előadó_ADJ	2341
újság_NOUN	2340
század_NOUN	2339
per_NOUN	2338
tegnap_ADV	2337
demokrácia_NOUN	2336
érvényesít_SYM	2335
ász_NOUN	2334
nyújt_be_INTJ	2333
előírás_NOUN	2332
ezen_belül_ADV	2331
kezdet_NOUN	2330
ezáltal_ADV	2329
kívülálló_NOUN	2328
jogalkotás_NOUN	2327
mégiscsak_ADV	2326
akadályoz_SYM	2325
gondoskodik_SYM	2324
követel_SYM	2323
lejárt_ADJ	2322
gabriella_PROPN	2321
érintõ_ADJ	2320
képviselet_NOUN	2319
keletkezett_ADJ	2318
milliárd_forintos_ADJ	2317
helyettes_ADJ	2316
típusú_ADJ	2315
elvi_ADJ	2314
képtelen_ADJ	2313
élt_SYM	2312
kidolgozás_NOUN	2311
zavar_NOUN	2310
vezetõ_NOUN	2309
megállapítható_ADJ	2308
hatpárti_ADJ	2307
tévedés_NOUN	2306
egyetértés_NOUN	2305
mûszaki_ADJ	2304
lista_NOUN	2303
pedagógus_NOUN	2302
terjeszt_elõ_NOUN	2301
Varga_Mihály_NOUN	2300
alapvetõen_NOUN	2299
Szűz_Mária_PROPN	2298
kijelent_SYM	2297
osztály_NOUN	2296
anélkül_ADV	2295
követelés_NOUN	2294
épül_SYM	2293
olcsó_ADJ	2292
megteremt_SYM	2291
területfejlesztés_NOUN	2290
győző_NOUN	2289
róbert_NOUN	2288
kifogásol_SYM	2287
egyszerű_ADJ	2286
elég_eléggé_NOUN	2285
Pszichoaktív_szer_NOUN	2284
gyorsan_ADJ	2283
rév_NOUN	2282
hagyomány_NOUN	2281
speciális_ADJ	2280
fenntart_SYM	2279
Ausztria_PROPN	2278
koalíció_NOUN	2277
hivatalos_ADJ	2276
nyolc_NUM	2275
bocsánat_NOUN	2274
bocsát_SYM	2273
29_NUM	2272
zsikla_ADJ	2271
szavazni_SYM	2270
jelenség_NOUN	2269
szlovák_ADJ	2268
szolgáltató_ADJ	2267
szokik_SYM	2266
áron_NOUN	2265
kitér_SYM	2264
igazi_ADJ	2263
rendelkező_ADJ	2262
oszt_CONJ	2261
eredményes_ADJ	2260
Gyula_PROPN	2259
százezer_NUM	2258
26_NUM	2257
ág_NOUN	2256
legutóbb_ADV	2255
számvevõszék_NOUN	2254
hiányzik_SYM	2253
külső_ADJ	2252
döntõ_NOUN	2251
bejelentés_NOUN	2250
január_1_NOUN	2249
kifizetés_NOUN	2248
állítás_NOUN	2247
készül_SYM	2246
stratégiai_ADJ	2245
úgy_ítél_INTJ	2244
céloz_SYM	2243
kor_NOUN	2242
lap_NOUN	2241
folyam_NOUN	2240
funkció_NOUN	2239
megkér_SYM	2238
ellát_SYM	2237
környék_NOUN	2236
hatalmi_ADJ	2235
régen_ADV	2234
export_NOUN	2233
fontosság_NOUN	2232
megváltoztat_PRON	2231
visszavon_SYM	2230
jellegű_ADJ	2229
hegyi_ADJ	2228
alapítvány_NOUN	2227
mögött_ADP	2226
nehéz_helyzet_NOUN	2225
utca_NOUN	2224
tímár_NOUN	2223
kötelez_SYM	2222
távol_ADV	2221
áll_rendelkezés_NOUN	2220
lezárás_NOUN	2219
szükségesség_NOUN	2218
ismétel_SYM	2217
Község_PROPN	2216
utalás_NOUN	2215
Kékkő_PROPN	2214
emiatt_ADV	2213
hivatásos_ADJ	2212
következett_SYM	2211
visszatér_SYM	2210
körüli_ADJ	2209
hoz_lét_NOUN	2208
tól_NOUN	2207
göndör_istván_ADV	2206
Kereszténység_PROPN	2205
megélhetés_NOUN	2204
szenved_SYM	2203
szakma_NOUN	2202
részesül_SYM	2201
jogállás_NOUN	2200
másik_oldal_NUM	2199
befolyásol_SYM	2198
zárószavazás_NOUN	2197
hasonlóan_ADJ	2196
vétel_NOUN	2195
vehet_SYM	2194
irányuló_ADJ	2193
struktúra_NOUN	2192
idõt_ADJ	2191
Korrupció_NOUN	2190
munkaügyi_ADJ	2189
150_NUM	2188
felzúdulás_NOUN	2187
felszólalás_jelentkezett_ADJ	2186
felül_ADV	2185
400_NUM	2184
ügyvéd_NOUN	2183
megköszön_SYM	2182
ő_által_NOUN	2181
kifejtett_ADJ	2180
hangzott_el_NOUN	2179
fogyasztás_NOUN	2178
törvénysértés_NOUN	2177
takács_NOUN	2176
igyekezik_SYM	2175
biztosítási_ADJ	2174
betegség_NOUN	2173
építészet_NOUN	2172
szemlélet_NOUN	2171
fogalmaz_SYM	2170
paraszt_NOUN	2169
érik_ér_NOUN	2168
melléklet_NOUN	2167
számukra_PRON	2166
hangzik_SYM	2165
sic_NOUN	2164
emelkedik_SYM	2163
hirdet_NOUN	2162
Szlovákia_PROPN	2161
értelmezés_NOUN	2160
viszonylag_ADV	2159
idő_letelt_ADJ	2158
tölt_ADJ	2157
október_NOUN	2156
létrejött_ADJ	2155
reális_ADJ	2154
január_NOUN	2153
stratégia_NOUN	2152
várhatóan_ADJ	2151
600_NUM	2150
okozott_ADJ	2149
bír_SYM	2148
feltesz_SYM	2147
alakult_SYM	2146
szféra_NOUN	2145
szüntet_SYM	2144
rengeteg_NUM	2143
holnap_ADV	2142
visel_SYM	2141
kialakít_SYM	2140
jelenik_meg_INTJ	2139
frakcióvezetõ_ADJ	2138
közelmúlt_NOUN	2137
kelt_SYM	2136
varga_NOUN	2135
integráció_NOUN	2134
alapvetően_ADJ	2133
Általános_forgalmi_adó_ADJ	2132
központ_NOUN	2131
felett_ADP	2130
kijelentés_NOUN	2129
felelõsség_NOUN	2128
főleg_ADV	2127
Aranykorona_PROPN	2126
szünet_NOUN	2125
bármely_PRON	2124
elhagyás_NOUN	2123
átad_SYM	2122
verseny_NOUN	2121
Attila_hun_király_PROPN	2120
rendel_SYM	2119
mindannyian_PRON	2118
származó_ADJ	2117
Autópálya_PROPN	2116
kétségtelen_ADJ	2115
durva_ADJ	2114
komolyan_ADJ	2113
közösen_ADJ	2112
központi_költségvetés_NOUN	2111
drága_ADJ	2110
tartás_NOUN	2109
ér_SYM	2108
elõttünk_SYM	2107
témakör_NOUN	2106
nevelés_NOUN	2105
mulasztás_NOUN	2104
kaphat_SYM	2103
következtetés_NOUN	2102
költő_NOUN	2101
kedv_NOUN	2100
későbbi_ADJ	2099
Egészségügy_PROPN	2098
tilalom_NOUN	2097
amilyen_PRON	2096
tsz_NOUN	2095
ügyészség_NOUN	2094
amúgy_ADV	2093
kívánatos_ADJ	2092
szentgyörgyvölgyi_ADJ	2091
panasz_NOUN	2090
tendencia_NOUN	2089
ildikó_ADJ	2088
36_NUM	2087
fejt_SYM	2086
földtörvény_NOUN	2085
hatékonyság_NOUN	2084
ily_PRON	2083
tisztség_NOUN	2082
végzett_ADJ	2081
termel_SYM	2080
Szakszervezet_NOUN	2079
tulajdonosi_ADJ	2078
elõttem_SYM	2077
tervezés_NOUN	2076
emlékezik_emlékez_ADJ	2075
alakít_ADJ	2074
I_NOUN	2073
farkas_NOUN	2072
megpróbál_SYM	2071
szorul_SYM	2070
irat_NOUN	2069
üzleti_ADJ	2068
felhatalmazás_NOUN	2067
parasztság_NOUN	2066
többségi_ADJ	2065
vidékfejlesztés_NOUN	2064
elismer_SYM	2063
adhat_SYM	2062
mezõgazdaságban_NOUN	2061
jelzett_ADJ	2060
intézményrendszer_NOUN	2059
bevételi_ADJ	2058
teljes_egész_NOUN	2057
foglalkozó_ADJ	2056
támadás_NOUN	2055
értelmez_SYM	2054
utáni_ADJ	2053
Tulajdonjog_PROPN	2052
bevezet_SYM	2051
könyv_NOUN	2050
vitaszakasz_NOUN	2049
részvénytársaság_NOUN	2048
ismeret_NOUN	2047
elvégez_SYM	2046
majdnem_ADV	2045
tiltakozik_SYM	2044
hozzászól_SYM	2043
50_százalék_NOUN	2042
Kamat_NOUN	2041
szobrász_NOUN	2040
várt_ADJ	2039
hal_NOUN	2038
tisztáz_SYM	2037
jelentkező_ADJ	2036
változatlanul_ADJ	2035
gazdaságpolitika_NOUN	2034
mûködési_ADJ	2033
illik_SYM	2032
netán_ADV	2031
veszik_SYM	2030
igénybevétel_NOUN	2029
végsõ_NOUN	2028
fokozott_ADJ	2027
részarány_NOUN	2026
alábbi_ADJ	2025
éppúgy_ADV	2024
káros_ADJ	2023
Szent_Gellért_PROPN	2022
torgyán_NOUN	2021
bekövetkezett_ADJ	2020
hegedűs_NOUN	2019
természet_NOUN	2018
eljárási_ADJ	2017
mértékû_ADJ	2016
idõszakban_NOUN	2015
ülésnap_NOUN	2014
1997_ben_NOUN	2013
elképesztõ_ADJ	2012
megváltoztatás_NOUN	2011
biztosíték_NOUN	2010
segély_NOUN	2009
utasít_SYM	2008
mindannyi_ADJ	2007
jellemez_SYM	2006
ezután_ADV	2005
hasznosítás_NOUN	2004
mozgás_NOUN	2003
érintő_ADJ	2002
kar_NOUN	2001
bauer_ADJ	2000
ellenõrzés_NOUN	1999
pályázati_ADJ	1998
Államadósság_PROPN	1997
barát_NOUN	1996
plusz_ADJ	1995
tényállás_NOUN	1994
dokumentum_NOUN	1993
külügyminiszter_NOUN	1992
külügyi_ADJ	1991
kutatás_NOUN	1990
vásárol_SYM	1989
c_NOUN	1988
környezeti_ADJ	1987
módosításár_ADJ	1986
ütem_NOUN	1985
eltérés_NOUN	1984
súlyosan_ADJ	1983
lászlóné_ADJ	1982
tapasztal_SYM	1981
sürgős_ADJ	1980
technika_NOUN	1979
alapos_ADJ	1978
Izsó_Miklós_ADJ	1977
Franciaország_PROPN	1976
próbált_ADJ	1975
Mécs_Imre_NOUN	1974
Budapest_Bank_PROPN	1973
bizalom_NOUN	1972
leginkább_ADV	1971
ös_INTJ	1970
folyamatos_zaj_NOUN	1969
Törvény_NOUN	1968
konstrukció_NOUN	1967
Személyi_jövedelemadó_ADJ	1966
Bruttó_hazai_termék_NOUN	1965
végig_ADV	1964
elbírálás_NOUN	1963
hasznos_ADJ	1962
szintû_ADJ	1961
részvétel_NOUN	1960
ahogyan_ADV	1959
időtartam_NOUN	1958
változik_SYM	1957
zárszámadás_NOUN	1956
tavaly_ADV	1955
letelt_SYM	1954
átlag_NOUN	1953
felsorolás_NOUN	1952
norma_NOUN	1951
megakadályoz_ADV	1950
hibás_ADJ	1949
sikeres_ADJ	1948
elegendõ_ADJ	1947
említette_SYM	1946
február_NOUN	1945
mindenkori_ADJ	1944
33_NUM	1943
működő_ADJ	1942
magántulajdon_NOUN	1941
furcsa_ADJ	1940
vall_SYM	1939
állat_NOUN	1938
foglal_el_NOUN	1937
fejez_ki_NOUN	1936
elkövetett_ADJ	1935
jött_SYM	1934
elvonás_NOUN	1933
bonyolult_ADJ	1932
sajátos_ADJ	1931
Íván_INTJ	1930
módosított_ADJ	1929
alakul_SYM	1928
elvesz_SYM	1927
egyensúly_NOUN	1926
hagy_mond_INTJ	1925
szabályozási_ADJ	1924
akció_NOUN	1923
érvényesítés_NOUN	1922
fej_NOUN	1921
kilométer_NOUN	1920
keleti_ADJ	1919
bírság_NOUN	1918
tanuló_NOUN	1917
író_NOUN	1916
ellenzéki_oldal_NUM	1915
adózás_NOUN	1914
időkeret_letelt_ADJ	1913
normatív_ADJ	1912
kiderült_SYM	1911
földkiadó_ADJ	1910
jelöl_SYM	1909
orvosi_ADJ	1908
kizár_SYM	1907
lépett_SYM	1906
külsõ_ADJ	1905
cikk_NOUN	1904
jelentet_SYM	1903
szerzett_ADJ	1902
harc_NOUN	1901
vitanap_NOUN	1900
teljesítmény_NOUN	1899
kíván_feltesz_NOUN	1898
2002_NUM	1897
béki_ADJ	1896
irán_ADJ	1895
igazgatóság_NOUN	1894
eldönt_PRON	1893
érdem_NOUN	1892
egyszerűen_ADJ	1891
nemzetgazdaság_NOUN	1890
Talajvíz_NOUN	1889
belső_ADJ	1888
bejelenik_NOUN	1887
Munkáltató_PROPN	1886
szakmailag_ADJ	1885
augusztus_NOUN	1884
elkezd_SYM	1883
elmegy_SYM	1882
számla_NOUN	1881
bejelent_SYM	1880
infrastruktúra_NOUN	1879
kiadási_ADJ	1878
közelít_SYM	1877
megtörténik_SYM	1876
gyenge_ADJ	1875
meghaladó_ADJ	1874
teljesség_NOUN	1873
nyert_ADJ	1872
együttműködés_NOUN	1871
kifizet_SYM	1870
kenyér_NOUN	1869
elmondhat_SYM	1868
építési_ADJ	1867
folytatás_NOUN	1866
védett_ADJ	1865
ifjúsági_ADJ	1864
egészséges_ADJ	1863
létesítmény_NOUN	1862
szûk_ADJ	1861
mindenesetre_ADV	1860
szív_NOUN	1859
Házisertés_NOUN	1858
tükröz_SYM	1857
április_NOUN	1856
terjesztett_ADJ	1855
írt_ADJ	1854
fórum_NOUN	1853
államigazgatási_ADJ	1852
Termelőszövetkezet_NOUN	1851
plenáris_ADJ	1850
kedvező_ADJ	1849
Természetvédelem_PROPN	1848
beterjeszt_SYM	1847
küld_SYM	1846
jelentett_SYM	1845
helyre_NOUN	1844
felel_SYM	1843
elmaradás_NOUN	1842
szerény_ADJ	1841
elemzés_NOUN	1840
halál_NOUN	1839
különleges_ADJ	1838
partner_NOUN	1837
1945_NUM	1836
emelkedés_NOUN	1835
feltételez_SYM	1834
megfontolás_NOUN	1833
biztonsági_ADJ	1832
kiss_NOUN	1831
irányú_ADJ	1830
halad_SYM	1829
üdvözöl_SYM	1828
terjed_SYM	1827
eltérõ_ADJ	1826
fejez_ADJ	1825
Liberalizmus_NOUN	1824
alakulás_NOUN	1823
tízezer_NUM	1822
kívüli_ADJ	1821
körzet_NOUN	1820
kifejez_SYM	1819
nagysága_NOUN	1818
nehogy_SCONJ	1817
alapuló_ADJ	1816
találkozik_SYM	1815
gyakorlás_NOUN	1814
fogalmaz_meg_INTJ	1813
befizetés_NOUN	1812
lakó_ADJ	1811
büntetõ_ADJ	1810
indít_SYM	1809
polgári_pár_NOUN	1808
Bokros_csomag_PROPN	1807
tudomány_NOUN	1806
támogatásár_NOUN	1805
végkielégítés_NOUN	1804
földmunkás_NOUN	1803
fõvárosi_ADJ	1802
99_NUM	1801
tragédia_NOUN	1800
bizonytalanság_NOUN	1799
zsiros_ADJ	1798
betartás_NOUN	1797
tartalmi_ADJ	1796
függ_SYM	1795
éri_SYM	1794
fordított_ADJ	1793
tõl_NOUN	1792
valamennyien_PRON	1791
kemény_ADJ	1790
bokros_ADJ	1789
közszolgálati_ADJ	1788
tábla_NOUN	1787
modern_ADJ	1786
intézkedik_SYM	1785
napi_ADJ	1784
iskolai_ADJ	1783
Rádió_PROPN	1782
könnyű_ADJ	1781
kiépítés_NOUN	1780
vállalkozói_ADJ	1779
kísér_SYM	1778
katasztrófa_NOUN	1777
széles_kör_NOUN	1776
törzs_NOUN	1775
felelős_ADJ	1774
foglalkozott_SYM	1773
támogatási_rendszer_NUM	1772
Polgári_törvénykönyv_NOUN	1771
meglévõ_ADJ	1770
körû_ADJ	1769
felhasznál_SYM	1768
nemhogy_CONJ	1767
vet_fel_ADV	1766
ígér_SYM	1765
közismert_ADJ	1764
keletkezik_SYM	1763
kijelölt_ADJ	1762
családi_pótlék_NOUN	1761
tudná_SYM	1760
könnyen_ADJ	1759
fordult_SYM	1758
foglalkoztatási_ADJ	1757
utóbb_ADV	1756
Adó__és_Pénzügyi_Ellenőrzési_Hivatal_PROPN	1755
pótol_SYM	1754
javára_NOUN	1753
idõkeret_ADJ	1752
alanyi_ADJ	1751
hányad_NOUN	1750
0_NUM	1749
értékû_ADJ	1748
mindegy_INTJ	1747
háború_NOUN	1746
viszonyít_SYM	1745
Vidékfejlesztési_Minisztérium_PROPN	1744
apparátus_NOUN	1743
mûködését_NOUN	1742
egységesen_ADJ	1741
sorozat_NOUN	1740
jav_VERB	1739
belföldi_ADJ	1738
lakossági_ADJ	1737
pénzeszköz_NOUN	1736
Párizs_PROPN	1735
kiindul_ADJ	1734
beavatkozás_NOUN	1733
tanya_NOUN	1732
másként_ADV	1731
cselekmény_NOUN	1730
csúcs_NOUN	1729
vezetõi_NOUN	1728
intéz_ADJ	1727
vonal_NOUN	1726
társasági_ADJ	1725
mirõl_ADJ	1724
mindegyik_PRON	1723
adottság_NOUN	1722
hozzájárul_SYM	1721
kikapcsol_SYM	1720
önmaguk_NUM	1719
előre_ADV	1718
haragszik_SYM	1717
megszerzés_NOUN	1716
tartó_ADJ	1715
adódik_SYM	1714
Érvénytelenség_NOUN	1713
úgymond_INTJ	1712
időpont_NOUN	1711
bizonytalan_ADJ	1710
országi_ADJ	1709
visszautasít_SYM	1708
adód_NOUN	1707
mindössze_ADV	1706
fok_NOUN	1705
esett_SYM	1704
állapít_SYM	1703
különben_ADV	1702
szívesen_ADV	1701
követõ_ADJ	1700
évszázad_NOUN	1699
állami_számvevőszék_NOUN	1698
32_NUM	1697
õt_INTJ	1696
kialakulás_NOUN	1695
több_száz_NUM	1694
nyugodtan_ADJ	1693
csatorna_NOUN	1692
létesítés_NOUN	1691
darab_NOUN	1690
iv_INTJ	1689
fedez_ADJ	1688
hit_NOUN	1687
forradalom_NOUN	1686
dél_NOUN	1685
kényszerít_SYM	1684
kiszolgáltatott_ADJ	1683
végeredmény_NOUN	1682
Szabó_Lajos_INTJ	1681
kihirdetés_NOUN	1680
képviselõje_ADJ	1679
tartós_ADJ	1678
amirõl_NOUN	1677
szankció_NOUN	1676
prioritás_NOUN	1675
vagyontárgy_NOUN	1674
idáig_ADV	1673
tudat_NOUN	1672
többszörös_ADJ	1671
gazdag_ADJ	1670
választott_ADJ	1669
nyereség_NOUN	1668
Tarján_PROPN	1667
valamikor_ADV	1666
vonás_NOUN	1665
noha_SCONJ	1664
kormányhatározat_NOUN	1663
jegy_NOUN	1662
aktív_ADJ	1661
800_NUM	1660
5_százalék_NOUN	1659
tekinteni_SYM	1658
anomália_NOUN	1657
bizottsági_ülés_NOUN	1656
üzlet_NOUN	1655
kelet_NOUN	1654
szóval_ADV	1653
egyszerre_ADV	1652
szerepelt_SYM	1651
ügyi_ADJ	1650
ifjúság_NOUN	1649
világkiállítás_NOUN	1648
hosszú_távú_ADJ	1647
uniós_ADJ	1646
mentelmi_ADJ	1645
millió_forintos_ADJ	1644
autonómia_NOUN	1643
megbízás_NOUN	1642
93_NUM	1641
jelentőség_NOUN	1640
számtalan_NUM	1639
december_31_NOUN	1638
ír_elõ_ADJ	1637
gazdálkodik_SYM	1636
mégsem_ADV	1635
kiderül_SYM	1634
idézet_NOUN	1633
köszön_SYM	1632
hall_NOUN	1631
juthat_SYM	1630
nyújtott_ADJ	1629
hozzátesz_SYM	1628
bernáth_ADJ	1627
titkos_ADJ	1626
elmaradott_ADJ	1625
kamat_NOUN	1624
célú_ADJ	1623
44_NUM	1622
végleges_ADJ	1621
tárgysorozat_NOUN	1620
tár_NOUN	1619
normál_ADJ	1618
pótköltségvetés_NOUN	1617
nál_NOUN	1616
kiad_ADJ	1615
kormánykoalíció_NOUN	1614
kerülõ_ADJ	1613
földhivatal_NOUN	1612
államtitkári_ADJ	1611
megengedhetetlen_ADJ	1610
hulladék_NOUN	1609
eladás_NOUN	1608
kétszer_ADV	1607
napirend_utáni_ADJ	1606
diktatúra_NOUN	1605
kétség_NOUN	1604
árvíz_NOUN	1603
látta_SYM	1602
Cigányok_NOUN	1601
től_NOUN	1600
fegyver_NOUN	1599
műszaki_ADJ	1598
összefüggő_ADJ	1597
híd_NOUN	1596
megkötés_NOUN	1595
kétharmad_NUM	1594
élvez_SYM	1593
minősített_ADJ	1592
demokrata_ADJ	1591
ügyfél_NOUN	1590
termés_NOUN	1589
pontosabban_ADJ	1588
iránti_ADJ	1587
tartalék_NOUN	1586
bármelyik_PRON	1585
év_múlva_ADV	1584
meghalad_SYM	1583
55_NUM	1582
szabályozott_ADJ	1581
kifejtet_NOUN	1580
keret_között_ADJ	1579
láttam_SYM	1578
jelentősen_ADJ	1577
munkatárs_NOUN	1576
folytatott_ADJ	1575
közöl_SYM	1574
nyer_SYM	1573
hírközlési_ADJ	1572
munkaviszony_NOUN	1571
felkér_SYM	1570
titok_NOUN	1569
tükrözik_SYM	1568
fölött_ADP	1567
mielõtt_ADJ	1566
kedvezményezett_ADJ	1565
szer_NOUN	1564
azután_ADV	1563
mutató_ADJ	1562
tragikus_ADJ	1561
szabályozó_ADJ	1560
reggel_ADV	1559
idézett_ADJ	1558
egyértelműsítő_lap_NOUN	1557
Ukrajna_PROPN	1556
pap_NOUN	1555
tapasztalt_ADJ	1554
vezetõk_NOUN	1553
adás_NOUN	1552
egykori_ADJ	1551
béke_NOUN	1550
értet_NOUN	1549
esetenként_NOUN	1548
hallgató_ADJ	1547
szavazott_SYM	1546
néhány_gondolat_NOUN	1545
koncessziós_ADJ	1544
ő_rajta_INTJ	1543
bizonyíték_NOUN	1542
szabadi_ADJ	1541
felsõoktatási_ADJ	1540
július_NOUN	1539
hajt_SYM	1538
ba_VERB	1537
képzel_SYM	1536
közbiztonság_NOUN	1535
intézményi_ADJ	1534
előkészítés_NOUN	1533
jelentõsen_ADJ	1532
dög_NOUN	1531
ajánlás_1_NOUN	1530
finanszíroz_SYM	1529
minőség_NOUN	1528
Bokros_Lajos_PROPN	1527
magyar_ADJ	1526
szerencsétlen_ADJ	1525
ugyanígy_ADV	1524
hangsúly_NOUN	1523
hatálybalépés_NOUN	1522
alak_NOUN	1521
működési_ADJ	1520
finanszírozási_ADJ	1519
idén_ADV	1518
levõ_ADJ	1517
kellő_ADJ	1516
némi_PRON	1515
nyílt_ADJ	1514
botrány_NOUN	1513
másodszor_ADV	1512
aggodalom_NOUN	1511
érthetetlen_ADJ	1510
kissé_ADV	1509
nyilvánít_SYM	1508
belüli_ADJ	1507
téves_ADJ	1506
örökség_NOUN	1505
expozé_NOUN	1504
gépkocsi_NOUN	1503
1996_ban_NOUN	1502
Illeték_PROPN	1501
függetlenség_NOUN	1500
elõzetes_ADJ	1499
vancsik_ADJ	1498
bejegyzés_NOUN	1497
állampolgári_ADJ	1496
törvénykönyv_NOUN	1495
fellép_SYM	1494
városi_ADJ	1493
000_NUM	1492
szereplõ_ADJ	1491
elérés_NOUN	1490
falvak_NOUN	1489
gál_ADJ	1488
ei_VERB	1487
72_NUM	1486
mindenütt_ADV	1485
szintű_ADJ	1484
szellem_NOUN	1483
önálló_indítvány_NOUN	1482
küzd_SYM	1481
kiemelten_ADJ	1480
emberi_jogi_ADJ	1479
nyúl_NOUN	1478
jogász_NOUN	1477
elkészítés_NOUN	1476
Lezsák_Sándor_PROPN	1475
feletti_ADJ	1474
meglévő_ADJ	1473
felelõsségre_NOUN	1472
Munkavállaló_NOUN	1471
alkalmatlan_ADJ	1470
idõre_ADJ	1469
ajánlom_SYM	1468
idõközben_NOUN	1467
átlagos_ADJ	1466
szakértõi_ADJ	1465
ügyvédi_ADJ	1464
járadék_NOUN	1463
Szocializmus_PROPN	1462
küszöb_NOUN	1461
os_forradalom_INTJ	1460
indokolatlan_ADJ	1459
negyven_NUM	1458
megtisztelõ_ADJ	1457
mondták_SYM	1456
feltett_ADJ	1455
büntetõjogi_ADJ	1454
húsz_NUM	1453
mindjárt_ADV	1452
tapasztalható_ADJ	1451
korrekt_ADJ	1450
munkavállaló_ADJ	1449
király_NOUN	1448
gazdasági_társaság_NOUN	1447
egyidejûleg_ADJ	1446
sajátosság_NOUN	1445
bázis_NOUN	1444
mérleg_NOUN	1443
dán_ADJ	1442
nő_NOUN	1441
termőföld_NOUN	1440
állatorvos_NOUN	1439
megvitat_SYM	1438
mi_által_NOUN	1437
forgó_ADJ	1436
azonnali_ADJ	1435
kedvezõ_ADJ	1434
toller_ADJ	1433
öt_év_NUM	1432
állattenyésztés_NOUN	1431
kísérlet_NOUN	1430
íz_NOUN	1429
Szabó_Zoltán_NOUN	1428
végezetül_ADV	1427
összeférhetetlenség_NOUN	1426
tanulmány_NOUN	1425
kapu_NOUN	1424
vezetett_SYM	1423
Oroszország_PROPN	1422
jön_lét_NOUN	1421
hamar_ADV	1420
Oktatás_NOUN	1419
1998_ban_NOUN	1418
magára_PRON	1417
Magyar_Államvasutak_Zrt_PROPN	1416
összeférhetetlenségi_ADJ	1415
fm_NOUN	1414
pálya_NOUN	1413
aláírt_ADJ	1412
létrehozott_ADJ	1411
küzdelem_NOUN	1410
összefüggõ_ADJ	1409
közgazdasági_ADJ	1408
kedves_képviselőtárs_NOUN	1407
termõföld_ADJ	1406
fontosságú_ADJ	1405
növekedik_SYM	1404
fogyasztási_ADJ	1403
főváros_NOUN	1402
eljár_SYM	1401
jel_NOUN	1400
ítél_SYM	1399
megismétel_SYM	1398
zöm_NOUN	1397
előny_NOUN	1396
mellé_ADP	1395
jogcím_NOUN	1394
alátámaszt_SYM	1393
120_NUM	1392
hozhat_SYM	1391
tekinthetõ_ADJ	1390
ellátó_ADJ	1389
elmaradt_ADJ	1388
idõn_ADJ	1387
teszem_SYM	1386
38_NUM	1385
szűk_ADJ	1384
értékes_ADJ	1383
onnan_ADV	1382
község_NOUN	1381
vevõ_NOUN	1380
egészség_NOUN	1379
fennáll_SYM	1378
Sorkatonai_szolgálat_NOUN	1377
tiszt_NOUN	1376
címû_NOUN	1375
kétségtelenül_ADJ	1374
valósít_SYM	1373
kényszer_NOUN	1372
földtulajdonos_ADJ	1371
képviselőcsoport_rész_NOUN	1370
korlát_NOUN	1369
ösztönöz_SYM	1368
elvár_SYM	1367
47_NUM	1366
igazságszolgáltatás_NOUN	1365
Vasút_PROPN	1364
fogyasztó_NOUN	1363
derül_SYM	1362
értelmetlen_ADJ	1361
ígért_SYM	1360
mindenekelőtt_ADV	1359
megszerez_SYM	1358
nevezett_ADJ	1357
belügyminisztérium_NOUN	1356
szab_SYM	1355
Emberi_jogok_NOUN	1354
56_NUM	1353
37_NUM	1352
sorolhat_SYM	1351
tájékoztató_ADJ	1350
törvényhozás_NOUN	1349
mûködése_NOUN	1348
utólag_ADV	1347
gát_NOUN	1346
lehetõségeket_ADJ	1345
lehetõvé_teszi_INTJ	1344
összefoglal_SYM	1343
nemzeti_bank_NOUN	1342
végrehajtó_ADJ	1341
szőlő_NOUN	1340
betart_SYM	1339
kettő_NUM	1338
54_NUM	1337
bármi_PRON	1336
csekély_ADJ	1335
iroda_NOUN	1334
becsületes_ADJ	1333
államháztartási_ADJ	1332
jellemzõ_ADJ	1331
tudás_NOUN	1330
meghozatal_NOUN	1329
kertész_NOUN	1328
katalin_ADJ	1327
szokás_NOUN	1326
gyár_NOUN	1325
75_NUM	1324
készített_ADJ	1323
alternatív_ADJ	1322
meghallgatás_NOUN	1321
vagyonnyilatkozat_NOUN	1320
innen_ADV	1319
akadémia_NOUN	1318
átvilágítás_NOUN	1317
szeret_felhív_NOUN	1316
folytatódik_SYM	1315
beszélhet_SYM	1314
forintért_NOUN	1313
részesít_SYM	1312
hatásvizsgálat_NOUN	1311
tagállam_NOUN	1310
növénynemzetség_NOUN	1309
vadászati_ADJ	1308
megvitatás_NOUN	1307
phare_NOUN	1306
termelõ_ADJ	1305
érvényesülés_NOUN	1304
lentner_ADJ	1303
felelõsséget_NOUN	1302
bûncselekmények_NOUN	1301
meghoz_SYM	1300
közösségi_ADJ	1299
parlament_elé_ADV	1298
bűnözés_NOUN	1297
megjelenés_NOUN	1296
csodálkozik_SYM	1295
stabilitás_NOUN	1294
hús_NOUN	1293
feladatkör_NOUN	1292
kóródi_ADJ	1291
fakadó_ADJ	1290
adótörvény_NOUN	1289
véletlenül_ADV	1288
kettõ_ADJ	1287
tényező_NOUN	1286
abszolút_ADJ	1285
előzetes_ADJ	1284
országgyûlési_határozat_INTJ	1283
alsó_ADJ	1282
életét_NOUN	1281
nyilatkozott_SYM	1280
avagy_CONJ	1279
pontosítás_NOUN	1278
34_NUM	1277
úgy_tűnik_NOUN	1276
joganyag_NOUN	1275
szabályzat_NOUN	1274
közoktatási_ADJ	1273
megtartás_NOUN	1272
határozottan_ADJ	1271
közölt_ADJ	1270
kártérítés_NOUN	1269
igazolás_NOUN	1268
véletlen_ADJ	1267
pillanatnyilag_ADV	1266
ítélt_ADJ	1265
felvétel_NOUN	1264
személyiség_NOUN	1263
1992_ben_NOUN	1262
statisztika_NOUN	1261
zárt_ADJ	1260
emelt_ADJ	1259
otthon_ADV	1258
fizetett_ADJ	1257
esztendő_ADJ	1256
megvalósulás_NOUN	1255
magánszemély_NOUN	1254
fakad_SYM	1253
kockázat_NOUN	1252
bevonás_NOUN	1251
én_előtt_ADV	1250
elismert_ADJ	1249
ellehetetlenít_SYM	1248
bûnözés_NOUN	1247
szorít_SYM	1246
nyugdíjrendszer_NOUN	1245
diák_NOUN	1244
szilárd_ADJ	1243
1990_ben_NOUN	1242
Bűncselekmény_NOUN	1241
késõbbi_ADJ	1240
pusztán_ADV	1239
kórházi_ADJ	1238
elért_ADJ	1237
megtárgyalt_ADJ	1236
átadás_NOUN	1235
emlék_NOUN	1234
energia_NOUN	1233
fent_ADV	1232
megtalál_SYM	1231
41_NUM	1230
köztudott_ADJ	1229
szokásos_ADJ	1228
érkezik_SYM	1227
félelem_NOUN	1226
fal_NOUN	1225
francz_ADJ	1224
törvényalkotás_NOUN	1223
egyfajta_ADJ	1222
43_NUM	1221
tüntet_NOUN	1220
mekkora_PRON	1219
szenvedett_ADJ	1218
agrárium_NOUN	1217
tocsik_ADJ	1216
pontosít_SYM	1215
tisztességtelen_ADJ	1214
elhelyezés_NOUN	1213
kölcsön_NOUN	1212
árverés_NOUN	1211
félreértés_NOUN	1210
gomb_NOUN	1209
attila_ADJ	1208
jelentõsége_NOUN	1207
ból_NOUN	1206
egyenesen_ADJ	1205
tartalmazó_ADJ	1204
elégséges_ADJ	1203
tárgykör_NOUN	1202
honvédelmi_minisztérium_NOUN	1201
wekler_ADJ	1200
Jogi_személy_ADJ	1199
barkóczy_ADJ	1198
Hollandia_PROPN	1197
felvetet_NOUN	1196
vállalj_SYM	1195
ellenes_ADJ	1194
talaj_NOUN	1193
megválasztás_NOUN	1192
jogalkotási_ADJ	1191
rögzített_ADJ	1190
nagyüzem_NOUN	1189
jutás_NOUN	1188
1000_PROPN	1187
juhász_NOUN	1186
ügylet_NOUN	1185
foglalkoztatás_NOUN	1184
jenő_ADJ	1183
tavasz_NOUN	1182
jogintézmény_NOUN	1181
kormánypárti_oldal_NOUN	1180
ingyenes_ADJ	1179
frakcióvezető_NOUN	1178
ugyanolyan_PRON	1177
szabadon_ADJ	1176
ragaszkodik_SYM	1175
hangoztat_SYM	1174
sikerül_SYM	1173
tökéletesen_ADJ	1172
iii_NOUN	1171
igazságos_ADJ	1170
legfelsõbb_ADJ	1169
nagyságrend_NOUN	1168
törvényalkotó_NOUN	1167
amellett_ADV	1166
minőségi_ADJ	1165
megsértés_NOUN	1164
Gyógyszer_PROPN	1163
szerzõdések_ADJ	1162
ideiglenes_ADJ	1161
elnök_csenget_NOUN	1160
tõke_ADJ	1159
válaszadás_NOUN	1158
szembe_ADV	1157
bizonyára_ADV	1156
felszólalás_következik_SYM	1155
légy_SYM	1154
őstermelő_NOUN	1153
fordulat_NOUN	1152
féle_ADJ	1151
értékesít_SYM	1150
kiadott_ADJ	1149
módosító_ADJ	1148
gazdasági_növekedés_NOUN	1147
döntési_ADJ	1146
falusi_ADJ	1145
elemi_ADJ	1144
mértékű_ADJ	1143
1994_ben_NOUN	1142
kormányzás_NOUN	1141
emelkedett_SYM	1140
színvonalú_ADJ	1139
egészít_SYM	1138
nél_NOUN	1137
múlva_ADP	1136
pénztár_NOUN	1135
szék_NOUN	1134
ők_által_NOUN	1133
erõk_ADJ	1132
mezőgazdaság_NOUN	1131
Központi_bank_PROPN	1130
kora_ADJ	1129
tegnapi_ADJ	1128
vont_ADJ	1127
nõ_INTJ	1126
szigorítás_NOUN	1125
mûvelõdési_ADJ	1124
kollektív_ADJ	1123
aktuális_ADJ	1122
te_PRON	1121
büntetõeljárás_NOUN	1120
alaposan_ADJ	1119
kapacitás_NOUN	1118
mér_SYM	1117
1956_os_forradalom_NOUN	1116
elhagy_SYM	1115
42_NUM	1114
alapoz_SYM	1113
ai_VERB	1112
98_NUM	1111
Polgári_jog_NOUN	1110
törvényi_szabályozás_NOUN	1109
jegyzõ_ADJ	1108
zseb_NOUN	1107
többlet_NOUN	1106
célszerű_ADJ	1105
nagymértékben_ADV	1104
kereskedelem_NOUN	1103
képtelenség_NOUN	1102
etnikai_ADJ	1101
jén_NOUN	1100
nyár_NOUN	1099
számított_ADJ	1098
jogalkotó_NOUN	1097
89_NUM	1096
megillet_SYM	1095
Aszály_NOUN	1094
negyedik_ADJ	1093
gyógyszer_NOUN	1092
törvényességi_ADJ	1091
utolsósorban_ADV	1090
fillér_ADJ	1089
elolvas_SYM	1088
fizetési_ADJ	1087
Somogy_megye_PROPN	1086
jöhet_SYM	1085
ellenében_ADP	1084
nyugdíjemelés_NOUN	1083
sorrend_NOUN	1082
újból_ADV	1081
ellenben_CONJ	1080
eredetileg_ADV	1079
kihasznál_SYM	1078
nyit_SYM	1077
Balczó_Zoltán_PROPN	1076
fenyeget_SYM	1075
nulla_NUM	1074
rendszeresen_ADJ	1073
látják_SYM	1072
elõkészítõ_ADJ	1071
többnyire_ADV	1070
tegyük_SYM	1069
igazságügy_miniszter_NOUN	1068
helytelen_ADJ	1067
jellég_ADJ	1066
jogilag_ADJ	1065
átvesz_SYM	1064
mehet_SYM	1063
évezred_NOUN	1062
szorosan_ADJ	1061
határidõ_ADJ	1060
alapszerzõdés_NOUN	1059
kijelölés_NOUN	1058
személyesen_ADJ	1057
1988_NUM	1056
részvény_NOUN	1055
érthetõ_ADJ	1054
törvénycsomag_NOUN	1053
modell_NOUN	1052
jogviszony_NOUN	1051
vásárolt_ADJ	1050
elosztás_NOUN	1049
mezõgazdaságot_NOUN	1048
elkövet_SYM	1047
tekinthető_ADJ	1046
ilyenkor_ADV	1045
65_NUM	1044
utasítás_NOUN	1043
pokol_NOUN	1042
elnöki_szék_NOUN	1041
Diszkrimináció_NOUN	1040
tõle_ADJ	1039
biztosan_ADJ	1038
48_NUM	1037
börtön_NOUN	1036
mutatkozik_SYM	1035
szalay_ADJ	1034
szánt_ADJ	1033
jelen_lévő_ADJ	1032
szatmár_ADV	1031
állni_SYM	1030
képviselõtársamnak_NOUN	1029
ró_SYM	1028
kerület_NOUN	1027
vitás_ADJ	1026
közúti_ADJ	1025
kielégítés_NOUN	1024
megkeres_SYM	1023
csodálatos_ADJ	1022
munkás_NOUN	1021
Forum_Romanum_PROPN	1020
tanár_NOUN	1019
nyugdíjkorhatár_NOUN	1018
hivatott_ADJ	1017
ottani_ADJ	1016
ágazati_ADJ	1015
alkotmányellenes_ADJ	1014
gyanú_NOUN	1013
Nemzeti_park_PROPN	1012
gyakorló_ADJ	1011
heti_ADJ	1010
tekintély_NOUN	1009
nélkülözhetetlen_ADJ	1008
39_NUM	1007
megvalósul_SYM	1006
lehetõségek_NOUN	1005
gazdaságilag_ADJ	1004
igazolvány_NOUN	1003
Csongrád_megye_PROPN	1002
szembeni_ADJ	1001
feltételrendszer_NOUN	1000
számú_melléklet_NOUN	999
szervez_SYM	998
pénzintézet_NOUN	997
érdekképviselet_NOUN	996
vízi_ADJ	995
kidolgoz_SYM	994
elemez_SYM	993
megvéd_SYM	992
enélkül_ADV	991
szomszéd_ADJ	990
eltérő_ADJ	989
ötven_NUM	988
érdemel_SYM	987
fordulhat_SYM	986
engedélyezés_NOUN	985
választó_ADJ	984
érzés_NOUN	983
történeti_ADJ	982
növekszik_SYM	981
kökény_NOUN	980
vitatható_ADJ	979
gondolják_SYM	978
jegyzőkönyv_NOUN	977
anya_NOUN	976
merült_SYM	975
juss_SYM	974
Trianoni_békeszerződés_NOUN	973
Csont_PROPN	972
állampárti_ADJ	971
Magyar_Szocialista_Munkáspárt_PROPN	970
ugyanilyen_PRON	969
amiért_PRON	968
csizmár_ADJ	967
n_NOUN	966
kidolgozik_SYM	965
vél_SYM	964
vetett_ADJ	963
kártalanítás_NOUN	962
nyitott_ADJ	961
komplex_ADJ	960
visszaszorítás_NOUN	959
2010_NUM	958
szülő_NOUN	957
at_ADV	956
forgalmi_ADJ	955
engedélyez_SYM	954
eltekint_SYM	953
46_NUM	952
megakadályozás_NOUN	951
250_NUM	950
Kukorica_PROPN	949
férfi_NOUN	948
kocsi_NOUN	947
visszavont_ADJ	946
év_ezelőtt_ADV	945
forgalmazás_NOUN	944
egyúttal_ADV	943
lemondás_NOUN	942
szorgalmaz_SYM	941
céltámogatás_NOUN	940
kellõen_ADJ	939
hallhat_SYM	938
ülésszak_NOUN	937
rátér_SYM	936
megtárgyalás_NOUN	935
elmúlt_hét_NUM	934
törekedik_SYM	933
szeptember_NOUN	932
kisember_NOUN	931
Dunántúl_PROPN	930
országgyûlési_képviselõk_NOUN	929
mechanizmus_NOUN	928
91_NUM	927
hetilap_NOUN	926
túlzott_ADJ	925
népesség_NOUN	924
országgyûlést_NOUN	923
társulás_NOUN	922
idei_ADJ	921
szállítás_NOUN	920
ellenõrzési_ADJ	919
adórendszer_NOUN	918
este_ADV	917
megfizet_SYM	916
megbízott_ADJ	915
tulajdonú_ADJ	914
épített_ADJ	913
adminisztráció_NOUN	912
imént_ADV	911
választói_ADJ	910
valamelyik_PRON	909
idegenforgalmi_ADJ	908
jövõre_ADJ	907
ünnep_NOUN	906
biztonságos_ADJ	905
megoldható_ADJ	904
mély_ADJ	903
realitás_NOUN	902
Duna_PROPN	901
megszûnt_ADJ	900
Lamperth_Mónika_PROPN	899
adós_ADJ	898
elszámolás_NOUN	897
tulajdonjog_NOUN	896
fejleszt_SYM	895
adózó_ADJ	894
Egészségbiztosítás_PROPN	893
kedvezõtlen_ADJ	892
Szabolcs_vármegye_PROPN	891
valótlan_ADJ	890
rendszeres_ADJ	889
jóváhagyás_NOUN	888
terméktanács_NOUN	887
megalkot_SYM	886
elvégzés_NOUN	885
válhat_SYM	884
géczi_ADJ	883
előterjesztett_ADJ	882
köszönet_NOUN	881
felelõssége_NOUN	880
reagálás_NOUN	879
többpárti_ADJ	878
hó_NOUN	877
Második_világháború_ADJ	876
vezethet_SYM	875
postabank_NOUN	874
azonnali_kérdés_NOUN	873
liter_NOUN	872
igénylő_ADJ	871
jogbiztonság_NOUN	870
III_PROPN	869
vezérigazgató_NOUN	868
sehol_ADV	867
Alexandrosz_makedón_király_INTJ	866
szükséglet_NOUN	865
kiterjeszt_NOUN	864
szervezés_NOUN	863
vi_NOUN	862
vám_NOUN	861
Számvitel_PROPN	860
kihatás_NOUN	859
látszat_NOUN	858
valószínûleg_ADJ	857
nyelvész_NOUN	856
alajos_ADJ	855
zászló_NOUN	854
bal_ADJ	853
valamilyen_mód_NOUN	852
tárgyi_ADJ	851
bemutat_SYM	850
évforduló_NOUN	849
rendes_ADJ	848
cseh_ADJ	847
támad_SYM	846
Szarvasmarha_PROPN	845
idős_ADJ	844
fekszik_SYM	843
bocsátás_NOUN	842
Géza_magyar_fejedelem_INTJ	841
minimum_ADV	840
márton_NOUN	839
létminimum_NOUN	838
ismertetés_NOUN	837
közhasznú_ADJ	836
kontroll_NOUN	835
tűnik_SYM	834
Erdélyi_Múzeum_Egyesület_NOUN	833
kormányoldal_NOUN	832
feldolgozás_NOUN	831
követő_ADJ	830
helyezés_NOUN	829
hamis_ADJ	828
kezdett_SYM	827
vezetői_ADJ	826
egészségbiztosítási_ADJ	825
közpénz_NOUN	824
elkészült_ADJ	823
Szabálysértés_NOUN	822
házszabály_NOUN	821
garantál_SYM	820
egyharmad_NUM	819
kinevezés_NOUN	818
vezetõje_NOUN	817
import_NOUN	816
karakas_ADJ	815
aligha_ADV	814
tanul_SYM	813
nyúlik_SYM	812
szándékoz_ADJ	811
egyszeri_ADJ	810
szándékozik_SYM	809
észlel_NOUN	808
minthogy_SCONJ	807
megtakarítás_NOUN	806
Értékpapír_NOUN	805
elnevezés_NOUN	804
maximum_ADV	803
állított_ADJ	802
helyreállítás_NOUN	801
szektor_NOUN	800
leszögez_SYM	799
ütközik_SYM	798
vád_NOUN	797
haderő_NOUN	796
szoros_ADJ	795
behajtás_NOUN	794
nappal_ADV	793
magas_magas_ADJ	792
megsért_SYM	791
megépítés_NOUN	790
felsõ_ADJ	789
danka_ADJ	788
amelyrõl_NOUN	787
fa_NOUN	786
jól_emlékszem_NOUN	785
adu_NOUN	784
megtart_SYM	783
igazgató_NOUN	782
megelõzõ_ADJ	781
ellenérték_NOUN	780
val_NOUN	779
egymillió_NUM	778
meddig_ADV	777
kistérség_NOUN	776
megalapozatlan_ADJ	775
Magyarország_alaptörvénye_PROPN	774
próbáljuk_SYM	773
általánosság_NOUN	772
bánk_NOUN	771
összegû_ADJ	770
integrációs_ADJ	769
hasonlít_SYM	768
jelen_pillanat_NOUN	767
átvétel_NOUN	766
korrekció_NOUN	765
búza_NOUN	764
átcsoportosítás_NOUN	763
ismeretében_NOUN	762
tapsol_SYM	761
egyedi_ADJ	760
normális_ADJ	759
sikér_NOUN	758
általi_ADJ	757
fokoz_SYM	756
korrigál_SYM	755
ozási_ADJ	754
képviselõt_ADJ	753
kétharmados_ADJ	752
büntet_SYM	751
micsoda_PRON	750
játszik_SYM	749
nyilvános_ADJ	748
települési_önkormányzat_NOUN	747
ellenez_SYM	746
váll_NOUN	745
jelentõségû_ADJ	744
aggályos_ADJ	743
Kórház_PROPN	742
nyugat_európa_INTJ	741
hatály_kívül_ADV	740
tisztesség_NOUN	739
választókerület_NOUN	738
magyarázat_NOUN	737
elõírt_ADJ	736
csakhogy_CONJ	735
felelõtlen_ADJ	734
felvesz_SYM	733
országgyűlési_határozat_INTJ	732
vég_ért_NOUN	731
befektetés_NOUN	730
bekövetkezik_SYM	729
felvásárlási_ADJ	728
megmaradt_ADJ	727
kontra_ADJ	726
ajánlat_NOUN	725
ahelyett_ADV	724
szolgált_SYM	723
harminc_NUM	722
teremtett_ADJ	721
fizikai_ADJ	720
megállapított_ADJ	719
csaknem_ADV	718
megegyez_ADJ	717
láb_NOUN	716
mozgalom_NOUN	715
perces_időkeret_INTJ	714
Baranya_megye_PROPN	713
származik_SYM	712
ellátási_ADJ	711
előbbi_ADJ	710
elvisz_SYM	709
vállalati_ADJ	708
fellépés_NOUN	707
megoldásár_ADJ	706
elfelejt_SYM	705
korlátozott_ADJ	704
1956_NUM	703
92_NUM	702
nyílik_SYM	701
jogrend_NOUN	700
Szekeres_Imre_NOUN	699
eltörlés_NOUN	698
közfeladat_NOUN	697
mi_szerint_ADV	696
közélet_NOUN	695
mádai_ADJ	694
napirend_előtti_ADJ	693
külpolitika_NOUN	692
beleért_SYM	691
ügyészi_ADJ	690
52_NUM	689
kolléga_NOUN	688
rendőrség_NOUN	687
élelmiszeripar_NOUN	686
jogharmonizáció_NOUN	685
tilt_SYM	684
civil_ADJ	683
egyén_NOUN	682
teljes_körű_ADJ	681
miniszterelnöki_ADJ	680
honvédelem_NOUN	679
garantált_ADJ	678
garanciális_ADJ	677
tévé_NOUN	676
monopolhelyzet_NOUN	675
érintet_NOUN	674
megtett_ADJ	673
megfeledkezik_SYM	672
megközelít_SYM	671
autópálya_NOUN	670
honnan_ADV	669
reálérték_ADJ	668
lélek_NOUN	667
világosi_ADJ	666
elengedhetetlen_ADJ	665
bérleti_ADJ	664
agrárgazdaság_NOUN	663
85_NUM	662
Szolnok_PROPN	661
menet_NOUN	660
ilona_NOUN	659
elnöki_ADJ	658
tönk_NOUN	657
szólal_SYM	656
eltér_SYM	655
jellemző_ADJ	654
megbízatás_NOUN	653
jött_lét_NOUN	652
Mád_PROPN	651
elutasítás_NOUN	650
járul_ADV	649
elnöknõ_ADJ	648
foglalkoztat_SYM	647
beszerzés_NOUN	646
működtetés_NOUN	645
elkerülés_NOUN	644
hatásár_NOUN	643
törekszik_SYM	642
csökkenti_SYM	641
írás_előre_INTJ	640
üzemanyag_NOUN	639
Dohányzás_NOUN	638
elkészít_SYM	637
Mai_Nap_PROPN	636
asztal_NOUN	635
bead_SYM	634
olaj_NOUN	633
hatékonyan_ADJ	632
kezdeményező_ADJ	631
máris_ADV	630
technológia_NOUN	629
megbeszélés_NOUN	628
megelõzõen_ADJ	627
egyre_inkább_ADV	626
õszintén_ADJ	625
ejt_SYM	624
minõségi_ADJ	623
mindösszesen_ADJ	622
egyenlõ_ADJ	621
polgármesteri_ADJ	620
képviselõnek_NOUN	619
kétperces_hozzászólás_NOUN	618
történhet_SYM	617
beruházási_ADJ	616
összefogás_NOUN	615
kiegészítõ_ADJ	614
Olaszország_PROPN	613
megnyugtat_SYM	612
megindult_SYM	611
balogh_NOUN	610
egyoldalú_ADJ	609
törvényesség_NOUN	608
németh_zsolt_ADJ	607
költ_SYM	606
tulajdonviszony_NOUN	605
1500_NUM	604
pallag_ADJ	603
beépít_SYM	602
adminisztrációs_ADJ	601
kijelentet_NOUN	600
monitor_NOUN	599
üres_ADJ	598
berendezés_NOUN	597
belõle_ADJ	596
tóth_andrás_NOUN	595
pici_ADJ	594
igazságügy_NOUN	593
támogató_ADJ	592
hagyományos_ADJ	591
hála_NOUN	590
Halálbüntetés_NOUN	589
megkülönböztetés_NOUN	588
megjelöl_SYM	587
mondhatnám_SYM	586
kilenc_NUM	585
társ_NOUN	584
békés_ADJ	583
kedves_képviselõtársaim_NOUN	582
ülésterem_NOUN	581
bármiféle_PRON	580
szakértõk_ADJ	579
bölcs_ADJ	578
szellemében_NOUN	577
rezső_ADJ	576
Lengyelország_PROPN	575
közigazgatás_NOUN	574
valósul_SYM	573
hiányos_ADJ	572
költségvetésbõl_ADJ	571
mûködésének_NOUN	570
közbekiáltás_NOUN	569
kulcs_NOUN	568
hez_NOUN	567
tanulság_NOUN	566
természetvédelem_NOUN	565
expo_NOUN	564
illetõ_ADJ	563
néha_ADV	562
erősít_SYM	561
Salamon_László_INTJ	560
51_NUM	559
Szeged_PROPN	558
ávü_NOUN	557
stílus_NOUN	556
ismeretlen_ADJ	555
fogyatékos_ADJ	554
lemond_SYM	553
korszerû_ADJ	552
okozhat_SYM	551
való_részvétel_NOUN	550
megmarad_SYM	549
fennálló_ADJ	548
választani_SYM	547
szólás_NOUN	546
banki_ADJ	545
elvet_NOUN	544
várakozás_NOUN	543
szándékosan_ADJ	542
megerősítés_NOUN	541
következõket_NOUN	540
glattfelder_ADJ	539
ázik_SYM	538
objektív_ADJ	537
mária_ADJ	536
kutya_NOUN	535
irányít_SYM	534
áremelés_NOUN	533
közjogi_ADJ	532
hova_ADV	531
megkezdés_NOUN	530
megértés_NOUN	529
érdekel_SYM	528
fokozatosan_ADJ	527
elvárható_ADJ	526
HáziHázisertés_PROPN	525
apró_ADJ	524
változott_SYM	523
közé_tartozik_SYM	522
korosztály_NOUN	521
Szili_Katalin_PROPN	520
múlt_hét_NUM	519
élhet_SYM	518
ráfordítás_NOUN	517
megél_ADJ	516
ront_SYM	515
zakó_NOUN	514
mielőtt_SCONJ	513
szolgálni_SYM	512
kiemelkedõ_ADJ	511
írásbeli_ADJ	510
nemigen_ADV	509
alföld_NOUN	508
látott_ADJ	507
említés_NOUN	506
kritikai_ADJ	505
szerződéses_ADJ	504
rendelkezési_ADJ	503
alkalmazható_ADJ	502
párhuzamosan_ADJ	501
jelentőségű_ADJ	500
megváltozott_ADJ	499
elõterjeszteni_ADJ	498
1999_ben_NOUN	497
elegendő_ADJ	496
észak_NOUN	495
védekezés_NOUN	494
vojnik_NOUN	493
tűz_NOUN	492
megőrzés_NOUN	491
nemes_ADJ	490
tükör_NOUN	489
kivált_ADV	488
bármennyire_ADV	487
sziget_NOUN	486
kincs_NOUN	485
alternatíva_NOUN	484
jogú_ADJ	483
levon_SYM	482
csapatok_NOUN	481
kifogásolt_ADJ	480
Távközlés_PROPN	479
Egyesült_Nemzetek_Szervezete_NOUN	478
elfogadás_kizár_NOUN	477
felderítés_NOUN	476
rádió_NOUN	475
Erdély_PROPN	474
megbecsülés_NOUN	473
mi_előtt_ADV	472
ágy_NOUN	471
évi_CLXXXV_INTJ	470
felolvas_SYM	469
indított_ADJ	468
ismertetett_ADJ	467
elképzelhetetlen_ADJ	466
templom_NOUN	465
700_NUM	464
helyezkedik_SYM	463
állítólag_ADV	462
kétséges_ADJ	461
petõ_NOUN	460
privatizáció_NOUN	459
Hende_Csaba_INTJ	458
józan_ADJ	457
hiteles_ADJ	456
antal_PROPN	455
szigorúan_ADJ	454
elkülönített_ADJ	453
1949_NUM	452
mondható_ADJ	451
megszűnik_SYM	450
eszerint_ADV	449
életszínvonal_NOUN	448
Büntető_törvénykönyv_PROPN	447
Nyugdíj_PROPN	446
következésképpen_ADJ	445
papír_NOUN	444
elképzel_SYM	443
jómagam_ADJ	442
kivételes_ADJ	441
kritikus_ADJ	440
valamely_PRON	439
kialakított_ADJ	438
normatíva_NOUN	437
kiterjed_SYM	436
összegez_SYM	435
kielégít_SYM	434
ezer_forintos_ADJ	433
alaptörvény_NOUN	432
erõs_ADJ	431
leírt_ADJ	430
tárca_nélküli_ADJ	429
várni_SYM	428
csáky_ADJ	427
minisztériumi_ADJ	426
felfogás_NOUN	425
Monopólium_PROPN	424
kapcsol_SYM	423
legfelső_ADJ	422
Románok_PROPN	421
mindenkor_ADV	420
Turizmus_PROPN	419
visszaad_SYM	418
baleset_NOUN	417
anyagilag_ADJ	416
jogállam_NOUN	415
no_INTJ	414
Bereg_vármegye_PROPN	413
felszámol_SYM	412
területfejlesztési_tanács_NOUN	411
végzés_NOUN	410
kész_ADJ	409
elvisel_SYM	408
atlanti_ADJ	407
megelőzően_ADJ	406
mandátum_NOUN	405
képviselõcsoportjának_NOUN	404
összetétel_NOUN	403
mérlegel_SYM	402
generáció_NOUN	401
naponta_ADV	400
font_NOUN	399
elveszt_SYM	398
2000_ben_NOUN	397
kár_okoz_NOUN	396
erős_ADJ	395
feljelentés_NOUN	394
57_NUM	393
czoma_ADJ	392
megegyezés_NOUN	391
mondanám_SYM	390
lelkiismeret_NOUN	389
szét_ADV	388
lehetõ_ADJ	387
írott_ADJ	386
fül_NOUN	385
g_NOUN	384
képzett_ADJ	383
elõbbi_ADJ	382
tökéletes_ADJ	381
minek_ADV	380
sajnálat_NOUN	379
megkezd_SYM	378
valószínűleg_ADV	377
diszkriminatív_ADJ	376
húz_SYM	375
exporttámogatás_NOUN	374
kívánó_ADJ	373
jutó_ADJ	372
terjeszt_elő_ADJ	371
ötlet_NOUN	370
késedelem_NOUN	369
negatívum_NOUN	368
idõs_ADJ	367
tetszett_SYM	366
Békés_megye_PROPN	365
tó_NOUN	364
tudnék_SYM	363
tervezési_ADJ	362
agrár_ADJ	361
gondolkodás_NOUN	360
igazít_SYM	359
szekeres_ADJ	358
ítél_meg_INTJ	357
rendszertan_ADJ	356
fogyasztói_ADJ	355
hirtelen_ADV	354
bármikor_ADV	353
sohasem_ADV	352
adódó_ADJ	351
kezdõdik_ADJ	350
épült_SYM	349
von_vissza_NOUN	348
üzenet_NOUN	347
beosztás_NOUN	346
vetet_SYM	345
beépítés_NOUN	344
közgyûlés_NOUN	343
mindennapi_ADJ	342
pazarlás_NOUN	341
mondanivaló_NOUN	340
biztosítható_ADJ	339
frakcióvezető_helyettes_ADJ	338
igazgatási_ADJ	337
abból_indul_NOUN	336
márta_SYM	335
készség_NOUN	334
ésszerû_ADJ	333
helyesel_SYM	332
sal_NOUN	331
megkeresés_NOUN	330
egyéni_vállalkozó_ADJ	329
jövedelemadó_NOUN	328
tudós_ADJ	327
határozathozatal_következik_SYM	326
csatlakozási_ADJ	325
szomszédos_ADJ	324
zöld_ADJ	323
tényezõ_ADJ	322
dolgozói_ADJ	321
tavalyi_ADJ	320
Orbán_Viktor_PROPN	319
jelenleg_hatályos_ADJ	318
Gabona_PROPN	317
mindnyájan_PRON	316
expó_NOUN	315
vel_NOUN	314
kérdésrõl_ADJ	313
másfelõl_ADJ	312
elősegít_SYM	311
önhiba_NOUN	310
kádár_ADJ	309
projekt_NOUN	308
d_NOUN	307
találmány_NOUN	306
kivéve_ADV	305
kitétel_NOUN	304
felkészül_SYM	303
közterület_NOUN	302
rendelkezett_SYM	301
idõszak_NOUN	300
bûncselekmény_NOUN	299
egyeztet_SYM	298
felhívás_NOUN	297
eörsi_ADJ	296
közteher_NOUN	295
xx_INTJ	294
közvetítés_NOUN	293
ehelyett_ADV	292
elõírja_NOUN	291
eszme_NOUN	290
romlás_NOUN	289
piros_ADJ	288
jelentõ_ADJ	287
immár_ADV	286
vételár_NOUN	285
képviselt_ADJ	284
mûködni_SYM	283
mondandó_NOUN	282
képviselõknek_NOUN	281
Pécs_PROPN	280
részletez_SYM	279
becsület_NOUN	278
középvállalkozás_NOUN	277
fakadóan_ADJ	276
megszûnik_SYM	275
bővítés_NOUN	274
infrastrukturális_ADJ	273
látszólag_ADV	272
bevált_ADJ	271
eljut_SYM	270
okat_NOUN	269
csinált_SYM	268
felháborodás_NOUN	267
okirat_NOUN	266
törvényhozó_ADJ	265
foglalkozás_NOUN	264
pásztor_NOUN	263
elnökség_NOUN	262
1993_ban_NOUN	261
térségi_ADJ	260
szakértő_ADJ	259
fenyvessy_ADJ	258
felejt_SYM	257
hozzátartozik_SYM	256
jelenlét_NOUN	255
méret_NOUN	254
érdekei_NOUN	253
többségében_NOUN	252
felszólalásár_NOUN	251
fölhív_SYM	250
felsõoktatás_NOUN	249
köztisztviselő_ADJ	248
túllép_SYM	247
összefügg_SYM	246
etikai_ADJ	245
felvett_ADJ	244
túlnyomó_ADJ	243
nyilvántartási_ADJ	242
gazdálkodási_ADJ	241
túlzottan_ADJ	240
elvtárs_NOUN	239
kerületi_ADJ	238
fegyelmi_ADJ	237
nettó_ADJ	236
kezdeményezett_ADJ	235
gyakori_ADJ	234
ellenőrzési_ADJ	233
kimaradt_ADJ	232
180_NUM	231
felvásárlás_NOUN	230
kereset_NOUN	229
elítélt_ADJ	228
módosítási_ADJ	227
valósult_SYM	226
Lóverseny_PROPN	225
részleges_ADJ	224
pozitívum_NOUN	223
alelnök_foglal_NOUN	222
csatlakozó_ADJ	221
támaszt_NOUN	220
visszaállítás_NOUN	219
előírt_ADJ	218
pozsgai_ADJ	217
részletesebben_ADJ	216
keményen_ADJ	215
61_NUM	214
szájer_ADJ	213
Adóhatóság_NOUN	212
felfüggesztés_NOUN	211
felépítés_NOUN	210
feltárás_NOUN	209
végett_ADP	208
méltatlan_ADJ	207
tartósan_ADJ	206
demonstráció_NOUN	205
árt_SYM	204
jogharmonizációs_ADJ	203
növekvõ_ADJ	202
mondás_NOUN	201
igazgatás_NOUN	200
javulás_NOUN	199
létszámú_ADJ	198
talp_NOUN	197
elvileg_ADJ	196
délután_ADV	195
elõterjesztése_NOUN	194
ellenzéki_padsor_NOUN	193
közalkalmazott_ADJ	192
személyiségi_ADJ	191
érdekképviseleti_ADJ	190
kedvezőtlen_ADJ	189
elõadója_NOUN	188
szín_NOUN	187
üzemi_ADJ	186
egyetértett_SYM	185
ő_helyett_ADJ	184
megkocogtatás_NOUN	183
gidai_ADJ	182
veres_ADJ	181
szakképzés_NOUN	180
okozó_ADJ	179
kilátás_NOUN	178
elkerülhetetlen_ADJ	177
elrendel_ADJ	176
visszaadás_NOUN	175
viszontválasz_illet_NOUN	174
lakói_NOUN	173
felhoz_SYM	172
kistermelõk_ADJ	171
rövidesen_ADV	170
levő_ADJ	169
többletbevétel_NOUN	168
tételesen_ADJ	167
hozzátartozó_ADJ	166
olyannyira_ADV	165
ford_NOUN	164
halott_ADJ	163
megjelölt_ADJ	162
49_NUM	161
Gázolaj_ADJ	160
pancza_ADJ	159
felszámolási_ADJ	158
meglehetősen_ADJ	157
Szent_Korona_PROPN	156
Lotz_Károly_PROPN	155
megbízható_ADJ	154
alapító_ADJ	153
elvon_SYM	152
mint_amennyi_ADJ	151
károsult_ADJ	150
korszak_NOUN	149
közút_NOUN	148
ottó_ADJ	147
feldolgozó_ADJ	146
múlik_SYM	145
suchman_ADJ	144
alapellátás_NOUN	143
130_NUM	142
meghirdetett_ADJ	141
végső_ADJ	140
simon_NOUN	139
lehető_teszi_INTJ	138
enyhítés_NOUN	137
hitt_SYM	136
növény_NOUN	135
eredményesen_ADJ	134
örökös_ADJ	133
távollét_NOUN	132
folytathat_SYM	131
hiányol_SYM	130
kiterjesztés_NOUN	129
növekedett_SYM	128
medence_NOUN	127
nyári_ADJ	126
Mentelmi_jog_PROPN	125
adódóan_ADJ	124
Minimálbér_NOUN	123
alakulhat_SYM	122
megkocogtat_NOUN	121
szed_SYM	120
hajó_NOUN	119
Népszuverenitás_NOUN	118
értesül_SYM	117
kritérium_NOUN	116
törvénysértõ_ADJ	115
szállít_SYM	114
értékű_ADJ	113
állomás_NOUN	112
boros_ADJ	111
igazodik_SYM	110
hozzájut_ADJ	109
intézkedési_ADJ	108
ismeretek_NOUN	107
enyhe_ADJ	106
érdekvédelmi_ADJ	105
tőke_NOUN	104
tisztaság_NOUN	103
Európa_Tanács_PROPN	102
betölt_SYM	101
Csurka_István_ADV	100
zajlik_SYM	99
észrevételez_NOUN	98
stabil_ADJ	97
térítés_NOUN	96
minősít_SYM	95
elmúlt_időszak_NUM	94
ők_közt_NOUN	93
váltott_SYM	92
ezenkívül_ADV	91
végezte_SYM	90
kivesz_SYM	89
lakásépítés_NOUN	88
olvastam_SYM	87
megválasztott_ADJ	86
remény_szerint_ADV	85
emleget_SYM	84
feltételezés_NOUN	83
tönkretesz_SYM	82
v_NOUN	81
mnb_NOUN	80
fekvõ_ADJ	79
földrendezõ_ADJ	78
nyugodt_ADJ	77
indulat_NOUN	76
köztársasági_ADJ	75
iványi_ADJ	74
mibõl_ADJ	73
logikus_ADJ	72
józsefné_ADJ	71
távozik_SYM	70
adható_ADJ	69
Földgáz_ADJ	68
Gazdasági_társaság_NOUN	67
reklám_NOUN	66
függeszt_NOUN	65
csapat_NOUN	64
sándorffy_ADJ	63
képviselõcsoport_NOUN	62
jauernik_ADJ	61
80_százalék_NOUN	60
éljen_SYM	59
szándékú_ADJ	58
ajánlási_ADJ	57
vastagh_ADJ	56
hiányoz_ADJ	55
befolyás_NOUN	54
tételes_ADJ	53
felügyeleti_ADJ	52
kiegészítő_ADJ	51
53_NUM	50
mérséklés_NOUN	49
célzó_ADJ	48
kíváncsi_ADJ	47
szerves_ADJ	46
szokott_SYM	45
hiányozik_SYM	44
idõm_ADJ	43
kölcsönös_ADJ	42
megismer_SYM	41
napirendi_ajánlás_NOUN	40
58_NUM	39
kormánytöbbség_NOUN	38
húzód_ADJ	37
létezõ_ADJ	36
klasszikus_ADJ	35
helyrõl_ADJ	34
hasznosít_SYM	33
csapás_NOUN	32
szolgálati_viszony_ADJ	31
Ökológia_NOUN	30
olvashat_SYM	29
dolgozott_SYM	28
sokkal_inkább_ADV	27
előrelépés_NOUN	26
gondolkozik_SYM	25
jogosan_ADJ	24
népi_ADJ	23
Egyesület_PROPN	22
előtti_ADJ	21
okozta_ADJ	20
bruttó_ADJ	19
elkövetés_NOUN	18
húzódik_SYM	17
feleség_NOUN	16
fejlõdés_NOUN	15
korántsem_ADV	14
munkálat_NOUN	13
előállítás_NOUN	12
59_NUM	11
tartható_ADJ	10
sürgõs_ADJ	9
koncesszió_NOUN	8
formai_ADJ	7
építmény_NOUN	6
lépt_ADJ	5
Testnevelés_NOUN	4
Szerencsejáték_PROPN	3
közeli_ADJ	2
befizet_SYM	1
