a_DET	2612
az_DET	2611
hogy_SCONJ	2610
ez_PRON	2609
és_CONJ	2608
nem_ADV	2607
is_CONJ	2606
egy_DET	2605
Jobbik_Magyarországért_Mozgalom_PROPN	2604
van_SYM	2603
ami_PRON	2602
Magyarország_PROPN	2601
meg_PART	2600
de_CONJ	2599
ön_PRON	2598
ha_SCONJ	2597
szó_NOUN	2596
vagy_CONJ	2595
már_ADV	2594
mi_PRON	2593
kell_SYM	2592
amely_PRON	2591
itt_ADV	2590
olyan_PRON	2589
volt_SYM	2588
most_ADV	2587
lesz_SYM	2586
tehát_CONJ	2585
tud_SYM	2584
még_ADV	2583
csak_ADV	2582
elnök_NOUN	2581
el_ADV	2580
én_PRON	2579
fog_AUX	2578
elnök_úr_ADJ	2577
mert_SCONJ	2576
lehet_SYM	2575
aki_PRON	2574
nagyon_ADV	2573
ki_ADV	2572
hiszen_CONJ	2571
sem_ADV	2570
ország_NOUN	2569
kormány_NOUN	2568
eb_NOUN	2567
ilyen_PRON	2566
kérdés_NOUN	2565
képviselő_ADJ	2564
azért_ADV	2563
sor_NOUN	2562
ember_NOUN	2561
köszönöm_szépen_NOUN	2560
államtitkár_úr_NOUN	2559
év_NOUN	2558
egyébként_ADV	2557
javaslat_NOUN	2556
köszönöm_SYM	2555
eset_NOUN	2554
törvény_NOUN	2553
pedig_CONJ	2552
amikor_ADV	2551
hanem_CONJ	2550
mint_SCONJ	2549
nagy_ADJ	2548
jó_ADJ	2547
rész_NOUN	2546
Fidesz__Magyar_Polgári_Szövetség_NOUN	2545
minden_PRON	2544
így_CONJ	2543
akár_ADV	2542
e_PRON	2541
szeret_SYM	2540
úgy_ADV	2539
majd_ADV	2538
illetve_CONJ	2537
tisztelt_ADJ	2536
tesz_SYM	2535
taps_NOUN	2534
képviselő_úr_NOUN	2533
ne_ADV	2532
képviselőtárs_NOUN	2531
probléma_NOUN	2530
lehetőség_NOUN	2529
ő_PRON	2528
szerint_ADP	2527
lát_SYM	2526
ők_PRON	2525
rendszer_NOUN	2524
maga_PRON	2523
több_NUM	2522
beszél_SYM	2521
más_PRON	2520
dr_INTJ	2519
vita_NOUN	2518
be_ADV	2517
gondol_SYM	2516
helyzet_NOUN	2515
kellene_SYM	2514
mód_NOUN	2513
milyen_PRON	2512
ad_SYM	2511
két_NUM	2510
fel_ADV	2509
megad_SYM	2508
pont_ADV	2507
ezért_ADV	2506
valóban_ADV	2505
idő_NOUN	2504
mondjuk_SYM	2503
miért_ADV	2502
válasz_NOUN	2501
ott_ADV	2500
törvényjavaslat_NOUN	2499
figyelem_NOUN	2498
fontos_ADJ	2497
alap_NOUN	2496
új_ADJ	2495
ezen_PRON	2494
tart_SYM	2493
tisztelt_országgyűlés_NOUN	2492
Európai_Unió_PROPN	2491
például_ADV	2490
támogat_SYM	2489
vannak_SYM	2488
terület_NOUN	2487
Magyar_Szocialista_Párt_PROPN	2486
ügy_NOUN	2485
kapcsolat_NOUN	2484
elmond_SYM	2483
országgyűlés_NOUN	2482
sok_NUM	2481
dolog_NOUN	2480
egyik_PRON	2479
bizottság_NOUN	2478
tisztelt_ház_NOUN	2477
saját_PRON	2476
kerül_SYM	2475
nemzeti_ADJ	2474
számára_ADP	2473
mond_SYM	2472
igen_INTJ	2471
legyen_SYM	2470
kérem_SYM	2469
tisztelt_képviselőtárs_NOUN	2468
ahol_ADV	2467
talán_ADV	2466
munka_NOUN	2465
után_ADP	2464
módosító_javaslat_NOUN	2463
akar_SYM	2462
természetesen_ADJ	2461
sajnos_INTJ	2460
állam_NOUN	2459
kíván_SYM	2458
által_ADP	2457
cél_NOUN	2456
ért_SYM	2455
ahogy_ADV	2454
pénz_NOUN	2453
jog_NOUN	2452
kap_SYM	2451
első_ADJ	2450
egész_ADJ	2449
vesz_SYM	2448
áll_SYM	2447
nemcsak_CONJ	2446
százalék_NOUN	2445
állami_ADJ	2444
viszont_CONJ	2443
le_ADV	2442
s_CONJ	2441
tett_ADJ	2440
szeretnék_SYM	2439
következő_ADJ	2438
felszólalás_NOUN	2437
mind_CONJ	2436
jól_ADV	2435
azonban_CONJ	2434
hoz_SYM	2433
teljesen_ADJ	2432
úr_NOUN	2431
ok_NOUN	2430
másik_PRON	2429
hogyan_ADV	2428
jelen_ADV	2427
való_ADJ	2426
nap_ADV	2425
miatt_ADP	2424
úgy_gondol_INTJ	2423
tekintet_NOUN	2422
néhány_PRON	2421
szempont_NOUN	2420
van_szó_NOUN	2419
abban_PRON	2418
kormányzat_NOUN	2417
között_ADP	2416
támogatás_NOUN	2415
szól_SYM	2414
cég_NOUN	2413
ugyanis_CONJ	2412
szintén_CONJ	2411
bizony_ADV	2410
tudom_SYM	2409
gyakorlatilag_ADJ	2408
istván_ADV	2407
szint_NOUN	2406
példa_NOUN	2405
hely_NOUN	2404
feladat_NOUN	2403
igaz_ADJ	2402
ezer_NUM	2401
éppen_ADV	2400
érdeke_NOUN	2399
bizonyos_ADJ	2398
politikai_ADJ	2397
kis_ADJ	2396
lehetne_SYM	2395
történt_SYM	2394
szám_NOUN	2393
él_SYM	2392
ma_ADV	2391
elmúlt_ADJ	2390
megfelelő_ADJ	2389
költségvetés_NOUN	2388
módosítás_NOUN	2387
szemben_ADP	2386
bár_SCONJ	2385
elég_ADJ	2384
semmi_PRON	2383
jános_ADJ	2382
vélemény_NOUN	2381
ugyanaz_PRON	2380
mondani_SYM	2379
jogszabály_NOUN	2378
különböző_ADJ	2377
nyilván_ADV	2376
szervezet_NOUN	2375
kapocs_NOUN	2374
hát_ADV	2373
alatt_ADP	2372
néz_SYM	2371
valaki_PRON	2370
adott_eset_ADJ	2369
mennyi_PRON	2368
jövő_ADJ	2367
azon_PRON	2366
20_NUM	2365
gazdasági_ADJ	2364
lászló_ADJ	2363
komoly_ADJ	2362
legalább_ADV	2361
mindenki_PRON	2360
érdek_érd_NOUN	2359
szakmai_ADJ	2358
t_NOUN	2357
padsor_NOUN	2356
hagy_SYM	2355
10_NUM	2354
mondom_SYM	2353
intézmény_NOUN	2352
kér_SYM	2351
hisz_CONJ	2350
kicsi_ADJ	2349
került_SYM	2348
jelez_SYM	2347
benne_PRON	2346
györgy_ADJ	2345
kérdez_SYM	2344
Alkotmány_PROPN	2343
gábor_ADJ	2342
sokkal_NUM	2341
aztán_ADV	2340
jelent_SYM	2339
önkormányzat_NOUN	2338
nélkül_ADP	2337
személy_NOUN	2336
egyéb_PRON	2335
elfogad_SYM	2334
irány_NOUN	2333
álláspont_NOUN	2332
valami_ADJ	2331
család_NOUN	2330
egyáltalán_ADV	2329
i_NOUN	2328
előtt_ADP	2327
eljárás_NOUN	2326
próbál_SYM	2325
esetleg_ADV	2324
forma_NOUN	2323
vég_NOUN	2322
jelenlegi_ADJ	2321
vár_SYM	2320
szükséges_ADJ	2319
program_NOUN	2318
összeg_NOUN	2317
mellett_ADP	2316
megoldás_NOUN	2315
hozzá_PRON	2314
elhangzott_ADJ	2313
nagyon_fontos_ADJ	2312
végre_ADV	2311
költségvetési_ADJ	2310
kezd_SYM	2309
miniszter_úr_NOUN	2308
három_NUM	2307
egyes_ADJ	2306
rá_PRON	2305
út_NOUN	2304
igenis_ADV	2303
település_NOUN	2302
es_CONJ	2301
mondta_SYM	2300
hogyha_SCONJ	2299
Lehet_Más_a_Politika_PROPN	2298
döntés_NOUN	2297
folytat_SYM	2296
biztosít_SYM	2295
mivel_SCONJ	2294
adat_NOUN	2293
nagyon_sok_NOUN	2292
gyermek_NOUN	2291
kör_NOUN	2290
milliárd_forint_ADV	2289
parlament_NOUN	2288
dolgozó_ADJ	2287
inkább_ADV	2286
előterjesztés_NOUN	2285
át_ADV	2284
mindenképpen_ADV	2283
kevés_NUM	2282
tevékenység_NOUN	2281
pontosan_ADJ	2280
adott_ADJ	2279
név_NOUN	2278
30_NUM	2277
megkérdez_SYM	2276
következik_SYM	2275
belül_ADP	2274
ellen_ADP	2273
forrás_NOUN	2272
érdek_NOUN	2271
megy_SYM	2270
felelősség_NOUN	2269
politikus_NOUN	2268
kárpát_ADJ	2267
rossz_ADJ	2266
szabály_NOUN	2265
szóló_ADJ	2264
jelenleg_ADV	2263
fiatal_ADJ	2262
2_NUM	2261
sőt_CONJ	2260
miniszterelnök_úr_NOUN	2259
1_NUM	2258
tag_NOUN	2257
beszélt_SYM	2256
ülés_NOUN	2255
hasonló_ADJ	2254
társadalmi_ADJ	2253
kapcsolatos_ADJ	2252
frakció_NOUN	2251
szükség_NOUN	2250
5_NUM	2249
lépés_NOUN	2248
társadalom_NOUN	2247
mindig_ADV	2246
15_NUM	2245
folyamat_NOUN	2244
persze_ADV	2243
történik_SYM	2242
vissza_ADV	2241
pár_NUM	2240
eszköz_NOUN	2239
keresztül_ADP	2238
mutat_SYM	2237
perc_NOUN	2236
cím_NOUN	2235
tér_NOUN	2234
annyi_PRON	2233
jár_SYM	2232
válaszol_SYM	2231
óta_ADP	2230
felszólaló_ADJ	2229
korábban_ADV	2228
dolgozik_dolgoz_NOUN	2227
mégis_ADV	2226
teljes_ADJ	2225
z_NOUN	2224
biztos_ADJ	2223
dániel_NOUN	2222
sokszor_ADV	2221
előterjesztő_NOUN	2220
érdemi_ADJ	2219
élet_NOUN	2218
képest_ADP	2217
tulajdonképpen_ADV	2216
fő_ADJ	2215
ben_NOUN	2214
tovább_ADV	2213
én_szerint_ADV	2212
tényleg_ADV	2211
3_NUM	2210
gyakorlat_NOUN	2209
szilágyi_ADJ	2208
ennyi_PRON	2207
bíróság_NOUN	2206
keret_NOUN	2205
szociális_ADJ	2204
előd_NOUN	2203
működik_SYM	2202
megint_ADV	2201
kormányzati_ADJ	2200
egyetért_SYM	2199
eredmény_NOUN	2198
szerződés_NOUN	2197
nemzetközi_ADJ	2196
egészségügyi_ADJ	2195
értelem_NOUN	2194
további_ADJ	2193
vezető_ADJ	2192
fél_NUM	2191
haza_ADV	2190
kormánypárti_ADJ	2189
még_egyszer_ADV	2188
folyamatosan_ADJ	2187
lett_SYM	2186
jelentős_ADJ	2185
magyarország_ADJ	2184
novák_ADJ	2183
kellett_SYM	2182
ban_NOUN	2181
foglalkozik_SYM	2180
mérték_NOUN	2179
korábbi_ADJ	2178
ház_NOUN	2177
hónap_NOUN	2176
40_NUM	2175
ugye_ADV	2174
mindez_PRON	2173
téma_NOUN	2172
nemzet_NOUN	2171
élő_ADJ	2170
óra_NOUN	2169
érintett_ADJ	2168
úgyhogy_CONJ	2167
segít_SYM	2166
örül_SYM	2165
általános_vita_NOUN	2164
védelem_NOUN	2163
lett_van_ADJ	2162
egészen_ADV	2161
rendelkezés_NOUN	2160
mondja_SYM	2159
elő_ADV	2158
fizet_SYM	2157
igény_NOUN	2156
szabályozás_NOUN	2155
50_NUM	2154
nyilvánvalóan_ADJ	2153
túl_ADV	2152
miniszter_NOUN	2151
képviselői_NOUN	2150
marad_SYM	2149
hét_NUM	2148
szándék_NOUN	2147
időszak_NOUN	2146
világ_NOUN	2145
százalékos_ADJ	2144
felé_ADP	2143
együtt_ADV	2142
nak_NOUN	2141
láthat_SYM	2140
Gaudi_Nagy_Tamás_PROPN	2139
állampolgár_NOUN	2138
állapot_NOUN	2137
több_mint_ADV	2136
először_ADV	2135
senki_PRON	2134
kéz_NOUN	2133
párt_NOUN	2132
közül_ADP	2131
szavaz_SYM	2130
os_INTJ	2129
súlyos_ADJ	2128
tudta_SYM	2127
intézkedés_NOUN	2126
4_NUM	2125
lehetett_SYM	2124
egymás_PRON	2123
lévő_ADJ	2122
adó_NOUN	2121
alaptörvény_NOUN	2120
politika_NOUN	2119
oda_ADV	2118
milliárd_NUM	2117
időkeret_NOUN	2116
Kereszténydemokrata_Néppárt_PROPN	2115
alá_ADV	2114
képes_ADJ	2113
ellátás_NOUN	2112
bele_PRON	2111
szinte_ADV	2110
önkormányzati_ADJ	2109
országgyűlési_ADJ	2108
jön_SYM	2107
rend_NOUN	2106
működés_NOUN	2105
száj_NOUN	2104
egyértelmű_ADJ	2103
többség_NOUN	2102
jelen_pillanat_NOUN	2101
szerepel_SYM	2100
történő_ADJ	2099
miközben_ADV	2098
gergely_NOUN	2097
on_INTJ	2096
államtitkár_NOUN	2095
lajos_ADJ	2094
vagyon_NOUN	2093
feltétel_NOUN	2092
szavazás_NOUN	2091
érdemes_ADJ	2090
pénzügyi_ADJ	2089
2010_NUM	2088
ide_ADV	2087
iskola_NOUN	2086
szépen_ADJ	2085
remél_SYM	2084
kíván_e_NOUN	2083
egyetlen_ADJ	2082
sikerült_SYM	2081
magas_ADJ	2080
bizottsági_ADJ	2079
parlamenti_ADJ	2078
érint_SYM	2077
8_NUM	2076
bízik_bíz_NOUN	2075
megtesz_SYM	2074
gazdaság_NOUN	2073
módosító_indítvány_NOUN	2072
határ_NOUN	2071
felelős_ADJ	2070
lakosság_NOUN	2069
előző_ADJ	2068
millió_forint_ADV	2067
beruházás_NOUN	2066
közel_ADV	2065
külföldi_ADJ	2064
önmaga_PRON	2063
ellenzék_NOUN	2062
semmilyen_PRON	2061
egyszerűen_ADJ	2060
tamás_ADJ	2059
helyi_ADJ	2058
állít_SYM	2057
jut_SYM	2056
továbbra_is_NOUN	2055
mint_ahogy_SCONJ	2054
minél_ADV	2053
föld_NOUN	2052
Orbán_Viktor_PROPN	2051
végül_ADV	2050
említett_ADJ	2049
éves_ADJ	2048
valamint_CONJ	2047
konkrét_ADJ	2046
talál_SYM	2045
végez_SYM	2044
erő_NOUN	2043
illet_SYM	2042
kétperces_ADJ	2041
különösen_ADV	2040
változás_NOUN	2039
tény_NOUN	2038
nyugdíj_NOUN	2037
számos_NUM	2036
volner_NOUN	2035
egyre_ADV	2034
rendkívül_ADV	2033
közbeszólás_NOUN	2032
utolsó_ADJ	2031
egyértelműen_ADJ	2030
egészségügy_NOUN	2029
se_CONJ	2028
benyújtott_ADJ	2027
jobban_ADV	2026
utána_PRON	2025
oldal_NOUN	2024
képviselő_asszony_ADJ	2023
szerv_NOUN	2022
vajon_ADV	2021
bank_NOUN	2020
ellenzéki_ADJ	2019
veszik_vesz_NOUN	2018
bármily_ADJ	2017
hatóság_NOUN	2016
valamilyen_PRON	2015
látni_SYM	2014
dönt_SYM	2013
staudt_ADJ	2012
érdekes_ADJ	2011
kötelezettség_NOUN	2010
képviselőcsoport_rész_NOUN	2009
vonatkozó_ADJ	2008
rendelkezik_SYM	2007
mozgalom_NOUN	2006
föl_ADV	2005
egyrészt_ADV	2004
alkalom_NOUN	2003
alapvető_ADJ	2002
elképesztő_ADJ	2001
látható_ADJ	2000
6_NUM	1999
ugyanúgy_ADV	1998
forint_NOUN	1997
úgynevezett_ADJ	1996
többször_ADV	1995
elsősorban_ADV	1994
használ_SYM	1993
vált_SYM	1992
amire_PRON	1991
részletes_vita_NOUN	1990
idéz_ADJ	1989
millió_NUM	1988
választás_NOUN	1987
kerül_sor_NOUN	1986
érték_NOUN	1985
többi_ADJ	1984
polgármester_NOUN	1983
évi_ADJ	1982
reagál_SYM	1981
sándor_ADJ	1980
költség_NOUN	1979
jogi_ADJ	1978
szabad_ADJ	1977
rendőrség_NOUN	1976
csinál_SYM	1975
amíg_ADV	1974
ment_SYM	1973
változtat_SYM	1972
ellenére_ADP	1971
hol_ADV	1970
terv_NOUN	1969
meghallgat_SYM	1968
mai_nap_ADV	1967
külön_ADJ	1966
ismer_SYM	1965
hiba_NOUN	1964
arány_NOUN	1963
legalábbis_ADV	1962
tartalmaz_SYM	1961
csökkent_SYM	1960
neki_PRON	1959
ír_ADJ	1958
fejlesztés_NOUN	1957
jelentés_NOUN	1956
kellett_van_ADJ	1955
hegedűs_NOUN	1954
éppen_ezért_NOUN	1953
általános_ADJ	1952
bér_NOUN	1951
mai_ADJ	1950
emel_SYM	1949
előbb_ADV	1948
ráadás_NOUN	1947
nehéz_ADJ	1946
Kisebbség_NOUN	1945
12_NUM	1944
újra_ADV	1943
hivatal_NOUN	1942
mondat_NOUN	1941
hallik_hall_NOUN	1940
enged_meg_INTJ	1939
Korrupció_NOUN	1938
hatás_NOUN	1937
díj_NOUN	1936
óriási_ADJ	1935
megpróbál_SYM	1934
főleg_ADV	1933
érez_SYM	1932
mikor_ADV	1931
ugyanez_PRON	1930
segítség_NOUN	1929
vállalkozás_NOUN	1928
jelzés_NOUN	1927
szép_ADJ	1926
országos_ADJ	1925
körülbelül_ADV	1924
16_NUM	1923
részben_ADV	1922
felhív_SYM	1921
kötelező_ADJ	1920
mondtam_SYM	1919
hozzászól_SYM	1918
vett_ADJ	1917
vagyok_SYM	1916
piac_NOUN	1915
hazai_ADJ	1914
valódi_ADJ	1913
köszön_SYM	1912
egyszerű_ADJ	1911
munkahely_NOUN	1910
felszólalás_következik_SYM	1909
közpénz_NOUN	1908
nyom_NOUN	1907
ellenőrzés_NOUN	1906
Cigányok_NOUN	1905
szerep_NOUN	1904
érv_NOUN	1903
kívül_ADP	1902
egyetlenegy_NUM	1901
szolgál_SYM	1900
elérik_elér_ADJ	1899
megfelelően_ADJ	1898
uniós_ADJ	1897
megnéz_SYM	1896
határozat_NOUN	1895
még_mindig_ADV	1894
ajánlás_NOUN	1893
kritika_NOUN	1892
következmény_NOUN	1891
vizsgál_SYM	1890
bíró_NOUN	1889
helyett_ADP	1888
hív_SYM	1887
gondolat_NOUN	1886
valójában_ADV	1885
ár_NOUN	1884
hosszú_ADJ	1883
kezdeményezés_NOUN	1882
alapvetően_ADJ	1881
hivatkozik_SYM	1880
derültség_NOUN	1879
nevez_SYM	1878
rövid_ADJ	1877
nyilvánvaló_ADJ	1876
egyszer_ADV	1875
második_ADJ	1874
tiszta_ADJ	1873
mondhat_SYM	1872
lép_SYM	1871
elem_NOUN	1870
25_NUM	1869
közös_ADJ	1868
13_NUM	1867
Amerikai_Egyesült_Államok_PROPN	1866
véd_SYM	1865
elé_ADP	1864
javasol_SYM	1863
ismét_ADV	1862
kezel_SYM	1861
annyira_ADV	1860
szakasz_NOUN	1859
ágazat_NOUN	1858
vezet_SYM	1857
tartozik_SYM	1856
lehető_ADJ	1855
9_NUM	1854
tétel_NOUN	1853
amennyiben_SCONJ	1852
város_NOUN	1851
hiány_NOUN	1850
évtized_NOUN	1849
azóta_ADV	1848
alacsony_ADJ	1847
lényegében_NOUN	1846
látszik_SYM	1845
oktatás_NOUN	1844
történelmi_ADJ	1843
ugyan_ADV	1842
követ_SYM	1841
pályázat_NOUN	1840
összes_ADJ	1839
egyfajta_ADJ	1838
pozitív_ADJ	1837
napirend_NOUN	1836
teher_NOUN	1835
keres_SYM	1834
abból_PRON	1833
elv_NOUN	1832
kért_ADJ	1831
nek_NOUN	1830
zoltán_PROPN	1829
termék_NOUN	1828
vélemény_szerint_ADV	1827
kimond_SYM	1826
előre_ADV	1825
megold_PRON	1824
baj_NOUN	1823
támogatja_SYM	1822
vizsgálat_NOUN	1821
van_szükség_NOUN	1820
csaba_NOUN	1819
kétperces_felszólalás_NOUN	1818
gyerek_NOUN	1817
mostani_ADJ	1816
független_ADJ	1815
tárgyalás_NOUN	1814
ingatlan_NOUN	1813
sokan_ADV	1812
ezer_forint_ADV	1811
tekint_SYM	1810
később_ADV	1809
egyeztetés_NOUN	1808
vonatkozik_SYM	1807
indokolt_ADJ	1806
minisztérium_NOUN	1805
7_NUM	1804
össze_ADV	1803
hajlandó_ADJ	1802
elmondott_ADJ	1801
elfogadás_NOUN	1800
mintegy_ADV	1799
reagálás_NOUN	1798
vidék_NOUN	1797
lorántné_ADJ	1796
14_NUM	1795
ság_NOUN	1794
vágó_ADJ	1793
tetszik_SYM	1792
Kommunizmus_PROPN	1791
esemény_NOUN	1790
soha_ADV	1789
ra_NOUN	1788
veszély_NOUN	1787
amelyik_PRON	1786
kapcsolatosan_ADJ	1785
jellegű_ADJ	1784
18_NUM	1783
információ_NOUN	1782
említ_SYM	1781
álló_ADJ	1780
bevezetés_NOUN	1779
úgy_tűnik_NOUN	1778
kettő_NUM	1777
utóbbi_ADJ	1776
teszi_SYM	1775
miniszterelnök_NOUN	1774
hat_NUM	1773
mire_ADV	1772
hír_NOUN	1771
rendőr_NOUN	1770
ígéret_NOUN	1769
tartani_SYM	1768
mi_előtt_ADV	1767
tisztelet_NOUN	1766
szolgáltatás_NOUN	1765
bevétel_NOUN	1764
mely_PRON	1763
hány_PRON	1762
visz_SYM	1761
valószínűleg_ADV	1760
zsolt_ADJ	1759
múlt_ADJ	1758
különbség_NOUN	1757
ül_SYM	1756
röviden_ADJ	1755
azaz_CONJ	1754
biztonság_NOUN	1753
hitel_NOUN	1752
unió_NOUN	1751
jelentkező_ADJ	1750
megfogalmaz_SYM	1749
Magyar_nyelv_PROPN	1748
mondott_SYM	1747
hozzászólás_NOUN	1746
nincsen_SYM	1745
környezet_NOUN	1744
fogad_el_NOUN	1743
ajánlási_ADJ	1742
jegyző_NOUN	1741
hozzátesz_SYM	1740
nyújt_SYM	1739
általában_ADV	1738
négy_NUM	1737
együttműködés_NOUN	1736
válik_SYM	1735
szakma_NOUN	1734
nő_NOUN	1733
követően_ADJ	1732
fizetés_NOUN	1731
egész_egyszerűen_ADJ	1730
okoz_SYM	1729
von_SYM	1728
öt_NUM	1727
péter_NOUN	1726
balázs_NOUN	1725
17_NUM	1724
szávay_ADJ	1723
kapott_SYM	1722
11_NUM	1721
tapasztalat_NOUN	1720
hangsúlyoz_SYM	1719
elnök_köszönöm_ADJ	1718
európa_ADJ	1717
benyújt_SYM	1716
többet_NUM	1715
megállapodás_NOUN	1714
önálló_ADJ	1713
2014_NUM	1712
hatalmas_ADJ	1711
úgy_érez_INTJ	1710
piaci_ADJ	1709
szereplő_ADJ	1708
Budapest_PROPN	1707
érdem_NOUN	1706
csomag_NOUN	1705
választási_ADJ	1704
kepli_ADJ	1703
közösség_NOUN	1702
sport_NOUN	1701
elmúlt_év_ADJ	1700
tekintett_ADJ	1699
tisztességes_ADJ	1698
mi_előtt_fekvő_ADJ	1697
csoport_NOUN	1696
vitatkozik_SYM	1695
ezáltal_ADV	1694
hiába_ADV	1693
összesség_NOUN	1692
határozati_javaslat_NOUN	1691
harmadik_ADJ	1690
helyez_SYM	1689
jutott_SYM	1688
enged_SYM	1687
határidő_NOUN	1686
nemhogy_CONJ	1685
állt_SYM	1684
fordít_SYM	1683
komolyan_ADJ	1682
kormánypárt_NOUN	1681
miszerint_SCONJ	1680
lenni_SYM	1679
bizottsági_ülés_NOUN	1678
működő_ADJ	1677
beszámoló_NOUN	1676
közben_ADV	1675
helyes_ADJ	1674
csupán_ADV	1673
eleje_NOUN	1672
külföld_NOUN	1671
közötti_ADJ	1670
rendelkező_ADJ	1669
pillanat_NOUN	1668
hatalom_NOUN	1667
ferenc_ADJ	1666
tervezet_NOUN	1665
húsz_NUM	1664
szokik_SYM	1663
két_perc_NOUN	1662
alkalmas_ADJ	1661
indoklás_NOUN	1660
nincsenek_SYM	1659
Népszavazás_NOUN	1658
szóló_törvény_NOUN	1657
nyolc_NUM	1656
megvan_SYM	1655
kizárólag_ADV	1654
indítvány_NOUN	1653
törvényi_ADJ	1652
teremt_SYM	1651
as_VERB	1650
hallgat_SYM	1649
számunkra_PRON	1648
lázár_ADJ	1647
nyikos_ADJ	1646
100_NUM	1645
fogalmaz_SYM	1644
térség_NOUN	1643
Bűncselekmény_NOUN	1642
eddigi_ADJ	1641
gond_NOUN	1640
kiadás_NOUN	1639
nyugodtan_ADJ	1638
asszony_NOUN	1637
csökkentés_NOUN	1636
indokolás_NOUN	1635
visszaélés_NOUN	1634
mindenféle_PRON	1633
eredeti_ADJ	1632
érkezett_SYM	1631
semmiféle_PRON	1630
másrészt_ADV	1629
családi_ADJ	1628
sajnál_SYM	1627
mag_NOUN	1626
törvény_módosítás_NOUN	1625
alkalmaz_SYM	1624
míg_ADV	1623
testület_NOUN	1622
vezérszónoki_ADJ	1621
lezár_ADJ	1620
ismertet_SYM	1619
nyújt_be_INTJ	1618
ó_INTJ	1617
oly_PRON	1616
leginkább_ADV	1615
sors_NOUN	1614
feltétlenül_ADV	1613
bírósági_ADJ	1612
elleni_ADJ	1611
nos_INTJ	1610
média_NOUN	1609
megkap_SYM	1608
elfogad_e_ADJ	1607
civil_ADJ	1606
teljes_mérték_NOUN	1605
áldozat_NOUN	1604
napirend_utáni_ADJ	1603
apáti_ADJ	1602
ügyészség_NOUN	1601
beszélhet_SYM	1600
igazán_ADV	1599
későbbi_ADJ	1598
fele_NOUN	1597
rengeteg_NUM	1596
visszatér_SYM	1595
függetlenül_ADJ	1594
ek_ADV	1593
maradt_SYM	1592
mer_SYM	1591
beteg_ADJ	1590
háttér_NOUN	1589
koncepció_NOUN	1588
számít_SYM	1587
szabadság_NOUN	1586
abba_PRON	1585
magyar_zoltán_ADV	1584
katona_NOUN	1583
hatály_NOUN	1582
elfogadhatatlan_ADJ	1581
gyüre_ADJ	1580
őszinte_ADJ	1579
személyes_ADJ	1578
magán_ADJ	1577
folyik_SYM	1576
normális_ADJ	1575
megye_NOUN	1574
milliárdos_ADJ	1573
törvénymódosítás_NOUN	1572
kiemelt_ADJ	1571
köt_SYM	1570
00_NUM	1569
úgymond_INTJ	1568
ész_NOUN	1567
vállal_NOUN	1566
ot_ADV	1565
kezelés_NOUN	1564
épít_SYM	1563
Internet_PROPN	1562
gondolkodik_SYM	1561
Rendszerváltás_Magyarországon_PROPN	1560
erős_ADJ	1559
számú_ADJ	1558
vonatkozóan_ADJ	1557
kíván_feltesz_NOUN	1556
jelentkezett_SYM	1555
történet_NOUN	1554
szólt_SYM	1553
képvisel_SYM	1552
dúró_ADJ	1551
rendez_SYM	1550
dóra_NOUN	1549
megyei_ADJ	1548
javasolt_ADJ	1547
Észak_atlanti_Szerződés_Szervezete_NOUN	1546
ciklus_NOUN	1545
költ_SYM	1544
régi_ADJ	1543
kórház_NOUN	1542
nyugat_NOUN	1541
old_SYM	1540
számol_SYM	1539
tárgy_NOUN	1538
év_ezelőtt_ADV	1537
anyag_NOUN	1536
több_között_ADJ	1535
2011_NUM	1534
kár_NOUN	1533
józsef_ADJ	1532
60_NUM	1531
valóság_NOUN	1530
fogad_SYM	1529
kerülhet_SYM	1528
járt_SYM	1527
viszony_NOUN	1526
nyilvánosság_NOUN	1525
élelmiszer_NOUN	1524
garancia_NOUN	1523
hatékony_ADJ	1522
gondolt_SYM	1521
megszüntet_SYM	1520
bűncselekmény_NOUN	1519
farkas_NOUN	1518
mintha_SCONJ	1517
felvetés_NOUN	1516
szabályoz_SYM	1515
öröm_NOUN	1514
mögött_ADP	1513
anyagi_ADJ	1512
kép_NOUN	1511
jelentkezik_SYM	1510
kifejezetten_ADJ	1509
szolgálat_NOUN	1508
lakás_NOUN	1507
elérhető_ADJ	1506
na_INTJ	1505
nép_NOUN	1504
egyben_ADV	1503
gazda_NOUN	1502
oktatási_ADJ	1501
tulajdon_NOUN	1500
tudott_SYM	1499
kormányzás_NOUN	1498
Szent_PROPN	1497
köz_NOUN	1496
idős_ADJ	1495
melyik_PRON	1494
elképzelés_NOUN	1493
elszámoltatás_NOUN	1492
2012_NUM	1491
én_előtt_ADV	1490
imre_NOUN	1489
jelölt_ADJ	1488
száz_NUM	1487
napirendi_pont_NOUN	1486
képviselőcsoport_vezérszónok_NOUN	1485
miután_SCONJ	1484
mégpedig_CONJ	1483
kamara_NOUN	1482
gondolják_SYM	1481
található_ADJ	1480
növel_SYM	1479
teljesít_SYM	1478
tehet_SYM	1477
nyilatkozat_NOUN	1476
egyezmény_NOUN	1475
szocialista_ADJ	1474
érintő_ADJ	1473
figyel_SYM	1472
Alkotmánybíróság_PROPN	1471
talált_SYM	1470
budapest_ADJ	1469
bárki_PRON	1468
módosít_SYM	1467
tavaly_ADV	1466
megköszön_SYM	1465
körülmény_NOUN	1464
Demokrácia_PROPN	1463
akkori_ADJ	1462
isten_NOUN	1461
lényeg_NOUN	1460
19_NUM	1459
Balaton_PROPN	1458
Németország_PROPN	1457
valós_ADJ	1456
Vasút_PROPN	1455
rendelet_NOUN	1454
2015_NUM	1453
otthon_ADV	1452
beszéd_NOUN	1451
Házszabály_PROPN	1450
környék_NOUN	1449
re_NOUN	1448
orbán_kormány_NOUN	1447
számomra_PRON	1446
azonnali_kérdés_NOUN	1445
90_NUM	1444
tervez_SYM	1443
lassan_ADJ	1442
kezdeményez_SYM	1441
szerez_SYM	1440
án_NOUN	1439
társaság_NOUN	1438
elmúlt_időszak_NUM	1437
Románia_PROPN	1436
viszonválasz_NOUN	1435
közép_NOUN	1434
nagyjából_ADV	1433
kategória_NOUN	1432
kulturális_ADJ	1431
hatáskör_NOUN	1430
sebestyén_NOUN	1429
vet_SYM	1428
orvos_NOUN	1427
meglehetősen_ADJ	1426
szem_NOUN	1425
könnyű_ADJ	1424
kockázat_NOUN	1423
jogos_ADJ	1422
pedagógus_NOUN	1421
levél_NOUN	1420
olvas_ADJ	1419
fej_NOUN	1418
simon_NOUN	1417
tíz_NUM	1416
született_SYM	1415
módosító_ADJ	1414
abszolút_ADJ	1413
tapasztal_SYM	1412
utal_SYM	1411
bárándy_ADJ	1410
statisztika_NOUN	1409
létszám_NOUN	1408
juttatás_NOUN	1407
tartott_ADJ	1406
zajlik_SYM	1405
év_alatt_ADV	1404
sajnálatos_mód_NOUN	1403
előírás_NOUN	1402
véleményét_NOUN	1401
jellemző_ADJ	1400
indok_NOUN	1399
kétharmad_NUM	1398
tartalom_NOUN	1397
bármi_PRON	1396
születik_SYM	1395
kiss_NOUN	1394
kellő_ADJ	1393
büntetés_NOUN	1392
jegyzőkönyv_NOUN	1391
százezer_NUM	1390
elutasít_SYM	1389
21_NUM	1388
felhatalmazás_NOUN	1387
csengő_megkocogtatás_NOUN	1386
számukra_PRON	1385
kapcsolódó_ADJ	1384
képviselőcsoport_NOUN	1383
kevésbé_ADV	1382
számtalan_NUM	1381
épület_NOUN	1380
stratégia_NOUN	1379
fenntartás_NOUN	1378
ismert_ADJ	1377
tibor_NOUN	1376
meghatároz_SYM	1375
kedves_ADJ	1374
kérdéskör_NOUN	1373
szavazat_NOUN	1372
megjegyez_SYM	1371
elkezd_SYM	1370
Gyurcsány_Ferenc_PROPN	1369
mégiscsak_ADV	1368
vállalkozó_NOUN	1367
fogalmaz_meg_INTJ	1366
benyújtás_NOUN	1365
szöveg_NOUN	1364
hang_NOUN	1363
végrehajtás_NOUN	1362
kedvezmény_NOUN	1361
vezetői_ADJ	1360
nyújtott_be_INTJ	1359
mondták_SYM	1358
cikk_NOUN	1357
mirkóczki_ADJ	1356
világos_ADJ	1355
érkezik_SYM	1354
polgár_NOUN	1353
k_NOUN	1352
számvevőszék_NOUN	1351
kifejezés_NOUN	1350
fontos_tart_AUX	1349
konkrétan_ADJ	1348
ádám_ADJ	1347
vonatkozás_NOUN	1346
diák_NOUN	1345
hallhat_SYM	1344
Európa_PROPN	1343
elegendő_ADJ	1342
emlékeztet_SYM	1341
készül_SYM	1340
illetőleg_CONJ	1339
Bruttó_hazai_termék_NOUN	1338
próbált_ADJ	1337
esély_NOUN	1336
tulajdonos_NOUN	1335
kérés_NOUN	1334
rétvári_bence_NOUN	1333
részlet_NOUN	1332
katasztrófa_NOUN	1331
illetően_ADJ	1330
projekt_NOUN	1329
megjelenik_SYM	1328
rögtön_ADV	1327
támogatható_ADJ	1326
veszélyes_ADJ	1325
300_NUM	1324
utca_NOUN	1323
egyéni_ADJ	1322
sajtó_NOUN	1321
elmegy_SYM	1320
kor_NOUN	1319
körében_NOUN	1318
fajta_ADJ	1317
mértékű_ADJ	1316
igazságügyi_ADJ	1315
vezetés_NOUN	1314
előny_NOUN	1313
furcsa_ADJ	1312
méltó_ADJ	1311
munkavállaló_ADJ	1310
bizonyít_SYM	1309
perces_időkeret_INTJ	1308
növekedés_NOUN	1307
valamiféle_PRON	1306
szülő_NOUN	1305
mégsem_ADV	1304
mindegy_INTJ	1303
létezik_létez_ADJ	1302
többen_NUM	1301
2010_ben_NOUN	1300
mielőtt_SCONJ	1299
szórványos_taps_NOUN	1298
összefüggés_NOUN	1297
et_VERB	1296
tartozó_ADJ	1295
ily_PRON	1294
hosszú_táv_NOUN	1293
szolgáltató_ADJ	1292
bevezet_SYM	1291
ülésnap_NOUN	1290
tudomás_NOUN	1289
ról_NOUN	1288
egyelőre_ADV	1287
indul_SYM	1286
akart_SYM	1285
megvéd_SYM	1284
megért_SYM	1283
idegen_ADJ	1282
férfi_NOUN	1281
Schiffer_András_NOUN	1280
normál_ADJ	1279
majdnem_ADV	1278
folyt_SYM	1277
kiemel_SYM	1276
szakember_NOUN	1275
tárgyal_SYM	1274
emelés_NOUN	1273
stratégiai_ADJ	1272
adta_SYM	1271
Offshore_PROPN	1270
bűnöző_NOUN	1269
felmerül_SYM	1268
gazdálkodó_ADJ	1267
megjelent_ADJ	1266
körülmény_között_ADJ	1265
kétharmados_ADJ	1264
képzés_NOUN	1263
előtti_ADJ	1262
zár_ADJ	1261
napi_ADJ	1260
kettőperces_ADJ	1259
Államadósság_PROPN	1258
központi_ADJ	1257
tűnik_SYM	1256
500_NUM	1255
tömeg_NOUN	1254
csökken_SYM	1253
helyettes_ADJ	1252
asztal_NOUN	1251
öt_év_NUM	1250
módszer_NOUN	1249
engedély_NOUN	1248
kötelesség_NOUN	1247
országi_ADJ	1246
előrelépés_NOUN	1245
22_NUM	1244
követelmény_NOUN	1243
siker_NOUN	1242
hölgy_NOUN	1241
ellenőriz_SYM	1240
ellát_SYM	1239
károsult_ADJ	1238
találkozik_SYM	1237
Brüsszel_PROPN	1236
hozzáállás_NOUN	1235
24_NUM	1234
történelem_NOUN	1233
fejezet_NOUN	1232
egységes_ADJ	1231
sorol_SYM	1230
fordul_SYM	1229
mezőgazdasági_ADJ	1228
várható_ADJ	1227
kiderült_SYM	1226
alkot_SYM	1225
ig_NOUN	1224
igen_szavazat_INTJ	1223
elfogadható_ADJ	1222
plusz_ADJ	1221
egyház_NOUN	1220
27_NUM	1219
szintű_ADJ	1218
miklós_ADJ	1217
Nándor_PROPN	1216
belső_ADJ	1215
valamennyi_PRON	1214
alig_ADV	1213
létrehoz_SYM	1212
sor_következik_SYM	1211
aggály_NOUN	1210
idén_ADV	1209
gyorsan_ADJ	1208
szeretnék_hozzászól_NOUN	1207
erősít_SYM	1206
Büntető_törvénykönyv_PROPN	1205
bűn_NOUN	1204
helyesen_ADJ	1203
fejlesztési_ADJ	1202
milliárd_forintos_ADJ	1201
megfogalmazás_NOUN	1200
vagyis_CONJ	1199
központ_NOUN	1198
technikai_ADJ	1197
zaj_NOUN	1196
vidéki_ADJ	1195
tegyük_SYM	1194
holott_ADJ	1193
katonai_ADJ	1192
ma_már_ADV	1191
multinacionális_ADJ	1190
tájékoztat_SYM	1189
választópolgár_NOUN	1188
70_NUM	1187
víz_NOUN	1186
zrt_NOUN	1185
tegnap_ADV	1184
belőle_PRON	1183
jövedelem_NOUN	1182
tanács_NOUN	1181
átalakítás_NOUN	1180
ér_SYM	1179
hiányosság_NOUN	1178
kampány_NOUN	1177
tisztáz_SYM	1176
személyi_ADJ	1175
Demográfia_PROPN	1174
alapítvány_NOUN	1173
esik_SYM	1172
rogán_NOUN	1171
kivétel_NOUN	1170
érik_ér_NOUN	1169
finanszírozás_NOUN	1168
több_száz_NUM	1167
2013_PROPN	1166
szűk_ADJ	1165
köszönhetően_ADJ	1164
márton_NOUN	1163
igazság_NOUN	1162
egyetem_NOUN	1161
2016_NUM	1160
közfeladat_NOUN	1159
bekezdés_NOUN	1158
feljelentés_NOUN	1157
elvárás_NOUN	1156
felszólalás_jelentkezett_ADJ	1155
tar_ADJ	1154
szektor_NOUN	1153
hozott_ADJ	1152
régió_NOUN	1151
tájékoztatás_NOUN	1150
fal_NOUN	1149
rendkívüli_ADJ	1148
nézve_ADP	1147
ítélet_NOUN	1146
sikerül_SYM	1145
vállalat_NOUN	1144
megtörtént_ADJ	1143
kvóta_NOUN	1142
lista_NOUN	1141
elvileg_ADJ	1140
összesen_ADV	1139
elnök_csenget_NOUN	1138
önkéntes_ADJ	1137
folyam_NOUN	1136
kifejt_ADJ	1135
folyamatos_ADJ	1134
minimális_ADJ	1133
Vona_Gábor_PROPN	1132
vég_ért_NOUN	1131
lényeg_lényég_ADJ	1130
zárószavazás_NOUN	1129
kedv_NOUN	1128
észrevétel_NOUN	1127
kialakult_ADJ	1126
határ_túli_ADJ	1125
lehetséges_ADJ	1124
hatósági_ADJ	1123
Liberalizmus_NOUN	1122
felügyelet_NOUN	1121
nemzetbiztonsági_ADJ	1120
önt_PRON	1119
módosítani_SYM	1118
nőtt_SYM	1117
igyekszik_SYM	1116
közigazgatási_ADJ	1115
lét_NOUN	1114
elmondhat_SYM	1113
kormánytöbbség_NOUN	1112
közvetlen_ADJ	1111
választ_NOUN	1110
nélküli_ADJ	1109
negatív_ADJ	1108
század_NOUN	1107
jött_SYM	1106
környezetvédelmi_ADJ	1105
indult_SYM	1104
2009_NUM	1103
konzultáció_NOUN	1102
messze_ADV	1101
mi_elé_ADV	1100
szegény_ADJ	1099
indokol_SYM	1098
től_NOUN	1097
Ukrajna_PROPN	1096
rendszeresen_ADJ	1095
ellentét_NOUN	1094
közbiztonság_NOUN	1093
elfogadott_ADJ	1092
másfél_NUM	1091
széles_ADJ	1090
érdekel_SYM	1089
törvénytervezet_NOUN	1088
nemzetgazdasági_ADJ	1087
alól_ADP	1086
nyelv_NOUN	1085
nehezen_ADJ	1084
fekszik_SYM	1083
járó_ADJ	1082
elkövető_ADJ	1081
kereskedelmi_ADJ	1080
törekvés_NOUN	1079
szóló_törvényjavaslat_NOUN	1078
iroda_NOUN	1077
ahogyan_ADV	1076
répássy_róbert_NOUN	1075
honlap_NOUN	1074
stadion_NOUN	1073
ügyfél_NOUN	1072
l_NOUN	1071
kíváncsi_ADJ	1070
sokkal_inkább_ADV	1069
megállapít_SYM	1068
200_NUM	1067
kontra_ADJ	1066
fejlődés_NOUN	1065
közösen_ADJ	1064
kiváló_ADJ	1063
tízezer_NUM	1062
ismertetés_NOUN	1061
változik_SYM	1060
hiányzik_SYM	1059
mekkora_PRON	1058
bírság_NOUN	1057
válság_NOUN	1056
kötött_ADJ	1055
sért_SYM	1054
életét_NOUN	1053
felvet_SYM	1052
kénytelen_ADJ	1051
szakértő_ADJ	1050
méltatlan_ADJ	1049
Gúr_PROPN	1048
Energia_NOUN	1047
természetes_ADJ	1046
kultúra_NOUN	1045
amilyen_PRON	1044
képzel_SYM	1043
biztonsági_ADJ	1042
mindannyian_PRON	1041
barát_NOUN	1040
kelet_NOUN	1039
elvesz_SYM	1038
hatályos_ADJ	1037
vitat_SYM	1036
közé_ADP	1035
valahogy_ADV	1034
honvédség_NOUN	1033
termőföld_NOUN	1032
szeret_felhív_NOUN	1031
ő_rajta_INTJ	1030
átlag_NOUN	1029
jogkör_NOUN	1028
fogalom_NOUN	1027
akarat_NOUN	1026
közvélemény_NOUN	1025
szilvia_NOUN	1024
határoz_meg_INTJ	1023
gyakran_ADV	1022
erőforrás_NOUN	1021
véletlenül_ADV	1020
andrás_ADJ	1019
évente_ADV	1018
szerinti_ADJ	1017
botrány_NOUN	1016
árfolyam_NOUN	1015
részletes_ADJ	1014
javít_SYM	1013
illetékes_ADJ	1012
terjeszt_SYM	1011
támogatott_ADJ	1010
eltelt_ADJ	1009
falu_NOUN	1008
meglévő_ADJ	1007
jegyez_ADJ	1006
Lengyelország_PROPN	1005
Általános_forgalmi_adó_ADJ	1004
honvédelmi_ADJ	1003
időkeret_letelt_ADJ	1002
mindenkori_ADJ	1001
durva_ADJ	1000
tessék_INTJ	999
következtében_ADP	998
civil_szervezet_NOUN	997
lényeges_ADJ	996
épp_ADV	995
látják_SYM	994
kutatás_NOUN	993
pozíció_NOUN	992
kapu_NOUN	991
némi_PRON	990
meggyőződés_NOUN	989
tölt_ADJ	988
június_NOUN	987
olcsó_ADJ	986
megszüntetés_NOUN	985
terem_NOUN	984
emberi_ADJ	983
antal_PROPN	982
megfelel_SYM	981
követel_SYM	980
megfogalmazott_ADJ	979
szféra_NOUN	978
szél_NOUN	977
gazdaságpolitika_NOUN	976
szív_NOUN	975
bocsánat_NOUN	974
küzd_SYM	973
hektár_NOUN	972
verseny_NOUN	971
szomorú_ADJ	970
várt_ADJ	969
közvetlenül_ADJ	968
ház_elé_ADV	967
végig_ADV	966
felhasználás_NOUN	965
xxi_INTJ	964
hivatalos_ADJ	963
közbeszerzési_ADJ	962
múlt_hét_NUM	961
tökéletesen_ADJ	960
állami_számvevőszék_NOUN	959
felháborító_ADJ	958
gyakorol_SYM	957
bizottság_előadó_ADJ	956
miként_ADV	955
kaphat_SYM	954
megtörténik_SYM	953
tagállam_NOUN	952
küld_SYM	951
rendes_ADJ	950
mindaz_PRON	949
hasonlóan_ADJ	948
hulladék_NOUN	947
kisebbség_NOUN	946
ügyvéd_NOUN	945
Lukács_László_NOUN	944
intézet_NOUN	943
Balczó_Zoltán_PROPN	942
megemlít_SYM	941
bertha_ADJ	940
átlátható_ADJ	939
ferenczi_ADJ	938
megszavaz_SYM	937
felmerült_ADJ	936
juttat_SYM	935
mellé_ADP	934
gomb_NOUN	933
Szovjetunió_PROPN	932
meghatározott_ADJ	931
sneider_ADJ	930
változtatás_NOUN	929
jelentősen_ADJ	928
polgári_ADJ	927
amellett_ADV	926
jellemez_SYM	925
jelleg_NOUN	924
értelmez_SYM	923
2006_NUM	922
használat_NOUN	921
pálya_NOUN	920
23_NUM	919
távol_ADV	918
tervezett_ADJ	917
amúgy_ADV	916
igazi_ADJ	915
magatartás_NOUN	914
aláírás_NOUN	913
szavazni_SYM	912
márpedig_CONJ	911
egyedül_ADV	910
figyelem_vesz_NOUN	909
kormánypárt_sor_NOUN	908
cselekmény_NOUN	907
haszon_NOUN	906
kijelentés_NOUN	905
Ausztria_PROPN	904
legutóbb_ADV	903
eredményez_SYM	902
közbeszerzés_NOUN	901
felsőoktatás_NOUN	900
csatlakozik_csatlakoz_NOUN	899
minimum_ADV	898
fenn_ADV	897
pusztán_ADV	896
tanulmány_NOUN	895
rév_NOUN	894
megvalósít_SYM	893
józsa_istván_ADV	892
emlékezik_emlékez_ADJ	891
hív_fel_NUM	890
közlekedés_NOUN	889
készült_ADJ	888
ügyvédi_ADJ	887
áll_rendelkezés_NOUN	886
kapcsolódik_kapcsolód_NOUN	885
említette_SYM	884
bír_SYM	883
egység_NOUN	882
ígér_SYM	881
harc_NOUN	880
réteg_NOUN	879
2018_NUM	878
továbbá_ADV	877
vétel_NOUN	876
szívesen_ADV	875
biztosítás_NOUN	874
károly_ADJ	873
gazdag_ADJ	872
fölött_ADP	871
alapelv_NOUN	870
én_által_NOUN	869
emellett_ADV	868
tól_NOUN	867
merül_SYM	866
tavalyi_ADJ	865
rögzít_SYM	864
ti_PRON	863
elektronikus_ADJ	862
mindössze_ADV	861
hallott_SYM	860
szigorú_ADJ	859
fenntart_SYM	858
típusú_ADJ	857
vas_NOUN	856
menekült_SYM	855
fogalmazott_SYM	854
azonnal_ADV	853
hosszú_távú_ADJ	852
szerepelt_SYM	851
jogalkotás_NOUN	850
üdvözöl_SYM	849
nevezetesen_ADJ	848
közeli_ADJ	847
forgalom_NOUN	846
ugyanígy_ADV	845
létrehozás_NOUN	844
rendezés_NOUN	843
ajánl_SYM	842
leszavaz_SYM	841
foglalt_ADJ	840
kormányoldal_NOUN	839
élt_SYM	838
szerencsés_ADJ	837
hall_NOUN	836
nevezett_ADJ	835
indít_SYM	834
jogosult_ADJ	833
ténylegesen_ADJ	832
emiatt_ADV	831
hálózat_NOUN	830
teljesítmény_NOUN	829
vehet_SYM	828
bana_ADJ	827
kormánypárti_padsor_NOUN	826
korrekt_ADJ	825
megvalósul_SYM	824
gyors_ADJ	823
zárszó_NOUN	822
fogva_ADP	821
felmérés_NOUN	820
ahelyett_ADV	819
Dohány_PROPN	818
kolléga_NOUN	817
lezárás_NOUN	816
bevándorló_NOUN	815
határozott_ADJ	814
dokumentum_NOUN	813
szab_SYM	812
gazdálkodás_NOUN	811
építési_ADJ	810
ismertető_ADJ	809
biztosított_ADJ	808
veszik_SYM	807
kommunikáció_NOUN	806
fórum_NOUN	805
ötlet_NOUN	804
hoz_lét_NOUN	803
kettős_ADJ	802
minőség_NOUN	801
elég_eléggé_NOUN	800
december_NOUN	799
tekintve_ADV	798
személyesen_ADJ	797
kapta_SYM	796
rosszul_ADJ	795
bőven_ADJ	794
kft_NOUN	793
terhel_SYM	792
című_ADJ	791
bírói_ADJ	790
kifizetés_NOUN	789
valósul_SYM	788
0_NUM	787
mérkőzés_NOUN	786
szakmailag_ADJ	785
nyugdíjas_ADJ	784
alatti_ADJ	783
panasz_NOUN	782
megtehet_SYM	781
szégyen_NOUN	780
Varga_Géza_INTJ	779
osztály_NOUN	778
pici_ADJ	777
megállapítás_NOUN	776
I_NOUN	775
jegy_NOUN	774
írástörténész_NOUN	773
kilométer_NOUN	772
szánt_ADJ	771
Munkavállaló_NOUN	770
kettő_perc_NOUN	769
megakadályoz_ADV	768
helyszín_NOUN	767
innen_ADV	766
állás_NOUN	765
üzenet_NOUN	764
alelnök_NOUN	763
interpelláció_NOUN	762
november_NOUN	761
érthető_ADJ	760
németh_zsolt_ADJ	759
kiskapu_NOUN	758
alkalmazott_ADJ	757
tapasztalt_ADJ	756
fordulhat_SYM	755
kormányrendelet_NOUN	754
sújt_SYM	753
nyugati_ADJ	752
Központi_bank_PROPN	751
dél_NOUN	750
nyit_SYM	749
átlagos_ADJ	748
kitér_SYM	747
írás_NOUN	746
elmondható_ADJ	745
tényleges_ADJ	744
állomány_NOUN	743
állni_SYM	742
expozé_NOUN	741
darab_NOUN	740
kedves_képviselőtárs_NOUN	739
előzetes_ADJ	738
felejt_SYM	737
Gyöngyös_PROPN	736
Trianoni_békeszerződés_NOUN	735
80_NUM	734
határozathozatal_NOUN	733
mindegyik_PRON	732
régóta_ADV	731
halaszthatatlan_ADJ	730
egykori_ADJ	729
mindenesetre_ADV	728
jelenség_NOUN	727
elvár_SYM	726
valahol_ADV	725
méltóság_NOUN	724
béremelés_NOUN	723
elnézés_NOUN	722
válaszolt_SYM	721
rópai_ADJ	720
bizalom_NOUN	719
eleve_ADV	718
író_NOUN	717
tárgysorozat_NOUN	716
napirend_előtti_ADJ	715
véletlen_ADJ	714
hamar_ADV	713
pontos_ADJ	712
egészséges_ADJ	711
tőke_NOUN	710
nem_ellenében_NOUN	709
oszt_CONJ	708
légy_SYM	707
adófizető_ADJ	706
remény_NOUN	705
közösségi_ADJ	704
szíves_ADJ	703
ismételten_ADJ	702
jelenthet_SYM	701
törvényalkotási_bizottság_NOUN	700
átfogó_ADJ	699
vezetett_SYM	698
szóval_ADV	697
főváros_NOUN	696
ilyenkor_ADV	695
zseb_NOUN	694
ről_NOUN	693
béla_NOUN	692
behoz_SYM	691
tárgyalt_SYM	690
szabó_NOUN	689
döntött_SYM	688
németh_NOUN	687
vall_SYM	686
hatékonyság_NOUN	685
tartás_NOUN	684
írt_ADJ	683
Euró_NOUN	682
magára_PRON	681
számla_NOUN	680
ám_CONJ	679
jel_NOUN	678
Szabad_Demokraták_Szövetsége_NOUN	677
lenhardt_ADJ	676
jelentőség_NOUN	675
részletesen_ADJ	674
alkalmazás_NOUN	673
lehetetlen_ADJ	672
ügyrendi_ADJ	671
kovács_NOUN	670
Somogy_megye_PROPN	669
innentől_ADV	668
könnyen_ADJ	667
javaslom_SYM	666
továbbra_ADV	665
alakít_ADJ	664
készít_SYM	663
Jogállam_PROPN	662
35_NUM	661
valamelyik_PRON	660
papír_NOUN	659
régen_ADV	658
működési_ADJ	657
ander_NOUN	656
pályázati_ADJ	655
forradalom_NOUN	654
láb_NOUN	653
aktív_ADJ	652
hez_NOUN	651
nyúl_NOUN	650
nyitott_ADJ	649
millió_forintos_ADJ	648
betart_SYM	647
március_NOUN	646
vezérszónok_NOUN	645
mutató_ADJ	644
körül_ADP	643
szurkoló_NOUN	642
megteremt_SYM	641
magyar_ADJ	640
adósság_NOUN	639
időpont_NOUN	638
tartó_ADJ	637
köszönt_SYM	636
vásárol_SYM	635
szankció_NOUN	634
közélet_NOUN	633
kedvező_ADJ	632
működtet_SYM	631
felül_ADV	630
lakos_ADJ	629
lejárt_ADJ	628
nyilatkozik_SYM	627
ezelőtt_ADV	626
esztendő_ADJ	625
nettó_ADJ	624
miniszteri_ADJ	623
devizahitel_NOUN	622
foglal_SYM	621
működött_SYM	620
Kereszténység_PROPN	619
jövőre_ADV	618
színvonal_NOUN	617
tárgyalj_NOUN	616
kívánt_ADJ	615
szüntet_SYM	614
biztat_SYM	613
bármelyik_PRON	612
jelen_lévő_ADJ	611
apró_ADJ	610
adód_NOUN	609
Szerbia_PROPN	608
adódik_SYM	607
akadályoz_SYM	606
kísérlet_NOUN	605
n_NOUN	604
tendencia_NOUN	603
Mezőgazdaság_PROPN	602
forintos_ADJ	601
per_NOUN	600
150_NUM	599
munkaerő_NOUN	598
előadó_NOUN	597
helyre_NOUN	596
Köztársasági_elnök_NOUN	595
igyekezik_SYM	594
eljut_SYM	593
függetlenség_NOUN	592
káros_ADJ	591
megvalósítás_NOUN	590
követelés_NOUN	589
teljes_egész_NOUN	588
korlátoz_SYM	587
csinált_SYM	586
külső_ADJ	585
hagy_mond_INTJ	584
Debrecen_PROPN	583
adós_ADJ	582
fontol_NOUN	581
nyer_SYM	580
baba_mihály_NOUN	579
bármely_PRON	578
befolyásol_SYM	577
ildikó_ADJ	576
kialakítás_NOUN	575
tudás_NOUN	574
illegális_ADJ	573
itthon_ADV	572
elismer_SYM	571
mindennapi_ADJ	570
pál_NOUN	569
feltételez_SYM	568
paragrafus_NOUN	567
birtok_NOUN	566
csökkenés_NOUN	565
köztisztviselő_ADJ	564
fónagy_ADJ	563
nyomás_NOUN	562
ugyanolyan_PRON	561
partner_NOUN	560
kifizet_SYM	559
barna_ADJ	558
frakcióvezető_NOUN	557
emlék_NOUN	556
mészáros_ADJ	555
ellenzéki_párt_ADJ	554
megvizsgál_SYM	553
Magyar_Államvasutak_Zrt_PROPN	552
zárszámadás_NOUN	551
év_múlva_ADV	550
egyeztet_SYM	549
ottani_ADJ	548
elkövetett_ADJ	547
négy_év_INTJ	546
adórendszer_NOUN	545
szer_NOUN	544
képez_SYM	543
megváltoztat_PRON	542
vonal_NOUN	541
áron_NOUN	540
tartózkodik_SYM	539
felülvizsgálat_NOUN	538
tartozás_NOUN	537
századi_ADJ	536
foglalkoztatás_NOUN	535
nál_NOUN	534
közlekedési_ADJ	533
bűnözés_NOUN	532
Terrorizmus_PROPN	531
küzdelem_NOUN	530
természeti_ADJ	529
milliós_ADJ	528
rendel_SYM	527
súly_NOUN	526
bejelentés_NOUN	525
hangzik_SYM	524
Polgárőrség_PROPN	523
építés_NOUN	522
érkező_ADJ	521
valaki_felszólal_NOUN	520
pontosabban_ADJ	519
ő_előtt_ADV	518
jellemzően_ADJ	517
kezdet_NOUN	516
bödecs_ADJ	515
üzem_NOUN	514
üzleti_ADJ	513
október_NOUN	512
láttam_SYM	511
irányelv_NOUN	510
szembe_ADV	509
elől_ADP	508
követő_ADJ	507
esett_SYM	506
szembesül_SYM	505
ingyenes_ADJ	504
elvégez_SYM	503
modell_NOUN	502
kiderül_SYM	501
gyakorlati_ADJ	500
érdekelt_ADJ	499
kétperces_hozzászólás_NOUN	498
5_százalék_NOUN	497
energia_NOUN	496
betegség_NOUN	495
épül_SYM	494
végzettség_NOUN	493
lőrinc_ADJ	492
minősít_SYM	491
sziget_NOUN	490
Privatizáció_NOUN	489
közgyűlés_NOUN	488
kijelölt_ADJ	487
előremutató_ADJ	486
kar_NOUN	485
évforduló_NOUN	484
hazugság_NOUN	483
állítás_NOUN	482
mennyiség_NOUN	481
mi_szerint_ADV	480
feltesz_SYM	479
sikeres_ADJ	478
képviselet_NOUN	477
ifjúsági_ADJ	476
hal_NOUN	475
számvevőszéki_ADJ	474
Izrael_PROPN	473
rendezvény_NOUN	472
vizsgálóbizottság_NOUN	471
adhat_SYM	470
végrehajt_SYM	469
családtag_NOUN	468
kifejez_SYM	467
változott_SYM	466
onnan_ADV	465
leír_SYM	464
jogalkotási_ADJ	463
szilárd_ADJ	462
használt_ADJ	461
utasít_SYM	460
érzés_NOUN	459
történeti_ADJ	458
szeretnék_reagál_NOUN	457
tíz_év_NOUN	456
speciális_ADJ	455
egyenlő_ADJ	454
hozzájárul_SYM	453
finanszíroz_SYM	452
fogyasztó_NOUN	451
megszűnik_SYM	450
rendőri_ADJ	449
egyszerre_ADV	448
hasznos_ADJ	447
állandó_ADJ	446
bezár_SYM	445
400_NUM	444
előkészítés_NOUN	443
végrehajtó_ADJ	442
zavar_NOUN	441
végzett_ADJ	440
alátámaszt_SYM	439
semmiképpen_ADV	438
megvár_SYM	437
nagyságrend_NOUN	436
világosan_ADJ	435
alkotmányügyi_bizottság_NOUN	434
nemes_ADJ	433
nemzetiségi_ADJ	432
megjegyzés_NOUN	431
május_NOUN	430
benedek_ADJ	429
köthető_ADJ	428
26_NUM	427
hátrányos_ADJ	426
tudományos_ADJ	425
erőszak_NOUN	424
közszolgálati_ADJ	423
ul_VERB	422
minősített_ADJ	421
nemzeti_bank_NOUN	420
választó_ADJ	419
félelem_NOUN	418
nyilvános_ADJ	417
felszólal_SYM	416
végső_ADJ	415
Vas_PROPN	414
együttes_ADJ	413
vád_NOUN	412
alkotmány_NOUN	411
eldönt_PRON	410
igényel_SYM	409
akadály_NOUN	408
maximum_ADV	407
felesleges_ADJ	406
informatikai_hálózat_INTJ	405
vállalt_ADJ	404
munkatárs_NOUN	403
visel_SYM	402
Kósa_Lajos_PROPN	401
drága_ADJ	400
ígért_SYM	399
ülésterem_NOUN	398
tartózkodás_nélkül_ADV	397
minősül_SYM	396
értet_NOUN	395
hangzott_el_NOUN	394
valósít_SYM	393
bizonyára_ADV	392
érvényesül_SYM	391
számítás_NOUN	390
államtitkári_ADJ	389
jogszabályi_ADJ	388
viszonylag_ADV	387
megélhetés_NOUN	386
támogató_ADJ	385
kiegészít_SYM	384
ba_VERB	383
elkövet_SYM	382
te_PRON	381
plenáris_ADJ	380
ipari_ADJ	379
hátrány_NOUN	378
honnan_ADV	377
ellenkező_ADJ	376
végrehajtási_ADJ	375
beavatkozás_NOUN	374
aktuális_ADJ	373
képesség_NOUN	372
válaszadó_NOUN	371
jelenik_meg_INTJ	370
próbáljuk_SYM	369
tekinthető_ADJ	368
korlátozás_NOUN	367
csoda_NOUN	366
kifogás_NOUN	365
átad_SYM	364
támadás_NOUN	363
Magyarok_PROPN	362
mindannyi_ADJ	361
kizár_SYM	360
attila_ADJ	359
indokolatlan_ADJ	358
utáni_ADJ	357
ellentétes_ADJ	356
háború_NOUN	355
aggályos_ADJ	354
értékel_SYM	353
ügyész_NOUN	352
Statisztika_PROPN	351
biztosan_ADJ	350
halál_NOUN	349
rendre_ADV	348
xx_INTJ	347
nappal_ADV	346
emelkedik_SYM	345
holnapi_ADJ	344
65_NUM	343
megmond_PRON	342
megteremtés_NOUN	341
köteles_ADJ	340
irányú_ADJ	339
várhatóan_ADJ	338
szervezett_ADJ	337
ellentmondás_NOUN	336
szán_SYM	335
döntő_ADJ	334
havi_ADJ	333
jómagam_ADJ	332
Minimálbér_NOUN	331
eseti_ADJ	330
választókerület_NOUN	329
Törvény_NOUN	328
társ_NOUN	327
hiányol_SYM	326
lakossági_ADJ	325
vel_NOUN	324
2017_NUM	323
fogalma_NOUN	322
köszönhető_ADJ	321
sorozat_NOUN	320
szokás_NOUN	319
nehogy_SCONJ	318
börtön_NOUN	317
nyilvántartás_NOUN	316
növelés_NOUN	315
nyár_NOUN	314
működ_NOUN	313
megerősít_SYM	312
szemlélet_NOUN	311
játszik_SYM	310
ból_NOUN	309
fős_ADJ	308
ezután_ADV	307
támogatandó_ADJ	306
határozottan_ADJ	305
radikális_ADJ	304
elképzelhető_ADJ	303
felújítás_NOUN	302
gyula_NOUN	301
kényszerít_SYM	300
felsorol_SYM	299
tapasztalható_ADJ	298
felhasznál_SYM	297
elismerés_NOUN	296
beszélget_SYM	295
megfontolás_NOUN	294
nehéz_helyzet_NOUN	293
nyert_ADJ	292
belügyminiszter_NOUN	291
esetleges_ADJ	290
mondhatnám_SYM	289
alakult_ki_NOUN	288
gyanú_NOUN	287
senki_sem_ADV	286
infrastruktúra_NOUN	285
amiért_PRON	284
45_NUM	283
fény_NOUN	282
mulasztás_NOUN	281
kártya_NOUN	280
gárda_NOUN	279
bejelentett_ADJ	278
állított_ADJ	277
felszámolás_NOUN	276
tulajdonú_ADJ	275
kihívás_NOUN	274
húz_SYM	273
védelmi_ADJ	272
2008_NUM	271
fennáll_SYM	270
tállai_andrás_NOUN	269
reggel_ADV	268
utalt_SYM	267
néha_ADV	266
akkora_PRON	265
éri_SYM	264
tegnapi_ADJ	263
eljárási_ADJ	262
tagság_NOUN	261
irán_ADJ	260
vitanap_NOUN	259
szakképzés_NOUN	258
idő_letelt_ADJ	257
látta_SYM	256
göndör_istván_ADV	255
erkölcsi_ADJ	254
ők_közt_NOUN	253
holnap_ADV	252
büszke_ADJ	251
mandátum_NOUN	250
mérce_NOUN	249
klik_NOUN	248
fellépés_NOUN	247
meddig_ADV	246
tűz_NOUN	245
különös_ADJ	244
kutya_NOUN	243
párhuzamosan_ADJ	242
film_NOUN	241
mnb_NOUN	240
megszorítás_NOUN	239
Labdarúgás_ADJ	238
hozzájárulás_NOUN	237
ász_NOUN	236
nehézség_NOUN	235
előbbi_ADJ	234
összegző_ADJ	233
körüli_ADJ	232
határoz_SYM	231
érvényes_ADJ	230
fizikai_ADJ	229
felső_ADJ	228
miatt_válaszadás_NOUN	227
valamilyen_mód_NOUN	226
Dénes_PROPN	225
bizonyíték_NOUN	224
tanuló_NOUN	223
28_NUM	222
kiegészítés_NOUN	221
hadsereg_NOUN	220
közelmúlt_NOUN	219
bekerül_SYM	218
miniszterelnökség_NOUN	217
érvényesít_SYM	216
intéz_ADJ	215
mindennap_ADV	214
veszélyeztet_SYM	213
konstruktív_ADJ	212
felmutat_SYM	211
szabadon_ADJ	210
kemény_ADJ	209
tényező_NOUN	208
kihasznál_SYM	207
termelő_ADJ	206
elmúlt_hét_NUM	205
hirtelen_ADV	204
emelt_ADJ	203
irányítás_NOUN	202
lépett_SYM	201
látott_ADJ	200
iskolai_ADJ	199
lefolytat_ADJ	198
megalkotás_NOUN	197
Egyesület_PROPN	196
amint_ADV	195
áfa_NOUN	194
sallai_ADJ	193
jogosítvány_NOUN	192
jogalkotó_NOUN	191
megenged_SYM	190
rendelkezés_álló_ADJ	189
vet_fel_ADV	188
nyugdíjrendszer_NOUN	187
imént_ADV	186
derül_SYM	185
területi_ADJ	184
mehet_SYM	183
szokott_SYM	182
struktúra_NOUN	181
kúria_NOUN	180
ágnes_ADJ	179
összefüggő_ADJ	178
célú_ADJ	177
szolgáló_ADJ	176
osok_NOUN	175
600_NUM	174
vagyonnyilatkozat_NOUN	173
előterjesztés_t_ADJ	172
január_1_NOUN	171
ejt_SYM	170
diktatúra_NOUN	169
en_PRON	168
titkár_NOUN	167
Oroszország_PROPN	166
zárt_ADJ	165
sorolhat_SYM	164
salátatörvény_NOUN	163
fontosság_NOUN	162
ő_által_NOUN	161
kapacitás_NOUN	160
legfeljebb_ADV	159
mondanám_SYM	158
írásbeli_ADJ	157
kormányhivatal_NOUN	156
schiffer_ADJ	155
április_NOUN	154
konszenzus_NOUN	153
állampolgárság_NOUN	152
boldog_ADJ	151
okozott_ADJ	150
megfogalmazódott_SYM	149
moratórium_NOUN	148
megtalál_SYM	147
honfitárs_NOUN	146
nulla_NUM	145
ugyancsak_CONJ	144
csakhogy_CONJ	143
lesöpör_ADJ	142
büntetőjogi_ADJ	141
fenntartható_ADJ	140
megtakarítás_NOUN	139
kétszer_ADV	138
tisztség_NOUN	137
fő_ügyész_NOUN	136
keret_között_ADJ	135
követi_SYM	134
tüntetés_NOUN	133
kétharmados_többség_NOUN	132
előír_SYM	131
azonos_ADJ	130
reform_NOUN	129
ékes_ADJ	128
összefoglal_SYM	127
50_százalék_NOUN	126
jelenlét_NOUN	125
egyaránt_ADV	124
előirányzat_NOUN	123
tényállás_NOUN	122
Erdély_PROPN	121
Afganisztán_PROPN	120
kivesz_SYM	119
ellátó_ADJ	118
kényszer_NOUN	117
nyúlik_SYM	116
megismétel_SYM	115
egyre_inkább_ADV	114
segítő_ADJ	113
ekkora_PRON	112
elad_SYM	111
odáig_ADV	110
közepes_ADJ	109
Magyar_Nemzeti_Bank_PROPN	108
hajt_SYM	107
tudná_SYM	106
szellemi_ADJ	105
érthetetlen_ADJ	104
elindul_SYM	103
zakó_NOUN	102
bejelent_SYM	101
nél_NOUN	100
meghatározó_ADJ	99
másik_oldal_NUM	98
ellenőrzési_ADJ	97
kérelem_NOUN	96
átláthatóság_NOUN	95
passzus_NOUN	94
által_benyújtott_ADJ	93
sarkalatos_ADJ	92
folyó_ADJ	91
csapat_NOUN	90
fogyasztóvédelmi_ADJ	89
kontroll_NOUN	88
ő_mögé_NOUN	87
keleti_ADJ	86
valósult_SYM	85
létező_ADJ	84
földterület_NOUN	83
idei_ADJ	82
utóbb_ADV	81
elsődleges_ADJ	80
funkció_NOUN	79
bead_SYM	78
autó_NOUN	77
Szocializmus_PROPN	76
részesül_SYM	75
munkavégzés_NOUN	74
megnyit_SYM	73
maximálisan_ADJ	72
r_NOUN	71
konstrukció_NOUN	70
nemrégiben_ADV	69
mű_NOUN	68
megtett_ADJ	67
fejez_ADJ	66
hagyomány_NOUN	65
várni_SYM	64
generáció_NOUN	63
csőd_NOUN	62
Nemzetközi_Valutaalap_NOUN	61
szabadságharc_NOUN	60
belüli_ADJ	59
tanul_SYM	58
életpályamodell_NOUN	57
bocsát_SYM	56
forintnyi_ADJ	55
középvállalkozás_NOUN	54
orvosol_SYM	53
zajlott_SYM	52
leszögez_SYM	51
többségi_ADJ	50
célszerű_ADJ	49
hangsúly_NOUN	48
emlékmű_NOUN	47
elmaradt_ADJ	46
garantál_SYM	45
örül_neki_ADJ	44
teljes_körű_ADJ	43
fenyeget_SYM	42
üzlet_NOUN	41
elkölt_SYM	40
banki_ADJ	39
technológia_NOUN	38
mikrofon_NOUN	37
elindult_SYM	36
Földgáz_ADJ	35
megnyugtató_ADJ	34
mennyiségű_ADJ	33
irányuló_ADJ	32
elveszik_SYM	31
évi_költségvetés_NOUN	30
fővárosi_ADJ	29
hirdet_NOUN	28
mindenhol_ADV	27
Szlovákia_PROPN	26
büntet_SYM	25
zászló_NOUN	24
vaLó_ADJ	23
bent_ADV	22
kétség_NOUN	21
illető_ADJ	20
2007_NUM	19
termelés_NOUN	18
fordult_SYM	17
tilt_SYM	16
költő_NOUN	15
mér_SYM	14
letelepedési_ADJ	13
kitétel_NOUN	12
folytatott_ADJ	11
tartalék_NOUN	10
hibás_ADJ	9
modern_ADJ	8
varga_NOUN	7
támaszt_NOUN	6
konfliktus_NOUN	5
részvétel_NOUN	4
mindjárt_ADV	3
bővítés_NOUN	2
jelentet_SYM	1
