a_DET	15875
az_DET	15874
hogy_SCONJ	15873
és_CONJ	15872
ez_PRON	15871
nem_ADV	15870
is_CONJ	15869
egy_DET	15868
van_SYM	15867
amely_PRON	15866
meg_PART	15865
ami_PRON	15864
kell_SYM	15863
Magyarország_PROPN	15862
ha_SCONJ	15861
de_CONJ	15860
szó_NOUN	15859
volt_SYM	15858
vagy_CONJ	15857
olyan_PRON	15856
törvény_NOUN	15855
kormány_NOUN	15854
mi_PRON	15853
ön_PRON	15852
tud_SYM	15851
már_ADV	15850
én_PRON	15849
képviselő_úr_NOUN	15848
mert_SCONJ	15847
csak_ADV	15846
most_ADV	15845
kérdés_NOUN	15844
lesz_SYM	15843
tehát_CONJ	15842
lehet_SYM	15841
el_ADV	15840
még_ADV	15839
itt_ADV	15838
elnök_NOUN	15837
köszönöm_szépen_NOUN	15836
aki_PRON	15835
eb_NOUN	15834
elnök_úr_ADJ	15833
fog_AUX	15832
dr_INTJ	15831
javaslat_NOUN	15830
ország_NOUN	15829
év_NOUN	15828
ki_ADV	15827
tisztelt_ADJ	15826
sem_ADV	15825
köszönöm_SYM	15824
e_PRON	15823
sor_NOUN	15822
nagyon_ADV	15821
mint_SCONJ	15820
ilyen_PRON	15819
nagy_ADJ	15818
Fidesz__Magyar_Polgári_Szövetség_NOUN	15817
Magyar_Szocialista_Párt_PROPN	15816
bizottság_NOUN	15815
hanem_CONJ	15814
pedig_CONJ	15813
úgy_ADV	15812
taps_NOUN	15811
rész_NOUN	15810
minden_PRON	15809
jó_ADJ	15808
hiszen_CONJ	15807
azért_ADV	15806
törvényjavaslat_NOUN	15805
amikor_ADV	15804
alap_NOUN	15803
szeret_SYM	15802
így_CONJ	15801
eset_NOUN	15800
tesz_SYM	15799
más_PRON	15798
szerint_ADP	15797
gondol_SYM	15796
vita_NOUN	15795
figyelem_NOUN	15794
tisztelt_országgyűlés_NOUN	15793
képviselő_ADJ	15792
új_ADJ	15791
helyzet_NOUN	15790
államtitkár_úr_NOUN	15789
kérem_SYM	15788
ezért_ADV	15787
két_NUM	15786
ember_NOUN	15785
illetve_CONJ	15784
majd_ADV	15783
rendszer_NOUN	15782
több_NUM	15781
pont_ADV	15780
tisztelt_ház_NOUN	15779
országgyűlés_NOUN	15778
Európai_Unió_PROPN	15777
támogatás_NOUN	15776
lehetőség_NOUN	15775
maga_PRON	15774
ne_ADV	15773
igen_INTJ	15772
egyébként_ADV	15771
költségvetés_NOUN	15770
be_ADV	15769
fontos_ADJ	15768
képviselőtárs_NOUN	15767
ad_SYM	15766
probléma_NOUN	15765
ügy_NOUN	15764
módosító_javaslat_NOUN	15763
úr_NOUN	15762
kíván_SYM	15761
dolog_NOUN	15760
önkormányzat_NOUN	15759
milyen_PRON	15758
terület_NOUN	15757
fel_ADV	15756
számára_ADP	15755
cél_NOUN	15754
tart_SYM	15753
munka_NOUN	15752
feladat_NOUN	15751
válasz_NOUN	15750
által_ADP	15749
százalék_NOUN	15748
egyik_PRON	15747
jog_NOUN	15746
mód_NOUN	15745
idő_NOUN	15744
támogat_SYM	15743
valóban_ADV	15742
lát_SYM	15741
vannak_SYM	15740
hisz_CONJ	15739
kerül_SYM	15738
parlament_NOUN	15737
azonban_CONJ	15736
beszél_SYM	15735
gazdasági_ADJ	15734
s_CONJ	15733
való_ADJ	15732
ma_ADV	15731
ezen_PRON	15730
akar_SYM	15729
abban_PRON	15728
után_ADP	15727
megad_SYM	15726
tisztelt_képviselőtárs_NOUN	15725
természetesen_ADJ	15724
érdeke_NOUN	15723
legyen_SYM	15722
ott_ADV	15721
kapcsolat_NOUN	15720
sok_NUM	15719
között_ADP	15718
miniszter_úr_NOUN	15717
program_NOUN	15716
állami_ADJ	15715
ő_PRON	15714
kellene_SYM	15713
mond_SYM	15712
szükséges_ADJ	15711
szavazás_NOUN	15710
úgy_gondol_INTJ	15709
például_ADV	15708
másik_PRON	15707
ahol_ADV	15706
politikai_ADJ	15705
költségvetési_ADJ	15704
módosítás_NOUN	15703
talán_ADV	15702
elmond_SYM	15701
mind_CONJ	15700
néhány_PRON	15699
akár_ADV	15698
szempont_NOUN	15697
szól_SYM	15696
döntés_NOUN	15695
jelen_ADV	15694
szám_NOUN	15693
érdek_érd_NOUN	15692
miért_ADV	15691
ők_PRON	15690
tett_ADJ	15689
vesz_SYM	15688
szavaz_SYM	15687
szóló_ADJ	15686
következő_ADJ	15685
1_NUM	15684
állam_NOUN	15683
ugyanaz_PRON	15682
egész_ADJ	15681
intézmény_NOUN	15680
pénz_NOUN	15679
i_NOUN	15678
t_NOUN	15677
2_NUM	15676
kap_SYM	15675
nemzeti_ADJ	15674
igaz_ADJ	15673
elfogad_SYM	15672
szervezet_NOUN	15671
évi_ADJ	15670
biztosít_SYM	15669
10_NUM	15668
szabály_NOUN	15667
ok_NOUN	15666
áll_SYM	15665
szeretnék_SYM	15664
Jobbik_Magyarországért_Mozgalom_PROPN	15663
nemcsak_CONJ	15662
megoldás_NOUN	15661
miniszter_NOUN	15660
forrás_NOUN	15659
ért_SYM	15658
milliárd_forint_ADV	15657
tevékenység_NOUN	15656
hoz_SYM	15655
van_szó_NOUN	15654
miatt_ADP	15653
jelent_SYM	15652
saját_PRON	15651
első_ADJ	15650
tekintet_NOUN	15649
vélemény_NOUN	15648
kis_ADJ	15647
jelez_SYM	15646
hogyan_ADV	15645
jól_ADV	15644
mellett_ADP	15643
Alkotmány_PROPN	15642
rendelkezés_NOUN	15641
bizonyos_ADJ	15640
eljárás_NOUN	15639
szabályozás_NOUN	15638
kérdez_SYM	15637
egyes_ADJ	15636
három_NUM	15635
lászló_ADJ	15634
következik_SYM	15633
hely_NOUN	15632
Szabad_Demokraták_Szövetsége_NOUN	15631
nap_ADV	15630
történt_SYM	15629
szakmai_ADJ	15628
mondani_SYM	15627
éppen_ADV	15626
ahogy_ADV	15625
20_NUM	15624
tudom_SYM	15623
módosító_indítvány_NOUN	15622
istván_ADV	15621
mindenki_PRON	15620
elmúlt_ADJ	15619
él_SYM	15618
feltétel_NOUN	15617
összeg_NOUN	15616
valamint_CONJ	15615
Magyar_Demokrata_Fórum_PROPN	15614
folyamat_NOUN	15613
került_SYM	15612
3_NUM	15611
mérték_NOUN	15610
ezer_NUM	15609
kér_SYM	15608
további_ADJ	15607
padsor_NOUN	15606
önkormányzati_ADJ	15605
ugyanis_CONJ	15604
5_NUM	15603
szemben_ADP	15602
út_NOUN	15601
viszont_CONJ	15600
nélkül_ADP	15599
gazdaság_NOUN	15598
igény_NOUN	15597
tag_NOUN	15596
álláspont_NOUN	15595
le_ADV	15594
elhangzott_ADJ	15593
eredmény_NOUN	15592
30_NUM	15591
jogszabály_NOUN	15590
azon_PRON	15589
felszólalás_NOUN	15588
ülés_NOUN	15587
kapcsolatos_ADJ	15586
kör_NOUN	15585
alatt_ADP	15584
adat_NOUN	15583
sajnos_INTJ	15582
kapocs_NOUN	15581
egyetért_SYM	15580
adó_NOUN	15579
es_CONJ	15578
jelenlegi_ADJ	15577
forma_NOUN	15576
teljesen_ADJ	15575
elég_ADJ	15574
keret_NOUN	15573
jános_ADJ	15572
vonatkozó_ADJ	15571
mondjuk_SYM	15570
fogad_el_NOUN	15569
szociális_ADJ	15568
igen_szavazat_INTJ	15567
hagy_SYM	15566
jelentős_ADJ	15565
név_NOUN	15564
érdek_NOUN	15563
vég_NOUN	15562
adott_ADJ	15561
15_NUM	15560
oldal_NOUN	15559
kevés_NUM	15558
társadalmi_ADJ	15557
család_NOUN	15556
társadalom_NOUN	15555
valaki_PRON	15554
példa_NOUN	15553
néz_SYM	15552
4_NUM	15551
intézkedés_NOUN	15550
át_ADV	15549
személy_NOUN	15548
belül_ADP	15547
nyilván_ADV	15546
valami_ADJ	15545
szabad_ADJ	15544
elfogadás_NOUN	15543
jövő_ADJ	15542
megfelelő_ADJ	15541
pontosan_ADJ	15540
lépés_NOUN	15539
államtitkár_NOUN	15538
ház_NOUN	15537
nemzetközi_ADJ	15536
fejlesztés_NOUN	15535
szint_NOUN	15534
egyéb_PRON	15533
kötelezettség_NOUN	15532
ellátás_NOUN	15531
általános_vita_NOUN	15530
folytat_SYM	15529
tartalmaz_SYM	15528
elnök_köszönöm_ADJ	15527
képviselő_asszony_ADJ	15526
mondta_SYM	15525
irány_NOUN	15524
szintén_CONJ	15523
mondom_SYM	15522
közbeszólás_NOUN	15521
parlamenti_ADJ	15520
eszköz_NOUN	15519
százalékos_ADJ	15518
kormányzat_NOUN	15517
település_NOUN	15516
együtt_ADV	15515
politikus_NOUN	15514
cím_NOUN	15513
mivel_SCONJ	15512
korábbi_ADJ	15511
mindez_PRON	15510
frakció_NOUN	15509
elnök_asszony_ADJ	15508
egészségügyi_ADJ	15507
minisztérium_NOUN	15506
hozzá_PRON	15505
semmi_PRON	15504
parancsol_SYM	15503
szándék_NOUN	15502
kezd_SYM	15501
értelem_NOUN	15500
pénzügyi_ADJ	15499
külön_ADJ	15498
illet_SYM	15497
történik_SYM	15496
tárgyalás_NOUN	15495
válaszol_SYM	15494
előterjesztés_NOUN	15493
gyermek_NOUN	15492
benne_PRON	15491
tovább_ADV	15490
Földmunkás__és_Polgári_Párt_PROPN	15489
Független_Kisgazda_NOUN	15488
40_NUM	15487
teljes_ADJ	15486
óta_ADP	15485
határozat_NOUN	15484
előtt_ADP	15483
segít_SYM	15482
szükség_NOUN	15481
rossz_ADJ	15480
50_NUM	15479
gyakorlat_NOUN	15478
ajánlás_NOUN	15477
6_NUM	15476
többség_NOUN	15475
mennyi_PRON	15474
tény_NOUN	15473
pár_NUM	15472
foglalkozik_SYM	15471
érték_NOUN	15470
Kereszténydemokrata_Néppárt_PROPN	15469
mely_PRON	15468
védelem_NOUN	15467
említett_ADJ	15466
ben_NOUN	15465
korábban_ADV	15464
hónap_NOUN	15463
gábor_ADJ	15462
nagyon_fontos_ADJ	15461
jogi_ADJ	15460
egymás_PRON	15459
8_NUM	15458
komoly_ADJ	15457
bizony_ADV	15456
bár_SCONJ	15455
legalább_ADV	15454
milliárd_NUM	15453
különböző_ADJ	15452
cég_NOUN	15451
bíróság_NOUN	15450
kicsi_ADJ	15449
sokkal_NUM	15448
ellenzék_NOUN	15447
rá_PRON	15446
állampolgár_NOUN	15445
vissza_ADV	15444
mondja_SYM	15443
elem_NOUN	15442
száj_NOUN	15441
mindig_ADV	15440
indítvány_NOUN	15439
fizet_SYM	15438
általános_ADJ	15437
dönt_SYM	15436
tulajdonképpen_ADV	15435
számú_ADJ	15434
forint_NOUN	15433
ellenzéki_ADJ	15432
több_mint_ADV	15431
csökkent_SYM	15430
mutat_SYM	15429
részletes_vita_NOUN	15428
nem_ellenében_NOUN	15427
időszak_NOUN	15426
mindenképpen_ADV	15425
képest_ADP	15424
keresztül_ADP	15423
jár_SYM	15422
miniszterelnök_úr_NOUN	15421
biztos_ADJ	15420
világ_NOUN	15419
vállalkozás_NOUN	15418
beszélt_SYM	15417
párt_NOUN	15416
lehetne_SYM	15415
magas_ADJ	15414
hiány_NOUN	15413
megkérdez_SYM	15412
esetleg_ADV	15411
történő_ADJ	15410
jelenleg_ADV	15409
Demokrácia_PROPN	15408
politika_NOUN	15407
iskola_NOUN	15406
változás_NOUN	15405
jelentés_NOUN	15404
javasol_SYM	15403
fél_NUM	15402
hogyha_SCONJ	15401
kormányzati_ADJ	15400
millió_forint_ADV	15399
vár_SYM	15398
hivatal_NOUN	15397
persze_ADV	15396
érint_SYM	15395
beruházás_NOUN	15394
inkább_ADV	15393
ár_NOUN	15392
benyújtott_ADJ	15391
mintegy_ADV	15390
hozzászólás_NOUN	15389
közül_ADP	15388
annyi_PRON	15387
közös_ADJ	15386
józsef_ADJ	15385
szerep_NOUN	15384
marad_SYM	15383
érintett_ADJ	15382
ban_NOUN	15381
gyakorlatilag_ADJ	15380
próbál_SYM	15379
terv_NOUN	15378
élet_NOUN	15377
felelősség_NOUN	15376
megy_SYM	15375
perc_NOUN	15374
kellett_SYM	15373
bizottsági_ADJ	15372
ellen_ADP	15371
mai_ADJ	15370
költség_NOUN	15369
szolgál_SYM	15368
különösen_ADV	15367
támogatja_SYM	15366
szerv_NOUN	15365
működés_NOUN	15364
tér_NOUN	15363
nagyon_sok_NOUN	15362
országos_ADJ	15361
túl_ADV	15360
megállapodás_NOUN	15359
12_NUM	15358
rendelkezik_SYM	15357
mégis_ADV	15356
millió_NUM	15355
állít_SYM	15354
egyáltalán_ADV	15353
szolgáltatás_NOUN	15352
hatás_NOUN	15351
dolgozik_dolgoz_NOUN	15350
kormánypárti_ADJ	15349
hét_NUM	15348
vagyon_NOUN	15347
szerepel_SYM	15346
szakasz_NOUN	15345
9_NUM	15344
még_egyszer_ADV	15343
számos_NUM	15342
elv_NOUN	15341
fő_ADJ	15340
hasonló_ADJ	15339
sándor_ADJ	15338
végül_ADV	15337
előterjesztő_NOUN	15336
7_NUM	15335
növekedés_NOUN	15334
részben_ADV	15333
hazai_ADJ	15332
vált_SYM	15331
helyi_ADJ	15330
törvény_módosítás_NOUN	15329
közel_ADV	15328
szerződés_NOUN	15327
jut_SYM	15326
képviselőcsoport_NOUN	15325
bevétel_NOUN	15324
veszik_vesz_NOUN	15323
tudta_SYM	15322
állapot_NOUN	15321
érdemes_ADJ	15320
választás_NOUN	15319
Kisebbség_NOUN	15318
mint_ahogy_SCONJ	15317
előző_ADJ	15316
ismer_SYM	15315
rend_NOUN	15314
hosszú_ADJ	15313
tartózkodás_mellett_ADJ	15312
gond_NOUN	15311
amelyik_PRON	15310
súlyos_ADJ	15309
Lehet_Más_a_Politika_PROPN	15308
egyetlen_ADJ	15307
asszony_NOUN	15306
györgy_ADJ	15305
nyilvánvalóan_ADJ	15304
derültség_NOUN	15303
péter_NOUN	15302
hát_ADV	15301
először_ADV	15300
pályázat_NOUN	15299
tanács_NOUN	15298
második_ADJ	15297
aztán_ADV	15296
lévő_ADJ	15295
zoltán_PROPN	15294
tisztelet_NOUN	15293
13_NUM	15292
minisztériumi_államtitkár_NOUN	15291
törvénytervezet_NOUN	15290
kormánypárt_sor_NOUN	15289
rendkívül_ADV	15288
képes_ADJ	15287
én_szerint_ADV	15286
16_NUM	15285
szóló_törvény_NOUN	15284
vizsgálat_NOUN	15283
határ_NOUN	15282
úgynevezett_ADJ	15281
kerül_sor_NOUN	15280
kért_ADJ	15279
fiatal_ADJ	15278
képviselõ_úr_NOUN	15277
külföldi_ADJ	15276
többi_ADJ	15275
piac_NOUN	15274
megfelelően_ADJ	15273
nehéz_ADJ	15272
teszi_SYM	15271
konkrét_ADJ	15270
dolgozó_ADJ	15269
környezetvédelmi_ADJ	15268
nyugdíj_NOUN	15267
működik_SYM	15266
téma_NOUN	15265
arány_NOUN	15264
hangsúlyoz_SYM	15263
idéz_ADJ	15262
kiadás_NOUN	15261
senki_PRON	15260
mondat_NOUN	15259
sőt_CONJ	15258
biztonság_NOUN	15257
végre_ADV	15256
remél_SYM	15255
enged_meg_INTJ	15254
amennyiben_SCONJ	15253
napirend_NOUN	15252
valamennyi_PRON	15251
ellenére_ADP	15250
helyes_ADJ	15249
minél_ADV	15248
lakosság_NOUN	15247
14_NUM	15246
indokolt_ADJ	15245
kíván_e_NOUN	15244
alkalom_NOUN	15243
miniszterelnök_NOUN	15242
élő_ADJ	15241
11_NUM	15240
egyrészt_ADV	15239
szavazat_NOUN	15238
képviselői_NOUN	15237
teher_NOUN	15236
segítség_NOUN	15235
elsősorban_ADV	15234
elő_ADV	15233
tartozik_SYM	15232
lett_SYM	15231
teremt_SYM	15230
andrás_ADJ	15229
tapasztalat_NOUN	15228
föld_NOUN	15227
közötti_ADJ	15226
valamilyen_PRON	15225
következmény_NOUN	15224
tervezet_NOUN	15223
tárca_NOUN	15222
egységes_ADJ	15221
magyarország_ADJ	15220
tamás_ADJ	15219
válik_SYM	15218
vett_ADJ	15217
alkalmas_ADJ	15216
egészen_ADV	15215
egyre_ADV	15214
ennyi_PRON	15213
megtesz_SYM	15212
használ_SYM	15211
térség_NOUN	15210
viszony_NOUN	15209
elmondott_ADJ	15208
18_NUM	15207
helyett_ADP	15206
kívül_ADP	15205
független_ADJ	15204
sikerült_SYM	15203
csinál_SYM	15202
lett_van_ADJ	15201
ferenc_ADJ	15200
vagyok_SYM	15199
óra_NOUN	15198
város_NOUN	15197
rövid_ADJ	15196
tekintett_ADJ	15195
végez_SYM	15194
kéz_NOUN	15193
oktatási_ADJ	15192
vezető_ADJ	15191
bízik_bíz_NOUN	15190
Alkotmánybíróság_PROPN	15189
nak_NOUN	15188
hatóság_NOUN	15187
mostani_ADJ	15186
gondolat_NOUN	15185
hiba_NOUN	15184
föl_ADV	15183
uniós_ADJ	15182
újra_ADV	15181
jobban_ADV	15180
Privatizáció_NOUN	15179
interpelláció_NOUN	15178
imre_NOUN	15177
haza_ADV	15176
harmadik_ADJ	15175
országgyûlés_NOUN	15174
vonatkozás_NOUN	15173
talál_SYM	15172
finanszírozás_NOUN	15171
vajon_ADV	15170
kulturális_ADJ	15169
elmúlt_év_ADJ	15168
baj_NOUN	15167
jövedelem_NOUN	15166
négy_NUM	15165
követően_ADJ	15164
erő_NOUN	15163
oktatás_NOUN	15162
lehetett_SYM	15161
végrehajtás_NOUN	15160
unió_NOUN	15159
koncepció_NOUN	15158
önmaga_PRON	15157
os_INTJ	15156
ezer_forint_ADV	15155
25_NUM	15154
össze_ADV	15153
utolsó_ADJ	15152
tulajdon_NOUN	15151
gyerek_NOUN	15150
örül_SYM	15149
általában_ADV	15148
bevezetés_NOUN	15147
szinte_ADV	15146
tétel_NOUN	15145
felhív_SYM	15144
szabályoz_SYM	15143
elfogad_e_ADJ	15142
továbbra_is_NOUN	15141
egészségügy_NOUN	15140
ugyan_ADV	15139
folyamatosan_ADJ	15138
világos_ADJ	15137
egyeztetés_NOUN	15136
alá_ADV	15135
tekint_SYM	15134
megyei_ADJ	15133
van_szükség_NOUN	15132
kimond_SYM	15131
tájékoztat_SYM	15130
elõtt_ADJ	15129
megint_ADV	15128
érv_NOUN	15127
követelmény_NOUN	15126
igenis_ADV	15125
Társadalombiztosítás_PROPN	15124
kapcsolódó_ADJ	15123
körülbelül_ADV	15122
17_NUM	15121
mindaz_PRON	15120
anyag_NOUN	15119
tulajdonos_NOUN	15118
vélemény_szerint_ADV	15117
különbség_NOUN	15116
oda_ADV	15115
tényleg_ADV	15114
azaz_CONJ	15113
éppen_ezért_NOUN	15112
tisztelt_képviselõtársaim_NOUN	15111
abból_PRON	15110
eddigi_ADJ	15109
elérik_elér_ADJ	15108
emel_SYM	15107
vonatkozik_SYM	15106
utal_SYM	15105
termék_NOUN	15104
ellenőrzés_NOUN	15103
Házszabály_PROPN	15102
nemzet_NOUN	15101
mondott_SYM	15100
továbbá_ADV	15099
éves_ADJ	15098
két_perc_NOUN	15097
hol_ADV	15096
miután_SCONJ	15095
testület_NOUN	15094
jön_SYM	15093
jegyző_NOUN	15092
csökkentés_NOUN	15091
alacsony_ADJ	15090
elé_ADP	15089
úgyhogy_CONJ	15088
munkahely_NOUN	15087
díj_NOUN	15086
hölgy_NOUN	15085
alapvető_ADJ	15084
rendelet_NOUN	15083
öt_NUM	15082
utána_PRON	15081
2010_NUM	15080
amire_PRON	15079
kezel_SYM	15078
hat_NUM	15077
szöveg_NOUN	15076
európa_ADJ	15075
polgári_ADJ	15074
információ_NOUN	15073
mondtam_SYM	15072
környezet_NOUN	15071
zaj_NOUN	15070
miközben_ADV	15069
lehető_ADJ	15068
hatály_NOUN	15067
legalábbis_ADV	15066
anyagi_ADJ	15065
csökken_SYM	15064
hatáskör_NOUN	15063
időkeret_NOUN	15062
pénzügyminiszter_NOUN	15061
elsõ_ADJ	15060
tisztelt_országgyûlés_NOUN	15059
elfogadott_ADJ	15058
adott_eset_ADJ	15057
Észak_atlanti_Szerződés_Szervezete_NOUN	15056
felé_ADP	15055
tárgy_NOUN	15054
garancia_NOUN	15053
ugyanez_PRON	15052
összefüggés_NOUN	15051
közösség_NOUN	15050
vállalkozó_NOUN	15049
vagyis_CONJ	15048
hatékony_ADJ	15047
többet_NUM	15046
fejlesztési_ADJ	15045
megállapít_SYM	15044
hitel_NOUN	15043
csupán_ADV	15042
szóló_törvényjavaslat_NOUN	15041
megállapítás_NOUN	15040
törvényi_ADJ	15039
másrészt_ADV	15038
törvénymódosítás_NOUN	15037
szereplő_ADJ	15036
múlt_ADJ	15035
esztendő_ADJ	15034
nyújt_SYM	15033
on_INTJ	15032
megfelelõ_ADJ	15031
szépen_ADJ	15030
előbb_ADV	15029
tudomás_NOUN	15028
se_CONJ	15027
sokszor_ADV	15026
polgár_NOUN	15025
tetszik_SYM	15024
szólt_SYM	15023
vizsgál_SYM	15022
megold_PRON	15021
beszámoló_NOUN	15020
többször_ADV	15019
csengő_megkocogtatás_NOUN	15018
vezet_SYM	15017
röviden_ADJ	15016
bank_NOUN	15015
igazán_ADV	15014
kezelés_NOUN	15013
ír_ADJ	15012
egyszer_ADV	15011
elképzelés_NOUN	15010
lehetséges_ADJ	15009
nyilvánosság_NOUN	15008
tartalom_NOUN	15007
polgármester_NOUN	15006
kötelező_ADJ	15005
eredeti_ADJ	15004
említ_SYM	15003
bekezdés_NOUN	15002
kellett_van_ADJ	15001
érez_SYM	15000
100_NUM	14999
egyszerűen_ADJ	14998
csoport_NOUN	14997
vitatkozik_SYM	14996
központi_ADJ	14995
nos_INTJ	14994
nyilvánvaló_ADJ	14993
egyház_NOUN	14992
egyértelműen_ADJ	14991
következtében_ADP	14990
ma_már_ADV	14989
hallik_hall_NOUN	14988
keres_SYM	14987
megjegyzés_NOUN	14986
lényeges_ADJ	14985
kamara_NOUN	14984
ágazat_NOUN	14983
alapvetően_ADJ	14982
sokan_ADV	14981
jelentkezik_SYM	14980
ingatlan_NOUN	14979
látszik_SYM	14978
reform_NOUN	14977
19_NUM	14976
pozitív_ADJ	14975
nyugdíjas_ADJ	14974
jelzés_NOUN	14973
piaci_ADJ	14972
ment_SYM	14971
évtized_NOUN	14970
folyik_SYM	14969
képviselõtársam_NOUN	14968
kár_NOUN	14967
növel_SYM	14966
tartózkodás_nélkül_ADV	14965
mai_nap_ADV	14964
határozati_javaslat_NOUN	14963
mikor_ADV	14962
felhasználás_NOUN	14961
fejezet_NOUN	14960
biztosítás_NOUN	14959
javasolt_ADJ	14958
bér_NOUN	14957
akkori_ADJ	14956
tessék_INTJ	14955
Infláció_NOUN	14954
mag_NOUN	14953
országgyűlési_ADJ	14952
as_VERB	14951
kapott_SYM	14950
ide_ADV	14949
érdemi_ADJ	14948
ismét_ADV	14947
kétperces_hozzászólás_NOUN	14946
semmilyen_PRON	14945
összes_ADJ	14944
szórványos_taps_NOUN	14943
igazságügyi_ADJ	14942
változtat_SYM	14941
beteg_ADJ	14940
egyértelmű_ADJ	14939
lép_SYM	14938
közlekedési_ADJ	14937
ugyancsak_CONJ	14936
meghatározott_ADJ	14935
felelős_ADJ	14934
együttműködés_NOUN	14933
amíg_ADV	14932
megye_NOUN	14931
álló_ADJ	14930
hivatkozik_SYM	14929
reagál_SYM	14928
vállalat_NOUN	14927
alkalmaz_SYM	14926
jelentõs_ADJ	14925
lakás_NOUN	14924
kezdeményezés_NOUN	14923
kezdeményez_SYM	14922
mondhat_SYM	14921
emelés_NOUN	14920
úgy_érez_INTJ	14919
szolgálat_NOUN	14918
veszély_NOUN	14917
fordít_SYM	14916
míg_ADV	14915
00_NUM	14914
csatlakozás_NOUN	14913
megfogalmaz_SYM	14912
ebbõl_ADJ	14911
érdekes_ADJ	14910
errõl_ADJ	14909
hív_SYM	14908
ismert_ADJ	14907
án_NOUN	14906
bele_PRON	14905
megnéz_SYM	14904
õ_NOUN	14903
tiszta_ADJ	14902
kialakítás_NOUN	14901
összhang_NOUN	14900
számol_SYM	14899
2002_NUM	14898
megvalósítás_NOUN	14897
egyetlenegy_NUM	14896
nincsen_SYM	14895
miklós_ADJ	14894
valójában_ADV	14893
pillanat_NOUN	14892
közben_ADV	14891
bizottsági_ülés_NOUN	14890
született_SYM	14889
követ_SYM	14888
eleje_NOUN	14887
válság_NOUN	14886
nevezetesen_ADJ	14885
esély_NOUN	14884
ígéret_NOUN	14883
jutott_SYM	14882
kétperces_ADJ	14881
gazda_NOUN	14880
kedvezmény_NOUN	14879
társaság_NOUN	14878
kiemelt_ADJ	14877
60_NUM	14876
ismertet_SYM	14875
több_között_ADJ	14874
meghatároz_SYM	14873
ellenzéki_párt_ADJ	14872
szabadság_NOUN	14871
utóbbi_ADJ	14870
vonatkozóan_ADJ	14869
egyszerű_ADJ	14868
napirendi_pont_NOUN	14867
rendez_SYM	14866
tervezett_ADJ	14865
neki_PRON	14864
körülmény_NOUN	14863
közigazgatási_ADJ	14862
átalakítás_NOUN	14861
jelentkezett_SYM	14860
honvédelmi_ADJ	14859
nek_NOUN	14858
kormánypárti_padsor_NOUN	14857
ra_NOUN	14856
összesség_NOUN	14855
hatályos_ADJ	14854
épít_SYM	14853
tartani_SYM	14852
jelentkező_ADJ	14851
öröm_NOUN	14850
bármily_ADJ	14849
teljesít_SYM	14848
lajos_ADJ	14847
lenni_SYM	14846
soha_ADV	14845
megpróbál_SYM	14844
szövetkezet_NOUN	14843
károly_ADJ	14842
von_SYM	14841
nyilatkozat_NOUN	14840
nyom_NOUN	14839
felszólaló_ADJ	14838
gazdálkodás_NOUN	14837
érkezett_SYM	14836
kizárólag_ADV	14835
várható_ADJ	14834
különbözõ_ADJ	14833
többen_NUM	14832
törekvés_NOUN	14831
önálló_ADJ	14830
megfelel_SYM	14829
támogatott_ADJ	14828
Mezőgazdaság_PROPN	14827
azóta_ADV	14826
hatalom_NOUN	14825
nevez_SYM	14824
szövetség_NOUN	14823
óriási_ADJ	14822
kialakult_ADJ	14821
foglalkoztatás_NOUN	14820
kisebbség_NOUN	14819
sor_következik_SYM	14818
vidék_NOUN	14817
előadó_NOUN	14816
határidő_NOUN	14815
tervez_SYM	14814
fele_NOUN	14813
vállal_NOUN	14812
évi_költségvetés_NOUN	14811
ügyrendi_ADJ	14810
lényegében_NOUN	14809
ek_ADV	14808
biztosított_ADJ	14807
rendőrség_NOUN	14806
figyelem_vesz_NOUN	14805
előre_ADV	14804
fenntartás_NOUN	14803
re_NOUN	14802
hozott_ADJ	14801
pedagógus_NOUN	14800
megkap_SYM	14799
tehet_SYM	14798
képzés_NOUN	14797
kerülhet_SYM	14796
látni_SYM	14795
észrevétel_NOUN	14794
okoz_SYM	14793
képviselõ_ADJ	14792
helyez_SYM	14791
ti_PRON	14790
feltétlenül_ADV	14789
megvan_SYM	14788
függetlenül_ADJ	14787
gondolkodik_SYM	14786
kedves_ADJ	14785
tartozó_ADJ	14784
nő_NOUN	14783
nyújtott_be_INTJ	14782
bíró_NOUN	14781
meghallgat_SYM	14780
történelmi_ADJ	14779
ciklus_NOUN	14778
mintha_SCONJ	14777
Rendszerváltás_Magyarországon_PROPN	14776
együttes_ADJ	14775
működő_ADJ	14774
számunkra_PRON	14773
rt_NOUN	14772
elfogadható_ADJ	14771
köt_SYM	14770
Energia_NOUN	14769
bizottság_előadó_ADJ	14768
egyezmény_NOUN	14767
k_NOUN	14766
engedély_NOUN	14765
elutasít_SYM	14764
szakember_NOUN	14763
egyetértés_NOUN	14762
kérdéskör_NOUN	14761
bírósági_ADJ	14760
választási_ADJ	14759
részérõl_NOUN	14758
konszenzus_NOUN	14757
képvisel_SYM	14756
számomra_PRON	14755
sors_NOUN	14754
foglalt_ADJ	14753
egyetem_NOUN	14752
személyi_ADJ	14751
magatartás_NOUN	14750
gondolt_SYM	14749
jellegű_ADJ	14748
csomag_NOUN	14747
döntött_SYM	14746
oly_PRON	14745
kormánypárt_NOUN	14744
esemény_NOUN	14743
természetes_ADJ	14742
megjegyez_SYM	14741
fogad_SYM	14740
90_NUM	14739
gazdálkodó_ADJ	14738
hallgat_SYM	14737
családi_ADJ	14736
old_SYM	14735
2000_PROPN	14734
olvas_ADJ	14733
történet_NOUN	14732
módosít_SYM	14731
21_NUM	14730
szerinti_ADJ	14729
alkalmazás_NOUN	14728
ugyanúgy_ADV	14727
állt_SYM	14726
ugye_ADV	14725
szakma_NOUN	14724
vitat_SYM	14723
vezetés_NOUN	14722
közép_NOUN	14721
megfogalmazás_NOUN	14720
jogosult_ADJ	14719
lényeg_lényég_ADJ	14718
változtatás_NOUN	14717
felügyelet_NOUN	14716
semmiféle_PRON	14715
budapest_ADJ	14714
régi_ADJ	14713
ig_NOUN	14712
fogalmaz_SYM	14711
létrehozás_NOUN	14710
létszám_NOUN	14709
ráadás_NOUN	14708
verseny_NOUN	14707
véleményét_NOUN	14706
régió_NOUN	14705
nincsenek_SYM	14704
tájékoztatás_NOUN	14703
kovács_NOUN	14702
munkaügyi_ADJ	14701
megítélés_szerint_ADV	14700
meggyőződés_NOUN	14699
Amerikai_Egyesült_Államok_PROPN	14698
véd_SYM	14697
lezár_ADJ	14696
kultúra_NOUN	14695
kettő_NUM	14694
háttér_NOUN	14693
hozzájárulás_NOUN	14692
állami_számvevőszék_NOUN	14691
22_NUM	14690
szabó_NOUN	14689
indokol_SYM	14688
nép_NOUN	14687
maradt_SYM	14686
rögzít_SYM	14685
azonos_ADJ	14684
kapcsolatosan_ADJ	14683
közvélemény_NOUN	14682
tíz_NUM	14681
irányelv_NOUN	14680
megteremtés_NOUN	14679
Népszavazás_NOUN	14678
körülmény_között_ADJ	14677
hozzátesz_SYM	14676
tavaly_ADV	14675
hátrányos_ADJ	14674
folyt_SYM	14673
határoz_meg_INTJ	14672
tartott_ADJ	14671
elsõsorban_NOUN	14670
következõ_ADJ	14669
elleni_ADJ	14668
egyfajta_ADJ	14667
fontos_tart_AUX	14666
később_ADV	14665
számít_SYM	14664
hatósági_ADJ	14663
benyújt_SYM	14662
Államháztartás_NOUN	14661
hír_NOUN	14660
ül_SYM	14659
stratégia_NOUN	14658
kritika_NOUN	14657
állítás_NOUN	14656
szolgáltató_ADJ	14655
valószínűleg_ADV	14654
részlet_NOUN	14653
siker_NOUN	14652
születik_SYM	14651
kíván_feltesz_NOUN	14650
négy_év_INTJ	14649
valóság_NOUN	14648
határoz_SYM	14647
világosan_ADJ	14646
emlékeztet_SYM	14645
benyújtás_NOUN	14644
komolyan_ADJ	14643
mindenféle_PRON	14642
január_1_NOUN	14641
kereskedelmi_ADJ	14640
mire_ADV	14639
orvos_NOUN	14638
kórház_NOUN	14637
javít_SYM	14636
visz_SYM	14635
megfogalmazott_ADJ	14634
beterjesztett_ADJ	14633
határozathozatal_NOUN	14632
kétperces_felszólalás_NOUN	14631
fogalmaz_meg_INTJ	14630
igényel_SYM	14629
előírás_NOUN	14628
fejlődés_NOUN	14627
melyik_PRON	14626
egyben_ADV	14625
fajta_ADJ	14624
idén_ADV	14623
támogatási_ADJ	14622
járulék_NOUN	14621
levél_NOUN	14620
ezáltal_ADV	14619
megszüntet_SYM	14618
gergely_NOUN	14617
élelmiszer_NOUN	14616
Románia_PROPN	14615
lehetõséget_NOUN	14614
személyes_ADJ	14613
magán_ADJ	14612
érintő_ADJ	14611
alkot_SYM	14610
2004_NUM	14609
kevésbé_ADV	14608
későbbi_ADJ	14607
megszüntetés_NOUN	14606
számú_törvényjavaslat_NOUN	14605
mezőgazdasági_ADJ	14604
abba_PRON	14603
kérés_NOUN	14602
másfél_NUM	14601
gazdaságpolitika_NOUN	14600
hány_PRON	14599
közösen_ADJ	14598
kifejezetten_ADJ	14597
kiemel_SYM	14596
indok_NOUN	14595
kép_NOUN	14594
kifejezés_NOUN	14593
egyéni_ADJ	14592
összesen_ADV	14591
növelés_NOUN	14590
jelölt_ADJ	14589
tagállam_NOUN	14588
sajtó_NOUN	14587
sport_NOUN	14586
felvetés_NOUN	14585
módszer_NOUN	14584
indoklás_NOUN	14583
csaba_NOUN	14582
teljesítmény_NOUN	14581
felszólalás_előző_ADJ	14580
ülésnap_adat_NOUN	14579
száz_NUM	14578
kormányprogram_NOUN	14577
tudományos_ADJ	14576
megteremt_SYM	14575
figyel_SYM	14574
hosszú_táv_NOUN	14573
terjeszt_SYM	14572
igazság_NOUN	14571
frakcióvezető_NOUN	14570
közvetlen_ADJ	14569
milliárdos_ADJ	14568
terem_NOUN	14567
katona_NOUN	14566
mindannyian_PRON	14565
2003_NUM	14564
pál_NOUN	14563
szigorú_ADJ	14562
megköszön_SYM	14561
nehezen_ADJ	14560
rendkívüli_ADJ	14559
tárgyal_SYM	14558
2006_NUM	14557
bizonyít_SYM	14556
rendelkező_ADJ	14555
november_NOUN	14554
technikai_ADJ	14553
utalt_SYM	14552
annyira_ADV	14551
járt_SYM	14550
szokik_SYM	14549
építés_NOUN	14548
lényegesen_ADJ	14547
lévõ_ADJ	14546
készül_SYM	14545
jelentősen_ADJ	14544
tárgyalt_SYM	14543
kiegészítés_NOUN	14542
teljes_mérték_NOUN	14541
Németország_PROPN	14540
látható_ADJ	14539
bárki_PRON	14538
megjelenik_SYM	14537
még_mindig_ADV	14536
Budapest_PROPN	14535
szép_ADJ	14534
kategória_NOUN	14533
tudott_SYM	14532
ahogyan_ADV	14531
állásfoglalás_NOUN	14530
felhatalmazás_NOUN	14529
szolgáló_ADJ	14528
említette_SYM	14527
civil_ADJ	14526
70_NUM	14525
év_alatt_ADV	14524
Autópálya_PROPN	14523
létezik_létez_ADJ	14522
nyilvántartás_NOUN	14521
ész_NOUN	14520
történõ_ADJ	14519
pontos_ADJ	14518
alkotmányos_ADJ	14517
rendezés_NOUN	14516
zsolt_ADJ	14515
felszólalás_jelentkezett_ADJ	14514
h_SCONJ	14513
ot_ADV	14512
közvetlenül_ADJ	14511
széles_ADJ	14510
1998_NUM	14509
perces_időkeret_INTJ	14508
ital_NOUN	14507
sikeres_ADJ	14506
választ_NOUN	14505
csökkenés_NOUN	14504
Fogyasztó_PROPN	14503
képviselõk_ADJ	14502
beszéd_NOUN	14501
belügyminiszter_NOUN	14500
alelnök_NOUN	14499
megfelelõen_ADJ	14498
tibor_NOUN	14497
valódi_ADJ	14496
köz_NOUN	14495
foglalkoztatási_ADJ	14494
érdem_NOUN	14493
folyamatos_ADJ	14492
miszerint_SCONJ	14491
katonai_ADJ	14490
teljesítés_NOUN	14489
elmúlt_időszak_NUM	14488
megemlít_SYM	14487
központ_NOUN	14486
erősít_SYM	14485
juttatás_NOUN	14484
illetékes_ADJ	14483
megjelent_ADJ	14482
mégpedig_CONJ	14481
rév_NOUN	14480
nyolc_NUM	14479
zárószavazás_NOUN	14478
gyors_ADJ	14477
ó_INTJ	14476
december_NOUN	14475
előirányzat_NOUN	14474
kedvező_ADJ	14473
belső_ADJ	14472
készít_SYM	14471
típusú_ADJ	14470
munkanélküli_NOUN	14469
fizetés_NOUN	14468
felszólalás_következik_SYM	14467
sajnál_SYM	14466
szféra_NOUN	14465
leginkább_ADV	14464
Bruttó_hazai_termék_NOUN	14463
partner_NOUN	14462
mégiscsak_ADV	14461
erős_ADJ	14460
termelő_ADJ	14459
létrehoz_SYM	14458
1997_NUM	14457
kockázat_NOUN	14456
ság_NOUN	14455
kapcsolódik_kapcsolód_NOUN	14454
tekintve_ADV	14453
lényeg_NOUN	14452
nyújt_be_INTJ	14451
átfogó_ADJ	14450
200_NUM	14449
készült_ADJ	14448
láthat_SYM	14447
előkészítés_NOUN	14446
kifizetés_NOUN	14445
javítás_NOUN	14444
termelés_NOUN	14443
elõ_ADJ	14442
2007_NUM	14441
kötelesség_NOUN	14440
kivétel_NOUN	14439
regionális_ADJ	14438
meghatározás_NOUN	14437
béla_NOUN	14436
fedezet_NOUN	14435
meghatározó_ADJ	14434
visszatér_SYM	14433
elfogadhatatlan_ADJ	14432
jogos_ADJ	14431
valós_ADJ	14430
300_NUM	14429
ifjúsági_ADJ	14428
év_ezelőtt_ADV	14427
bal_oldal_NOUN	14426
Köztársasági_elnök_NOUN	14425
június_NOUN	14424
módosítani_SYM	14423
költő_NOUN	14422
dokumentum_NOUN	14421
víz_NOUN	14420
szerez_SYM	14419
szerencsés_ADJ	14418
ajánl_SYM	14417
részletes_ADJ	14416
képviselõtársaim_NOUN	14415
mértékű_ADJ	14414
televízió_NOUN	14413
kormányzás_NOUN	14412
esik_SYM	14411
javaslom_SYM	14410
mögött_ADP	14409
1990_NUM	14408
egység_NOUN	14407
ügyészség_NOUN	14406
mezõgazdasági_ADJ	14405
ipari_ADJ	14404
vállalt_ADJ	14403
pályázati_ADJ	14402
illetőleg_CONJ	14401
talált_SYM	14400
akart_SYM	14399
adta_SYM	14398
500_NUM	14397
milliárd_forintos_ADJ	14396
kötött_ADJ	14395
tegnap_ADV	14394
területi_ADJ	14393
forgalom_NOUN	14392
1995_NUM	14391
úgy_tűnik_NOUN	14390
fogalom_NOUN	14389
réteg_NOUN	14388
intézményrendszer_NOUN	14387
szocialista_ADJ	14386
Európa_PROPN	14385
Orbán_Viktor_PROPN	14384
foglal_SYM	14383
elõbb_ADJ	14382
lehetõség_NOUN	14381
képviselőcsoport_rész_NOUN	14380
nézve_ADP	14379
munkavállaló_ADJ	14378
egyaránt_ADV	14377
felsőoktatás_NOUN	14376
tar_ADJ	14375
24_NUM	14374
aggály_NOUN	14373
szegény_ADJ	14372
kérelem_NOUN	14371
köztársaság_NOUN	14370
zár_ADJ	14369
illetően_ADJ	14368
járó_ADJ	14367
pozíció_NOUN	14366
május_NOUN	14365
közlekedés_NOUN	14364
rendelkezés_álló_ADJ	14363
körében_NOUN	14362
nőtt_SYM	14361
emberi_ADJ	14360
országgyűlési_határozati_ADJ	14359
épület_NOUN	14358
emelkedik_SYM	14357
Szovjetunió_PROPN	14356
Magyar_Igazság_és_Élet_Pártja_SYM	14355
alakult_ki_NOUN	14354
alapvetõ_NOUN	14353
képesség_NOUN	14352
Munkanélküliség_NOUN	14351
2001_PROPN	14350
alkotmányügyi_bizottság_NOUN	14349
senki_sem_ADV	14348
Általános_forgalmi_adó_ADJ	14347
idõ_INTJ	14346
megalkotás_NOUN	14345
bevezet_SYM	14344
ellentét_NOUN	14343
23_NUM	14342
2009_NUM	14341
közösségi_ADJ	14340
jegyez_ADJ	14339
alapítvány_NOUN	14338
könnyű_ADJ	14337
tisztességes_ADJ	14336
napirend_előtti_ADJ	14335
március_NOUN	14334
közpénz_NOUN	14333
fórum_NOUN	14332
bizalom_NOUN	14331
elvárás_NOUN	14330
írás_NOUN	14329
idő_letelt_ADJ	14328
történelem_NOUN	14327
illetõleg_ADJ	14326
1_bekezdés_NOUN	14325
göndör_istván_ADV	14324
enged_SYM	14323
jelen_pillanat_NOUN	14322
megtisztelő_figyelem_INTJ	14321
önt_PRON	14320
használat_NOUN	14319
megvalósít_SYM	14318
megért_SYM	14317
idei_ADJ	14316
sõt_NOUN	14315
változik_SYM	14314
biztosító_ADJ	14313
fenntart_SYM	14312
jelleg_NOUN	14311
alakít_ADJ	14310
megtörtént_ADJ	14309
sorol_SYM	14308
emlékezik_emlékez_ADJ	14307
et_VERB	14306
szervezeti_ADJ	14305
számítás_NOUN	14304
szeret_felhív_NOUN	14303
végig_ADV	14302
mindannyi_ADJ	14301
áldozat_NOUN	14300
szem_NOUN	14299
elnök_csenget_NOUN	14298
áll_rendelkezés_NOUN	14297
közé_ADP	14296
színvonal_NOUN	14295
időkeret_letelt_ADJ	14294
egyházi_ADJ	14293
fenn_ADV	14292
eredményez_SYM	14291
5_százalék_NOUN	14290
honvédség_NOUN	14289
főleg_ADV	14288
vet_SYM	14287
ról_NOUN	14286
korlátozás_NOUN	14285
Torgyán_József_PROPN	14284
képez_SYM	14283
kapta_kéz_NOUN	14282
alig_ADV	14281
külföld_NOUN	14280
országi_ADJ	14279
alaptörvény_NOUN	14278
lehetetlen_ADJ	14277
Minimálbér_NOUN	14276
Bor_PROPN	14275
intézet_NOUN	14274
működési_ADJ	14273
tényleges_ADJ	14272
gőgös_zoltán_NOUN	14271
1992_NUM	14270
ily_PRON	14269
adótörvény_NOUN	14268
körül_ADP	14267
érvényesül_SYM	14266
kormánypárt_padsor_NOUN	14265
hálózat_NOUN	14264
átmeneti_ADJ	14263
igazi_ADJ	14262
indult_SYM	14261
terhel_SYM	14260
számukra_PRON	14259
többségi_ADJ	14258
lezárás_NOUN	14257
helyesen_ADJ	14256
büntetés_NOUN	14255
konkrétan_ADJ	14254
alkalmazott_ADJ	14253
jogkör_NOUN	14252
civil_szervezet_NOUN	14251
különös_ADJ	14250
lét_NOUN	14249
azonnali_kérdés_NOUN	14248
remény_NOUN	14247
Vasút_PROPN	14246
indul_SYM	14245
képviselet_NOUN	14244
Korrupció_NOUN	14243
alapelv_NOUN	14242
nyugat_NOUN	14241
igyekszik_SYM	14240
elektronikus_ADJ	14239
jogosítvány_NOUN	14238
esetleges_ADJ	14237
tagság_NOUN	14236
alól_ADP	14235
27_NUM	14234
módosító_ADJ	14233
szektor_NOUN	14232
2008_NUM	14231
hagy_mond_INTJ	14230
mihály_ADJ	14229
kormányrendelet_NOUN	14228
normatíva_NOUN	14227
80_NUM	14226
érdekelt_ADJ	14225
érvényes_ADJ	14224
diák_NOUN	14223
szülő_NOUN	14222
elõzõ_ADJ	14221
található_ADJ	14220
kénytelen_ADJ	14219
Nándor_PROPN	14218
átlag_NOUN	14217
méltó_ADJ	14216
részletesen_ADJ	14215
kutatás_NOUN	14214
türelem_NOUN	14213
finanszírozási_ADJ	14212
kellő_ADJ	14211
mindössze_ADV	14210
évente_ADV	14209
keret_között_ADJ	14208
határozott_ADJ	14207
szívesen_ADV	14206
kívánt_ADJ	14205
hasonlóan_ADJ	14204
2011_NUM	14203
mi_előtt_ADV	14202
struktúra_NOUN	14201
elõször_ADV	14200
összegző_ADJ	14199
szövetkezeti_ADJ	14198
várhatóan_ADJ	14197
funkció_NOUN	14196
bocsát_SYM	14195
finanszíroz_SYM	14194
hang_NOUN	14193
őszinte_ADJ	14192
akarat_NOUN	14191
előny_NOUN	14190
havi_ADJ	14189
földművelésügyi_ADJ	14188
költ_SYM	14187
szerkezet_NOUN	14186
visszaélés_NOUN	14185
hosszú_távú_ADJ	14184
területfejlesztési_ADJ	14183
kiderült_SYM	14182
bírói_ADJ	14181
1994_NUM	14180
márpedig_CONJ	14179
szíveskedik_SYM	14178
mondták_SYM	14177
ismételten_ADJ	14176
től_NOUN	14175
pusztán_ADV	14174
ellentétes_ADJ	14173
nélküli_ADJ	14172
plusz_ADJ	14171
kárpótlás_NOUN	14170
negatív_ADJ	14169
tisztáz_SYM	14168
Varga_Mihály_NOUN	14167
kedves_képviselőtárs_NOUN	14166
vehet_SYM	14165
2014_NUM	14164
gyorsan_ADJ	14163
furcsa_ADJ	14162
köteles_ADJ	14161
Gúr_PROPN	14160
2015_NUM	14159
1991_NUM	14158
képviselõi_ADJ	14157
egyensúly_NOUN	14156
nemzetgazdasági_ADJ	14155
hatalmas_ADJ	14154
imént_ADV	14153
lista_NOUN	14152
viszonylag_ADV	14151
hajlandó_ADJ	14150
miniszteri_ADJ	14149
korlátoz_SYM	14148
Ombudsman_PROPN	14147
tudás_NOUN	14146
összefüggő_ADJ	14145
gondolják_SYM	14144
2005_NUM	14143
egyszerûen_ADJ	14142
majdnem_ADV	14141
folyam_NOUN	14140
hatékonyság_NOUN	14139
eljárási_ADJ	14138
jegyzőkönyv_NOUN	14137
hektár_NOUN	14136
jelenik_meg_INTJ	14135
országgyûlési_ADJ	14134
speciális_ADJ	14133
Oktatás_NOUN	14132
Jogállam_PROPN	14131
messze_ADV	14130
nagyjából_ADV	14129
változat_NOUN	14128
mindenkori_ADJ	14127
fogva_ADP	14126
tudniillik_CONJ	14125
sért_SYM	14124
expozé_NOUN	14123
ítélet_NOUN	14122
gyakran_ADV	14121
kapta_SYM	14120
Bűncselekmény_NOUN	14119
Cigányok_NOUN	14118
jövőre_ADV	14117
paragrafus_NOUN	14116
vezetői_ADJ	14115
olcsó_ADJ	14114
jelentőség_NOUN	14113
mindkét_NUM	14112
biztonsági_ADJ	14111
aktív_ADJ	14110
indítványoz_SYM	14109
hiába_ADV	14108
október_NOUN	14107
megítélés_NOUN	14106
emellett_ADV	14105
tavalyi_ADJ	14104
rosszul_ADJ	14103
elkezd_SYM	14102
valahol_ADV	14101
35_NUM	14100
molnár_NOUN	14099
hozzászól_SYM	14098
28_NUM	14097
azonnal_ADV	14096
tárgyalj_NOUN	14095
épül_SYM	14094
hoz_lét_NOUN	14093
valamiféle_PRON	14092
próbált_ADJ	14091
aláírás_NOUN	14090
hozzájárul_SYM	14089
Szent_PROPN	14088
94_NUM	14087
érik_ér_NOUN	14086
szóval_ADV	14085
pálya_NOUN	14084
önkéntes_ADJ	14083
tendencia_NOUN	14082
hangzott_el_NOUN	14081
tartalmi_ADJ	14080
tól_NOUN	14079
végezetül_ADV	14078
gyakorlati_ADJ	14077
vidéki_ADJ	14076
lassan_ADJ	14075
nehézség_NOUN	14074
isten_NOUN	14073
Magyar_nyelv_PROPN	14072
Pszichoaktív_szer_NOUN	14071
érvényesít_SYM	14070
oszt_CONJ	14069
veszélyes_ADJ	14068
stratégiai_ADJ	14067
sikerül_SYM	14066
Ausztria_PROPN	14065
január_NOUN	14064
juttat_SYM	14063
értékel_SYM	14062
én_által_NOUN	14061
üzleti_ADJ	14060
gazdasági_növekedés_NOUN	14059
szabályozási_ADJ	14058
erkölcsi_ADJ	14057
csatlakozik_csatlakoz_NOUN	14056
tóth_NOUN	14055
vidékfejlesztési_ADJ	14054
Államadósság_PROPN	14053
jelenség_NOUN	14052
Bauer_Tamás_PROPN	14051
lehetõvé_ADJ	14050
veszteség_NOUN	14049
kifogás_NOUN	14048
hiányosság_NOUN	14047
közoktatási_ADJ	14046
kiegészítő_ajánlás_NOUN	14045
elismerés_NOUN	14044
elismer_SYM	14043
másik_oldal_NUM	14042
vég_ért_NOUN	14041
legfeljebb_ADV	14040
ám_CONJ	14039
hátrány_NOUN	14038
megszavaz_SYM	14037
korrekt_ADJ	14036
állomány_NOUN	14035
jogszabályi_ADJ	14034
találkozik_SYM	14033
kifejt_ADJ	14032
állás_NOUN	14031
ellentmondás_NOUN	14030
kiegészít_SYM	14029
fej_NOUN	14028
baba_mihály_NOUN	14027
fordul_SYM	14026
felvet_SYM	14025
felülvizsgálat_NOUN	14024
elmúlt_hét_NUM	14023
minőség_NOUN	14022
nyugodtan_ADJ	14021
növekedik_SYM	14020
használt_ADJ	14019
időpont_NOUN	14018
napi_ADJ	14017
infrastruktúra_NOUN	14016
határ_túli_ADJ	14015
bizonyára_ADV	14014
integráció_NOUN	14013
helyi_önkormányzat_NOUN	14012
méltóság_NOUN	14011
állapít_meg_INTJ	14010
fogyasztás_NOUN	14009
hallgató_ADJ	14008
meglehetősen_ADJ	14007
felmerült_ADJ	14006
köszön_SYM	14005
irányítás_NOUN	14004
sajátos_ADJ	14003
szintű_ADJ	14002
ígér_SYM	14001
megmond_PRON	14000
akadály_NOUN	13999
mielőtt_SCONJ	13998
adósság_NOUN	13997
miként_ADV	13996
szilágyi_ADJ	13995
haszon_NOUN	13994
amilyen_PRON	13993
megfontolás_NOUN	13992
Balaton_PROPN	13991
vezérszónok_NOUN	13990
szíves_ADJ	13989
bocsánat_NOUN	13988
biztosítási_ADJ	13987
Személyi_jövedelemadó_ADJ	13986
befolyásol_SYM	13985
otthon_ADV	13984
fogalma_NOUN	13983
vizsgálóbizottság_NOUN	13982
keller_lászló_NOUN	13981
százezer_NUM	13980
szervezett_ADJ	13979
végzett_ADJ	13978
meglévő_ADJ	13977
pénzügyminisztérium_NOUN	13976
nehéz_helyzet_NOUN	13975
vétel_NOUN	13974
elegendő_ADJ	13973
hangzik_SYM	13972
közigazgatás_NOUN	13971
elég_eléggé_NOUN	13970
ellát_SYM	13969
Kommunizmus_PROPN	13968
zajlik_SYM	13967
béremelés_NOUN	13966
esett_SYM	13965
családi_pótlék_NOUN	13964
tapasztal_SYM	13963
150_NUM	13962
na_INTJ	13961
megerősít_SYM	13960
végrehajt_SYM	13959
kárpát_ADJ	13958
indít_SYM	13957
kft_NOUN	13956
I_NOUN	13955
irányuló_ADJ	13954
megalapozott_ADJ	13953
mindegyik_PRON	13952
alatti_ADJ	13951
számla_NOUN	13950
elvégez_SYM	13949
egyedül_ADV	13948
rengeteg_NUM	13947
kísérlet_NOUN	13946
választópolgár_NOUN	13945
értelmez_SYM	13944
ér_SYM	13943
bír_SYM	13942
Euró_NOUN	13941
ütem_NOUN	13940
bejelentés_NOUN	13939
Szakszervezet_NOUN	13938
31_NUM	13937
kolléga_NOUN	13936
valaki_felszólal_NOUN	13935
ezen_belül_ADV	13934
1996_NUM	13933
rétvári_bence_NOUN	13932
400_NUM	13931
gyula_NOUN	13930
Központi_bank_PROPN	13929
helyettes_ADJ	13928
főváros_NOUN	13927
kaphat_SYM	13926
fordított_ADJ	13925
horváth_NOUN	13924
26_NUM	13923
céloz_SYM	13922
egyértelmûen_ADJ	13921
per_NOUN	13920
épp_ADV	13919
szakmailag_ADJ	13918
következtetés_NOUN	13917
előterjesztés_t_ADJ	13916
súly_NOUN	13915
század_NOUN	13914
szakértő_ADJ	13913
gyakorol_SYM	13912
nyelv_NOUN	13911
kedv_NOUN	13910
hiányzik_SYM	13909
megenged_SYM	13908
ülésnap_NOUN	13907
fogyasztó_NOUN	13906
jellemző_ADJ	13905
folyó_ADJ	13904
értékelés_NOUN	13903
belügyminisztériumi_ADJ	13902
pici_ADJ	13901
állami_tulajdon_INTJ	13900
hallott_SYM	13899
adórendszer_NOUN	13898
húsz_NUM	13897
befejezés_NOUN	13896
rendőr_NOUN	13895
attila_ADJ	13894
legutóbb_ADV	13893
közbeszerzési_ADJ	13892
tíz_év_NOUN	13891
jelenthet_SYM	13890
részesül_SYM	13889
idős_ADJ	13888
zavar_NOUN	13887
törvényes_ADJ	13886
létrejött_ADJ	13885
tanulmány_NOUN	13884
megtárgyalt_ADJ	13883
nyár_NOUN	13882
ildikó_ADJ	13881
Liberalizmus_NOUN	13880
normális_ADJ	13879
projekt_NOUN	13878
eltelt_ADJ	13877
átlátható_ADJ	13876
munkatárs_NOUN	13875
megnyugtató_ADJ	13874
igazol_SYM	13873
tegyük_SYM	13872
függetlenség_NOUN	13871
Kapitalizmus_NOUN	13870
irán_ADJ	13869
egyszerre_ADV	13868
Statisztika_PROPN	13867
jellegû_ADJ	13866
figyelembevétel_NOUN	13865
modell_NOUN	13864
semmiképpen_ADV	13863
95_NUM	13862
mer_SYM	13861
elnézés_NOUN	13860
elérhető_ADJ	13859
bonyolult_ADJ	13858
védelmi_ADJ	13857
kijelentés_NOUN	13856
0_NUM	13855
holott_ADJ	13854
tanuló_NOUN	13853
értékesítés_NOUN	13852
rögtön_ADV	13851
kormányzó_párt_ADJ	13850
kialakít_SYM	13849
mindegy_INTJ	13848
feszültség_NOUN	13847
függ_SYM	13846
részvétel_NOUN	13845
1993_NUM	13844
fenti_ADJ	13843
követõen_ADJ	13842
jegy_NOUN	13841
norma_NOUN	13840
hagyomány_NOUN	13839
média_NOUN	13838
végrehajtási_ADJ	13837
megtörténik_SYM	13836
kor_NOUN	13835
hív_fel_NUM	13834
nyitott_ADJ	13833
feltételez_SYM	13832
jövõ_ADJ	13831
fónagy_ADJ	13830
ékes_ADJ	13829
farkas_NOUN	13828
hivatásos_ADJ	13827
ismertetés_NOUN	13826
tölt_ADJ	13825
ösztönöz_SYM	13824
minimális_ADJ	13823
mutató_ADJ	13822
informatikai_ADJ	13821
kilométer_NOUN	13820
tartó_ADJ	13819
adókedvezmény_NOUN	13818
2002_ben_NOUN	13817
úgymond_INTJ	13816
50_százalék_NOUN	13815
tartás_NOUN	13814
megváltoztat_PRON	13813
tállai_andrás_NOUN	13812
számtalan_NUM	13811
középvállalkozás_NOUN	13810
kitér_SYM	13809
cikk_NOUN	13808
ának_NOUN	13807
hasznos_ADJ	13806
megközelítés_NOUN	13805
szemlélet_NOUN	13804
45_NUM	13803
balázs_NOUN	13802
célszerű_ADJ	13801
Gyurcsány_Ferenc_PROPN	13800
támogatásár_NOUN	13799
illetõen_ADJ	13798
vezérszónoki_ADJ	13797
felszólal_SYM	13796
közfeladat_NOUN	13795
kálmán_ADJ	13794
hivatalos_ADJ	13793
ügyfél_NOUN	13792
fogalmazott_SYM	13791
környék_NOUN	13790
pontosítás_NOUN	13789
1999_NUM	13788
jelentett_SYM	13787
biztosan_ADJ	13786
ígért_SYM	13785
jött_SYM	13784
2016_NUM	13783
ténylegesen_ADJ	13782
napirend_utáni_ADJ	13781
kihirdetés_NOUN	13780
abszolút_ADJ	13779
támogató_ADJ	13778
moraj_NOUN	13777
Ii_család_PROPN	13776
kerület_NOUN	13775
ellenzéki_padsor_NOUN	13774
kétharmados_ADJ	13773
felmérés_NOUN	13772
lejárt_ADJ	13771
sajnálatos_mód_NOUN	13770
központi_költségvetés_NOUN	13769
irat_NOUN	13768
gondoskodik_SYM	13767
eldönt_PRON	13766
fal_NOUN	13765
korlát_NOUN	13764
kétharmad_NUM	13763
április_NOUN	13762
emelt_ADJ	13761
elemzés_NOUN	13760
õk_INTJ	13759
jellemez_SYM	13758
jogosultság_NOUN	13757
élt_SYM	13756
megnyit_SYM	13755
származó_ADJ	13754
eredményes_ADJ	13753
szolgálati_ADJ	13752
kontra_ADJ	13751
iroda_NOUN	13750
ász_NOUN	13749
címzett_ADJ	13748
pénzügyminisztériumi_ADJ	13747
font_NOUN	13746
szakképzés_NOUN	13745
nyelvész_NOUN	13744
teljes_egész_NOUN	13743
külső_ADJ	13742
mi_előtt_fekvő_ADJ	13741
belügyminisztérium_NOUN	13740
hatálybalépés_NOUN	13739
foglalkozó_ADJ	13738
29_NUM	13737
veszélyeztet_SYM	13736
érkezik_SYM	13735
állandó_ADJ	13734
nagyságrend_NOUN	13733
szeptember_NOUN	13732
közszolgálati_ADJ	13731
normatív_ADJ	13730
kormánypárti_oldal_NOUN	13729
indokolás_NOUN	13728
én_előtt_ADV	13727
kuncze_ADJ	13726
Schiffer_András_NOUN	13725
alkotmány_NOUN	13724
közbeszerzés_NOUN	13723
elvesz_SYM	13722
öt_év_NUM	13721
szavazni_SYM	13720
veres_ADJ	13719
emiatt_ADV	13718
Szlovákia_PROPN	13717
igyekezik_SYM	13716
igazságügy_miniszter_NOUN	13715
némi_PRON	13714
jogalkotás_NOUN	13713
ajánlás_1_NOUN	13712
február_NOUN	13711
nyilatkozik_SYM	13710
egészséges_ADJ	13709
vall_SYM	13708
gondolkodás_NOUN	13707
drága_ADJ	13706
mégsem_ADV	13705
modern_ADJ	13704
millió_forintos_ADJ	13703
megismétel_SYM	13702
lakossági_ADJ	13701
répássy_róbert_NOUN	13700
előtti_ADJ	13699
rendel_SYM	13698
parlament_elé_ADV	13697
Egészségügy_PROPN	13696
különféle_ADJ	13695
államtitkári_ADJ	13694
író_NOUN	13693
próbáljuk_SYM	13692
tulajdonosi_ADJ	13691
beavatkozás_NOUN	13690
elvi_ADJ	13689
kiderül_SYM	13688
szünet_NOUN	13687
kárpótlási_ADJ	13686
felvetett_ADJ	13685
felesleges_ADJ	13684
véletlenül_ADV	13683
amint_ADV	13682
felújítás_NOUN	13681
szerepelt_SYM	13680
szív_NOUN	13679
nyilvános_ADJ	13678
veszik_SYM	13677
múlt_hét_NUM	13676
kiváló_ADJ	13675
kényszer_NOUN	13674
segély_NOUN	13673
emberi_jogi_ADJ	13672
ő_által_NOUN	13671
rendkívül_fontos_ADJ	13670
2013_PROPN	13669
véletlen_ADJ	13668
örökség_NOUN	13667
valamilyen_mód_NOUN	13666
utca_NOUN	13665
átlagos_ADJ	13664
jövedéki_ADJ	13663
bevételi_ADJ	13662
ellenzéki_oldal_NUM	13661
bármi_PRON	13660
vezetett_SYM	13659
Büntető_törvénykönyv_PROPN	13658
érvény_NOUN	13657
elmegy_SYM	13656
természeti_ADJ	13655
tervezés_NOUN	13654
célú_ADJ	13653
értelmezés_NOUN	13652
működtetés_NOUN	13651
folytatott_ADJ	13650
fontosság_NOUN	13649
anélkül_ADV	13648
ezután_ADV	13647
õket_NOUN	13646
elnézés_kér_NOUN	13645
kihívás_NOUN	13644
megvizsgál_SYM	13643
birtok_NOUN	13642
2012_NUM	13641
reális_ADJ	13640
asztal_NOUN	13639
józsa_istván_ADV	13638
ő_rajta_INTJ	13637
kampány_NOUN	13636
külügyi_ADJ	13635
tárgysorozat_NOUN	13634
folytatódik_SYM	13633
vásárol_SYM	13632
megszűnik_SYM	13631
átalakulás_NOUN	13630
tudom_mondani_SYM	13629
bárándy_ADJ	13628
hivatkozott_ADJ	13627
lehető_teszi_INTJ	13626
darab_NOUN	13625
nemzeti_fejlesztési_ADJ	13624
balsai_ADJ	13623
sürgős_ADJ	13622
nemzetiségi_ADJ	13621
pettkó_ADJ	13620
szomorú_ADJ	13619
technika_NOUN	13618
adhat_SYM	13617
nettó_ADJ	13616
intézményi_ADJ	13615
bizonytalanság_NOUN	13614
kötelez_SYM	13613
mennyiség_NOUN	13612
Kereszténység_PROPN	13611
nemhogy_CONJ	13610
ellenében_ADP	13609
Munkavállaló_NOUN	13608
jön_lét_NOUN	13607
jétől_NOUN	13606
Attila_hun_király_PROPN	13605
üzem_NOUN	13604
érvényesítés_NOUN	13603
iskolai_ADJ	13602
Szabó_Zoltán_NOUN	13601
ezelőtt_ADV	13600
mekkora_PRON	13599
alakult_SYM	13598
fejlett_ADJ	13597
gabriella_PROPN	13596
rendészeti_ADJ	13595
módosításár_ADJ	13594
valósul_SYM	13593
96_NUM	13592
holnap_ADV	13591
vagyoni_ADJ	13590
németh_zsolt_ADJ	13589
akadályoz_SYM	13588
zárszámadás_NOUN	13587
osztály_NOUN	13586
összefoglal_SYM	13585
kijelölt_ADJ	13584
gazdag_ADJ	13583
régen_ADV	13582
Adó__és_Pénzügyi_Ellenőrzési_Hivatal_PROPN	13581
pontosabban_ADJ	13580
jel_NOUN	13579
befejez_SYM	13578
környezeti_ADJ	13577
úgy_ítél_INTJ	13576
július_NOUN	13575
kifizet_SYM	13574
hadsereg_NOUN	13573
hírközlési_ADJ	13572
visel_SYM	13571
szükségesség_NOUN	13570
ügyész_NOUN	13569
sérelem_NOUN	13568
átad_SYM	13567
valahogy_ADV	13566
lázár_ADJ	13565
megvalósul_SYM	13564
ingyenes_ADJ	13563
os_forradalom_INTJ	13562
fõ_INTJ	13561
cselekmény_NOUN	13560
tízezer_NUM	13559
vállalkozói_ADJ	13558
tartalék_NOUN	13557
fegyveres_ADJ	13556
kétség_NOUN	13555
tévedés_NOUN	13554
bírság_NOUN	13553
választott_ADJ	13552
prioritás_NOUN	13551
felszámolás_NOUN	13550
szüntet_SYM	13549
igazságszolgáltatás_NOUN	13548
emelkedés_NOUN	13547
megváltozott_ADJ	13546
követő_ADJ	13545
kezdet_NOUN	13544
alakul_SYM	13543
bármely_PRON	13542
nemzetbiztonsági_ADJ	13541
kidolgozás_NOUN	13540
rétég_NOUN	13539
választó_ADJ	13538
terjesztet_NOUN	13537
merül_SYM	13536
hallhat_SYM	13535
küzdelem_NOUN	13534
üdvözöl_SYM	13533
által_benyújtott_ADJ	13532
elmondhat_SYM	13531
biztonságos_ADJ	13530
szokás_NOUN	13529
társulás_NOUN	13528
eleve_ADV	13527
köszönt_SYM	13526
alapos_ADJ	13525
Franciaország_PROPN	13524
egyeztet_SYM	13523
belsõ_ADJ	13522
fölött_ADP	13521
hall_NOUN	13520
kapacitás_NOUN	13519
falu_NOUN	13518
hamar_ADV	13517
utáni_ADJ	13516
frakcióvezető_helyettes_ADJ	13515
felmerül_SYM	13514
sikér_NOUN	13513
nyugati_ADJ	13512
konstrukció_NOUN	13511
hangsúly_NOUN	13510
várt_ADJ	13509
nyújtott_ADJ	13508
kívüli_ADJ	13507
felhasznál_SYM	13506
szűk_ADJ	13505
folytatás_NOUN	13504
szlovák_ADJ	13503
előrelépés_NOUN	13502
közalapítvány_NOUN	13501
megakadályoz_ADV	13500
ügyi_ADJ	13499
megelőző_ADJ	13498
ezelõtt_ADJ	13497
hozzászóló_NOUN	13496
bármelyik_PRON	13495
barát_NOUN	13494
helyre_NOUN	13493
távol_ADV	13492
kísér_SYM	13491
növekszik_SYM	13490
alapvetõen_NOUN	13489
lépett_SYM	13488
garantál_SYM	13487
üzenet_NOUN	13486
megvéd_SYM	13485
ugyanolyan_PRON	13484
követel_SYM	13483
Salamon_László_INTJ	13482
lakos_ADJ	13481
törvényhozás_NOUN	13480
Tisza_PROPN	13479
célkitűzés_NOUN	13478
év_múlva_ADV	13477
energia_NOUN	13476
ugyanígy_ADV	13475
megtakarítás_NOUN	13474
szembe_ADV	13473
kétszer_ADV	13472
alak_NOUN	13471
betegség_NOUN	13470
tőke_NOUN	13469
igazságos_ADJ	13468
írt_ADJ	13467
eltérő_ADJ	13466
mûvelõdési_ADJ	13465
szerzõdés_NOUN	13464
idõben_NOUN	13463
koalíció_NOUN	13462
érzés_NOUN	13461
beszélhet_SYM	13460
stabilitás_NOUN	13459
szánt_ADJ	13458
viszonválasz_NOUN	13457
ismeret_NOUN	13456
szellemi_ADJ	13455
hulladék_NOUN	13454
belőle_PRON	13453
körüli_ADJ	13452
széchenyi_ADJ	13451
jogviszony_NOUN	13450
Lengyelország_PROPN	13449
személyesen_ADJ	13448
negyedik_ADJ	13447
forintos_ADJ	13446
3_bekezdés_NOUN	13445
mûködõ_ADJ	13444
adózás_NOUN	13443
előzetes_ADJ	13442
áru_NOUN	13441
Gyula_PROPN	13440
kistérség_NOUN	13439
melléklet_NOUN	13438
idegen_ADJ	13437
emelkedett_SYM	13436
belüli_ADJ	13435
tényező_NOUN	13434
látják_SYM	13433
tükröz_SYM	13432
valósít_SYM	13431
szakértői_ADJ	13430
egyértelműsítő_lap_NOUN	13429
okozott_ADJ	13428
tűnik_SYM	13427
bővítés_NOUN	13426
felül_ADV	13425
kamarai_ADJ	13424
igénybevétel_NOUN	13423
üzletrész_NOUN	13422
tegnapi_ADJ	13421
helyzetű_ADJ	13420
tudomány_NOUN	13419
Turizmus_PROPN	13418
statisztika_NOUN	13417
lap_NOUN	13416
döntő_ADJ	13415
pontosít_SYM	13414
600_NUM	13413
támogatási_rendszer_NUM	13412
kar_NOUN	13411
mélyen_ADJ	13410
augusztus_NOUN	13409
tapasztalt_ADJ	13408
Rádió_PROPN	13407
megerősítés_NOUN	13406
simon_NOUN	13405
különleges_ADJ	13404
témakör_NOUN	13403
kizár_SYM	13402
vád_NOUN	13401
autópálya_NOUN	13400
irányú_ADJ	13399
hajt_SYM	13398
félreértés_NOUN	13397
tartózkodik_SYM	13396
jelen_lévő_ADJ	13395
közbiztonság_NOUN	13394
egyetemi_ADJ	13393
privatizációs_ADJ	13392
mellé_ADP	13391
külügyminiszter_NOUN	13390
Emberi_Erőforrások_Minisztériuma_PROPN	13389
könyv_NOUN	13388
egyedi_ADJ	13387
küld_SYM	13386
fellépés_NOUN	13385
ilyen_típusú_ADJ	13384
kötelezõ_ADJ	13383
részvénytársaság_NOUN	13382
nemzeti_bank_NOUN	13381
ellenőrzési_ADJ	13380
társasági_ADJ	13379
kiszámítható_ADJ	13378
rendes_ADJ	13377
előd_NOUN	13376
mindenesetre_ADV	13375
változott_SYM	13374
tûnik_NOUN	13373
befizetés_NOUN	13372
keleti_ADJ	13371
vonal_NOUN	13370
ajánlási_ADJ	13369
országgyűlési_határozat_INTJ	13368
gép_NOUN	13367
jogállás_NOUN	13366
késõbb_ADJ	13365
nyert_ADJ	13364
kész_ADJ	13363
kifejez_SYM	13362
ilyenkor_ADV	13361
rópai_ADJ	13360
éri_SYM	13359
bevonás_NOUN	13358
mármint_ADV	13357
meghoz_SYM	13356
követelés_NOUN	13355
demokrata_ADJ	13354
szorul_SYM	13353
tartós_ADJ	13352
könnyen_ADJ	13351
változatlanul_ADJ	13350
kiadási_ADJ	13349
kétségtelen_ADJ	13348
többlet_NOUN	13347
termőföld_NOUN	13346
ismétel_SYM	13345
növekedett_SYM	13344
ág_NOUN	13343
közbeszól_SYM	13342
kiss_NOUN	13341
nyer_SYM	13340
szereplői_NOUN	13339
megtett_ADJ	13338
értet_NOUN	13337
követi_SYM	13336
alakulás_NOUN	13335
ágazati_ADJ	13334
tb_INTJ	13333
hez_NOUN	13332
akadémia_NOUN	13331
orbán_kormány_NOUN	13330
Miniszterelnöki_Hivatal_PROPN	13329
megváltoztatás_NOUN	13328
jövõben_NOUN	13327
iránti_ADJ	13326
szilárd_ADJ	13325
reggel_ADV	13324
leszögez_SYM	13323
gyanú_NOUN	13322
erőforrás_NOUN	13321
minősített_ADJ	13320
konfliktus_NOUN	13319
tömeg_NOUN	13318
támadás_NOUN	13317
aggodalom_NOUN	13316
Lezsák_Sándor_PROPN	13315
tartózkodás_NOUN	13314
kelet_NOUN	13313
több_száz_NUM	13312
mi_által_NOUN	13311
néha_ADV	13310
szabadon_ADJ	13309
kemény_ADJ	13308
felkér_SYM	13307
kiegészítő_ADJ	13306
vezet_be_NOUN	13305
kelt_SYM	13304
b_NOUN	13303
93_NUM	13302
párbeszéd_NOUN	13301
önálló_indítvány_NOUN	13300
Környezetvédelem_PROPN	13299
tavasz_NOUN	13298
vitanap_NOUN	13297
megtalál_SYM	13296
szab_SYM	13295
jelentőségű_ADJ	13294
36_NUM	13293
amellett_ADV	13292
elad_SYM	13291
tilalom_NOUN	13290
áron_NOUN	13289
horn_NOUN	13288
elbírálás_NOUN	13287
foglalkoztatott_ADJ	13286
zárt_ADJ	13285
Magyar_Államvasutak_Zrt_PROPN	13284
te_PRON	13283
800_NUM	13282
felsorol_SYM	13281
képviselőcsoport_vezérszónok_NOUN	13280
betart_SYM	13279
minimum_ADV	13278
bejelent_SYM	13277
márton_NOUN	13276
műszaki_ADJ	13275
tankönyv_NOUN	13274
gazdaságpolitikai_ADJ	13273
Oroszország_PROPN	13272
meghaladó_ADJ	13271
ellátó_ADJ	13270
csinált_SYM	13269
építési_ADJ	13268
Illeték_PROPN	13267
normál_ADJ	13266
plenáris_ADJ	13265
érvelés_NOUN	13264
foglalkozott_SYM	13263
visszavon_SYM	13262
idézett_ADJ	13261
2010_ben_NOUN	13260
ö_NOUN	13259
végleges_ADJ	13258
befektetés_NOUN	13257
z_NOUN	13256
közalkalmazott_ADJ	13255
meghalad_SYM	13254
élõ_NOUN	13253
nyílt_ADJ	13252
elismert_ADJ	13251
párhuzamosan_ADJ	13250
házbizottság_NOUN	13249
bűncselekmény_NOUN	13248
megőrzés_NOUN	13247
válaszolt_SYM	13246
mikrofon_NOUN	13245
kívánatos_ADJ	13244
Internet_PROPN	13243
sújt_SYM	13242
támogatható_ADJ	13241
feltesz_SYM	13240
törvényalkotási_bizottság_NOUN	13239
halad_SYM	13238
illik_SYM	13237
látta_SYM	13236
egyharmad_NUM	13235
elõterjesztõ_ADJ	13234
időtartam_NOUN	13233
ponton_NOUN	13232
tartozás_NOUN	13231
jogalkotási_ADJ	13230
aktuális_ADJ	13229
33_NUM	13228
32_NUM	13227
panasz_NOUN	13226
sokkal_inkább_ADV	13225
sajnálatos_ADJ	13224
apró_ADJ	13223
működtet_SYM	13222
reálérték_ADJ	13221
felett_ADP	13220
1989_NUM	13219
kormányhatározat_NOUN	13218
kompromisszum_NOUN	13217
határozottan_ADJ	13216
gyenge_ADJ	13215
gyógyszer_NOUN	13214
ei_VERB	13213
államigazgatási_ADJ	13212
valamelyik_PRON	13211
törvénykönyv_NOUN	13210
mandátum_NOUN	13209
köszönet_NOUN	13208
szenved_SYM	13207
lehetõsége_NOUN	13206
orvosi_ADJ	13205
heti_ADJ	13204
átadás_NOUN	13203
jelentet_SYM	13202
elérés_NOUN	13201
szél_NOUN	13200
megszerzés_NOUN	13199
válaszadó_NOUN	13198
99_NUM	13197
innen_ADV	13196
felállítás_NOUN	13195
katasztrófa_NOUN	13194
helyszín_NOUN	13193
szalay_ADJ	13192
Törvény_NOUN	13191
at_ADV	13190
idõszakban_NOUN	13189
igazgatóság_NOUN	13188
ös_INTJ	13187
mûködik_ADJ	13186
ellenőriz_SYM	13185
képzel_SYM	13184
rendszeresen_ADJ	13183
keletkezett_ADJ	13182
alapuló_ADJ	13181
törekedik_SYM	13180
ügyvéd_NOUN	13179
vet_fel_ADV	13178
ülésszak_NOUN	13177
terjed_SYM	13176
kiépítés_NOUN	13175
immár_ADV	13174
munkaerőpiac_NOUN	13173
felsorolt_ADJ	13172
vállalj_SYM	13171
idézet_NOUN	13170
dániel_NOUN	13169
megfogalmazódott_SYM	13168
közelít_SYM	13167
felfogás_NOUN	13166
juthat_SYM	13165
következett_SYM	13164
káros_ADJ	13163
kontroll_NOUN	13162
megbízás_NOUN	13161
rendszeres_ADJ	13160
széles_kör_NOUN	13159
elõtti_ADJ	13158
Munkáltató_PROPN	13157
hasznosítás_NOUN	13156
házszabály_NOUN	13155
Egészség_PROPN	13154
duna_ADJ	13153
kapu_NOUN	13152
koalíciós_ADJ	13151
szer_NOUN	13150
újság_NOUN	13149
pótol_SYM	13148
38_NUM	13147
ötlet_NOUN	13146
fő_ügyész_NOUN	13145
légy_SYM	13144
felel_SYM	13143
adócsökkentés_NOUN	13142
kényszerít_SYM	13141
fizetési_ADJ	13140
ápv_ADJ	13139
fordult_SYM	13138
tükrözik_SYM	13137
köszönhetően_ADJ	13136
minőségi_ADJ	13135
jén_NOUN	13134
export_NOUN	13133
átláthatóság_NOUN	13132
magánszemély_NOUN	13131
érvényesülés_NOUN	13130
egyúttal_ADV	13129
mondhatnám_SYM	13128
elõre_ADJ	13127
elszámolás_NOUN	13126
tényállás_NOUN	13125
magyar_ADJ	13124
elért_ADJ	13123
rendezvény_NOUN	13122
szerzett_ADJ	13121
elõttünk_SYM	13120
autonómia_NOUN	13119
kettő_perc_NOUN	13118
felsőoktatási_ADJ	13117
munkaerő_NOUN	13116
nevelés_NOUN	13115
végső_ADJ	13114
érdekképviselet_NOUN	13113
kiemelten_ADJ	13112
keletkezik_SYM	13111
zseb_NOUN	13110
betartás_NOUN	13109
minősít_SYM	13108
megtart_SYM	13107
kulcs_NOUN	13106
elkövetkezendő_ADJ	13105
valamikor_ADV	13104
remény_szerint_ADV	13103
kis_zoltán_ADV	13102
amirõl_NOUN	13101
demokrácia_NOUN	13100
hirdet_NOUN	13099
ajánlom_SYM	13098
módosítási_ADJ	13097
nappal_ADV	13096
munkaadó_NOUN	13095
gazdálkodik_SYM	13094
állampolgári_ADJ	13093
törvényi_szabályozás_NOUN	13092
elolvas_SYM	13091
küzd_SYM	13090
akció_NOUN	13089
Földgáz_ADJ	13088
vágó_ADJ	13087
fejleszt_SYM	13086
élvez_SYM	13085
képviselõtársunk_SYM	13084
módosított_ADJ	13083
felejt_SYM	13082
Kórház_PROPN	13081
szabályozott_ADJ	13080
idáig_ADV	13079
versenyképesség_NOUN	13078
előterjesztett_ADJ	13077
szankció_NOUN	13076
Brüsszel_PROPN	13075
2004_ben_NOUN	13074
megélhetés_NOUN	13073
merthogy_SCONJ	13072
egyenlő_ADJ	13071
garanciális_ADJ	13070
értékű_ADJ	13069
ház_elé_ADV	13068
eredetileg_ADV	13067
jelöl_SYM	13066
hal_NOUN	13065
lehetõségét_NOUN	13064
Versenyképesség_NOUN	13063
Munkaviszony_NOUN	13062
Szocializmus_PROPN	13061
elősegít_SYM	13060
szomszéd_ADJ	13059
feletti_ADJ	13058
igénylő_ADJ	13057
fővárosi_ADJ	13056
amúgy_ADV	13055
kormánykoalíció_NOUN	13054
végrehajtó_ADJ	13053
adód_NOUN	13052
adódik_SYM	13051
honlap_NOUN	13050
megmarad_SYM	13049
elnöki_szék_NOUN	13048
fejez_ADJ	13047
eljut_SYM	13046
utasít_SYM	13045
bizonytalan_ADJ	13044
eltérés_NOUN	13043
2006_ban_NOUN	13042
emlékszik_SYM	13041
kovács_tibor_NOUN	13040
mindenekelőtt_ADV	13039
alternatíva_NOUN	13038
kettőperces_ADJ	13037
képzési_ADJ	13036
életét_NOUN	13035
mondanám_SYM	13034
természet_NOUN	13033
2003_ban_NOUN	13032
lakó_ADJ	13031
indokolatlan_ADJ	13030
beruházási_ADJ	13029
december_31_NOUN	13028
ről_NOUN	13027
pap_NOUN	13026
ülésterem_NOUN	13025
nyomozás_NOUN	13024
elkövetett_ADJ	13023
határozathozatal_következik_SYM	13022
kereskedelem_NOUN	13021
érdekel_SYM	13020
ettõl_ADJ	13019
mechanizmus_NOUN	13018
tapasztalható_ADJ	13017
bejelenik_NOUN	13016
stabil_ADJ	13015
büszke_ADJ	13014
titok_NOUN	13013
tartalmazó_ADJ	13012
belföldi_ADJ	13011
fedez_ADJ	13010
55_NUM	13009
versenyképes_ADJ	13008
44_NUM	13007
Egyesület_PROPN	13006
titkos_ADJ	13005
kifogásol_SYM	13004
kinevezés_NOUN	13003
nyílik_SYM	13002
komplex_ADJ	13001
régóta_ADV	13000
korrekció_NOUN	12999
valamennyien_PRON	12998
tekinthető_ADJ	12997
Kamat_NOUN	12996
adódóan_ADJ	12995
megvitat_SYM	12994
döntési_ADJ	12993
beszerzés_NOUN	12992
számvevőszéki_ADJ	12991
közelmúlt_NOUN	12990
hivatkozás_NOUN	12989
üzlet_NOUN	12988
állni_SYM	12987
halaszthatatlan_ADJ	12986
megtartás_NOUN	12985
120_NUM	12984
nál_NOUN	12983
háború_NOUN	12982
nyugdíjemelés_NOUN	12981
című_ADJ	12980
nyúl_NOUN	12979
érintet_NOUN	12978
szellem_NOUN	12977
összeférhetetlenségi_ADJ	12976
Adó_PROPN	12975
szigorítás_NOUN	12974
megtehet_SYM	12973
technológia_NOUN	12972
földmûvelésügyi_ADJ	12971
ból_NOUN	12970
köztisztviselő_ADJ	12969
papír_NOUN	12968
korszerű_ADJ	12967
durva_ADJ	12966
labdarúgó_NOUN	12965
jogalkotó_NOUN	12964
bizonyíték_NOUN	12963
benedek_ADJ	12962
egyértelmû_ADJ	12961
onnan_ADV	12960
bekövetkezett_ADJ	12959
előírt_ADJ	12958
összefogás_NOUN	12957
hivatott_ADJ	12956
konferencia_NOUN	12955
készített_ADJ	12954
hibás_ADJ	12953
fokozott_ADJ	12952
szólnak_SYM	12951
befektető_NOUN	12950
elsődleges_ADJ	12949
halász_NOUN	12948
ítélt_ADJ	12947
híd_NOUN	12946
egyelőre_ADV	12945
Ukrajna_PROPN	12944
milliós_ADJ	12943
adózó_ADJ	12942
magára_PRON	12941
előír_SYM	12940
erősítés_NOUN	12939
biztosíték_NOUN	12938
mentelmi_ADJ	12937
este_ADV	12936
tulajdonú_ADJ	12935
jogintézmény_NOUN	12934
bemutat_SYM	12933
megszorítás_NOUN	12932
felszólalási_ADJ	12931
mi_elé_ADV	12930
adófizető_ADJ	12929
másodperc_NOUN	12928
mozgástér_NOUN	12927
bocsátás_NOUN	12926
elindult_SYM	12925
kisgazda_NOUN	12924
harc_NOUN	12923
láttam_SYM	12922
szervez_SYM	12921
tanul_SYM	12920
felsorolás_NOUN	12919
foglalkoztat_SYM	12918
nyit_SYM	12917
azután_ADV	12916
néhány_gondolat_NOUN	12915
járul_ADV	12914
menet_NOUN	12913
elmaradt_ADJ	12912
terjesztett_ADJ	12911
utalás_NOUN	12910
fordulat_NOUN	12909
hiteles_ADJ	12908
varga_NOUN	12907
vízügyi_ADJ	12906
mulasztás_NOUN	12905
fontol_NOUN	12904
óvoda_NOUN	12903
tisztség_NOUN	12902
botrány_NOUN	12901
hatalmi_ADJ	12900
dél_NOUN	12899
bűnözés_NOUN	12898
megegyezés_NOUN	12897
nulla_NUM	12896
ötperces_ADJ	12895
egyhangúlag_ADJ	12894
béki_ADJ	12893
elõterjesztés_NOUN	12892
egyre_inkább_ADV	12891
látott_ADJ	12890
fogyasztói_ADJ	12889
amiért_PRON	12888
tóth_andrás_NOUN	12887
jól_emlékszem_NOUN	12886
évi_CLXXXV_INTJ	12885
létesítmény_NOUN	12884
75_NUM	12883
államháztartási_ADJ	12882
ír_elő_ADJ	12881
érthető_ADJ	12880
közszolgáltatás_NOUN	12879
ajánlat_NOUN	12878
hit_NOUN	12877
37_NUM	12876
munkavégzés_NOUN	12875
utóbb_ADV	12874
válaszadás_megad_NOUN	12873
1998_ban_NOUN	12872
megelőzés_NOUN	12871
mindjárt_ADV	12870
tűz_NOUN	12869
múlva_ADP	12868
ellenszavazat_NOUN	12867
szoros_ADJ	12866
tekinteni_SYM	12865
meghallgatás_NOUN	12864
büntetőeljárás_NOUN	12863
révész_NOUN	12862
ba_VERB	12861
megelőzően_ADJ	12860
közúti_ADJ	12859
félelem_NOUN	12858
alátámaszt_SYM	12857
vél_SYM	12856
származik_SYM	12855
honnan_ADV	12854
szolgált_SYM	12853
mozgalom_NOUN	12852
zrt_NOUN	12851
beterjeszt_SYM	12850
túlmenően_ADJ	12849
elfelejt_SYM	12848
egészít_SYM	12847
ügyvédi_ADJ	12846
forradalom_NOUN	12845
Gyógyszer_PROPN	12844
ezer_forintos_ADJ	12843
Természetvédelem_PROPN	12842
rész_vevő_ADJ	12841
beterjesztés_NOUN	12840
nyugdíjrendszer_NOUN	12839
utólag_ADV	12838
fejez_ki_NOUN	12837
aláírt_ADJ	12836
magyarországi_ADJ	12835
csökkenti_SYM	12834
kistérségi_ADJ	12833
feljelentés_NOUN	12832
2001_ben_NOUN	12831
34_NUM	12830
48_NUM	12829
ottani_ADJ	12828
adós_ADJ	12827
felelõs_ADJ	12826
hatékonyan_ADJ	12825
n_NOUN	12824
alapoz_SYM	12823
konzultáció_NOUN	12822
kupa_NOUN	12821
képtelen_ADJ	12820
emlék_NOUN	12819
közélet_NOUN	12818
tökéletesen_ADJ	12817
áfa_NOUN	12816
mint_amennyi_ADJ	12815
gyakorlás_NOUN	12814
sziget_NOUN	12813
kiszolgáltatott_ADJ	12812
vitaszakasz_NOUN	12811
mély_ADJ	12810
elvonás_NOUN	12809
gazdasági_társaság_NOUN	12808
bead_SYM	12807
fekszik_SYM	12806
megjelenés_NOUN	12805
65_NUM	12804
nevezett_ADJ	12803
méltatlan_ADJ	12802
elmaradás_NOUN	12801
arányos_ADJ	12800
zajlott_SYM	12799
2017_NUM	12798
csáky_ADJ	12797
ugyanilyen_PRON	12796
másként_ADV	12795
fenntartható_ADJ	12794
felkészülés_NOUN	12793
egészség_NOUN	12792
bejelentett_ADJ	12791
megállapítható_ADJ	12790
ában_NOUN	12789
Pécs_PROPN	12788
mérlegel_SYM	12787
alelnök_foglal_NOUN	12786
Magyar_Nemzeti_Bank_PROPN	12785
egyetértett_SYM	12784
fogyatékos_ADJ	12783
ellátási_ADJ	12782
tudat_NOUN	12781
erőfeszítés_NOUN	12780
etnikai_ADJ	12779
másodszor_ADV	12778
42_NUM	12777
teszem_SYM	12776
szék_NOUN	12775
ismertető_ADJ	12774
tanulság_NOUN	12773
állított_ADJ	12772
figyelmeztet_SYM	12771
működött_SYM	12770
baloldali_ADJ	12769
közgyűlés_NOUN	12768
nézet_NOUN	12767
kritérium_NOUN	12766
magas_magas_ADJ	12765
javára_NOUN	12764
kíváncsi_ADJ	12763
kézfelemelés_NOUN	12762
egykori_ADJ	12761
lefolytat_ADJ	12760
derül_SYM	12759
ai_VERB	12758
elosztás_NOUN	12757
törekszik_SYM	12756
fenntartó_NOUN	12755
eljár_SYM	12754
elhagyás_NOUN	12753
tapsol_SYM	12752
villamos_ADJ	12751
gomb_NOUN	12750
sorolhat_SYM	12749
c_NOUN	12748
ítél_SYM	12747
felügyeleti_ADJ	12746
logika_NOUN	12745
valóságos_ADJ	12744
valószínûleg_ADJ	12743
alkalmatlan_ADJ	12742
települési_önkormányzat_NOUN	12741
1910_ADJ	12740
bruttó_ADJ	12739
Medgyessy_Péter_PROPN	12738
Varga_László_INTJ	12737
fenyeget_SYM	12736
juhász_NOUN	12735
intéz_ADJ	12734
máriusz_ADJ	12733
hányad_NOUN	12732
szokásos_ADJ	12731
védett_ADJ	12730
roma_ADJ	12729
terjeszt_elő_ADJ	12728
egyszerû_ADJ	12727
szabályozó_ADJ	12726
Kósa_Lajos_PROPN	12725
gyurcsány_NOUN	12724
láb_NOUN	12723
bekerül_SYM	12722
domokos_ADJ	12721
hack_NOUN	12720
létrehozott_ADJ	12719
közalkalmazotti_ADJ	12718
mérleg_NOUN	12717
megalkot_SYM	12716
tájékoztató_ADJ	12715
rámutat_SYM	12714
1997_ben_NOUN	12713
fölhív_SYM	12712
noha_SCONJ	12711
szegénység_NOUN	12710
kiterjesztés_NOUN	12709
korrigál_SYM	12708
mindennapi_ADJ	12707
hagyományos_ADJ	12706
felső_ADJ	12705
néppárt_NOUN	12704
ők_közt_NOUN	12703
szerény_ADJ	12702
4_bekezdés_NOUN	12701
netán_ADV	12700
jött_lét_NOUN	12699
vasúti_ADJ	12698
érintõ_ADJ	12697
közjogi_ADJ	12696
földalap_NOUN	12695
széles_körű_ADJ	12694
hatály_kívül_ADV	12693
szerencsére_ADV	12692
meghozatal_NOUN	12691
miniszterelnökség_NOUN	12690
Medgyessy_kormány_NOUN	12689
megépítés_NOUN	12688
hozhat_SYM	12687
méghozzá_CONJ	12686
körzet_NOUN	12685
antal_PROPN	12684
váll_NOUN	12683
2005_ben_NOUN	12682
előkészítő_ADJ	12681
kuratórium_NOUN	12680
szeretnék_reagál_NOUN	12679
súlyosan_ADJ	12678
mi_között_ADJ	12677
mér_SYM	12676
hatásár_NOUN	12675
érvel_SYM	12674
kerületi_ADJ	12673
tudná_SYM	12672
róbert_NOUN	12671
nagymértékben_ADV	12670
utolsósorban_ADV	12669
előbbi_ADJ	12668
43_NUM	12667
apparátus_NOUN	12666
elõkészítõ_ADJ	12665
jelzett_ADJ	12664
elhelyezés_NOUN	12663
másképp_ADV	12662
segítő_ADJ	12661
elhagy_SYM	12660
fizetett_ADJ	12659
ipar_NOUN	12658
növénynemzetség_NOUN	12657
rogán_NOUN	12656
fennáll_SYM	12655
Emberi_jogok_NOUN	12654
sorrend_NOUN	12653
leír_SYM	12652
vetett_ADJ	12651
nehogy_SCONJ	12650
rendelkezõ_NOUN	12649
kifejtett_ADJ	12648
val_NOUN	12647
soltész_NOUN	12646
ünnep_NOUN	12645
rögzített_ADJ	12644
demeter_NOUN	12643
elégséges_ADJ	12642
kihasznál_SYM	12641
hegység_NOUN	12640
vont_ADJ	12639
kiterjeszt_NOUN	12638
pósán_NOUN	12637
nyereség_NOUN	12636
250_NUM	12635
felvétel_NOUN	12634
rendõrség_NOUN	12633
en_PRON	12632
elkészítés_NOUN	12631
növekvő_ADJ	12630
említés_NOUN	12629
megkötés_NOUN	12628
generáció_NOUN	12627
alsó_ADJ	12626
számíthat_SYM	12625
kedvezményes_ADJ	12624
irányít_SYM	12623
ellenkező_ADJ	12622
egész_egyszerűen_ADJ	12621
béke_NOUN	12620
átvesz_SYM	12619
közeli_ADJ	12618
munkaviszony_NOUN	12617
kínál_SYM	12616
kijelent_SYM	12615
szakképzési_ADJ	12614
számvevõszék_NOUN	12613
kialakulás_NOUN	12612
Mécs_Imre_NOUN	12611
xxi_INTJ	12610
végiggondol_SYM	12609
Lamperth_Mónika_PROPN	12608
merült_SYM	12607
ellenes_ADJ	12606
elõadója_NOUN	12605
átcsoportosítás_NOUN	12604
indított_ADJ	12603
feltett_ADJ	12602
bővít_SYM	12601
érthetetlen_ADJ	12600
mértékû_ADJ	12599
mi_szerint_ADV	12598
bázis_NOUN	12597
pályázó_ADJ	12596
Tandíj_NOUN	12595
árfolyam_NOUN	12594
országgyûlésnek_NOUN	12593
nagysága_NOUN	12592
jogbiztonság_NOUN	12591
elengedhetetlen_ADJ	12590
működ_NOUN	12589
tulajdoni_ADJ	12588
szolidaritás_NOUN	12587
hamis_ADJ	12586
épített_ADJ	12585
illegális_ADJ	12584
megegyez_ADJ	12583
ő_előtt_ADV	12582
hetilap_NOUN	12581
várakozás_NOUN	12580
elvár_SYM	12579
ragaszkodik_SYM	12578
reklám_NOUN	12577
alaposan_ADJ	12576
állandóan_ADJ	12575
hazugság_NOUN	12574
hozzáállás_NOUN	12573
létező_ADJ	12572
kezdődik_SYM	12571
javul_SYM	12570
megkezdés_NOUN	12569
információs_ADJ	12568
termel_SYM	12567
ul_VERB	12566
ők_által_NOUN	12565
halál_NOUN	12564
közismert_ADJ	12563
szolgálni_SYM	12562
Nyugdíj_PROPN	12561
mozgás_NOUN	12560
beleért_SYM	12559
szomszédos_ADJ	12558
fordulhat_SYM	12557
felsõoktatási_ADJ	12556
érzékel_SYM	12555
Egyesült_Nemzetek_Szervezete_NOUN	12554
ideiglenes_ADJ	12553
Országos_Rádió_és_Televízió_Testület_NOUN	12552
elemez_SYM	12551
felzúdulás_NOUN	12550
kellõ_ADJ	12549
ismeretes_ADJ	12548
azonnali_ADJ	12547
társ_NOUN	12546
kivesz_SYM	12545
maximum_ADV	12544
hova_ADV	12543
felsőoktatási_intézmény_NOUN	12542
avagy_CONJ	12541
írás_előre_INTJ	12540
választási_kampány_NOUN	12539
kiírás_NOUN	12538
kivételes_ADJ	12537
feltételrendszer_NOUN	12536
bármikor_ADV	12535
érdeklődés_NOUN	12534
szembeni_ADJ	12533
2000_ben_NOUN	12532
összefügg_SYM	12531
szán_SYM	12530
egyszeri_ADJ	12529
56_NUM	12528
helyreállítás_NOUN	12527
kormányoldal_NOUN	12526
büntet_SYM	12525
nyugodt_ADJ	12524
nemzetgazdaság_NOUN	12523
támad_SYM	12522
elkészült_ADJ	12521
csőd_NOUN	12520
harangozó_NOUN	12519
szerepvállalás_NOUN	12518
szereplõ_ADJ	12517
mondandó_NOUN	12516
alábbi_ADJ	12515
47_NUM	12514
gondolkozik_SYM	12513
elvet_NOUN	12512
megvalósulás_NOUN	12511
választókerület_NOUN	12510
múlik_SYM	12509
válhat_SYM	12508
részes_ADJ	12507
katalin_ADJ	12506
helyezés_NOUN	12505
választani_SYM	12504
eseti_ADJ	12503
adu_NOUN	12502
mezõgazdaság_NOUN	12501
levő_ADJ	12500
Mai_Nap_PROPN	12499
megkezd_SYM	12498
emlékszem_SYM	12497
autó_NOUN	12496
törvénycsomag_NOUN	12495
Gaudi_Nagy_Tamás_PROPN	12494
ágnes_ADJ	12493
jellég_ADJ	12492
elnökség_NOUN	12491
mindenütt_ADV	12490
ellátórendszer_NOUN	12489
válaszadás_NOUN	12488
hiányol_SYM	12487
dénes_ADJ	12486
tilt_SYM	12485
jogilag_ADJ	12484
közszféra_NOUN	12483
korszak_NOUN	12482
hosszan_ADJ	12481
fejt_SYM	12480
utasítás_NOUN	12479
kerülő_ADJ	12478
kamat_NOUN	12477
visszaszorítás_NOUN	12476
sallai_ADJ	12475
Tej_PROPN	12474
mûködési_ADJ	12473
vállalás_NOUN	12472
legfõbb_ADJ	12471
megfizet_SYM	12470
41_NUM	12469
faragó_ADJ	12468
jogharmonizációs_ADJ	12467
gyorsabban_ADJ	12466
Szűz_Mária_PROPN	12465
városi_ADJ	12464
fény_NOUN	12463
végző_ADJ	12462
minősül_SYM	12461
feladatkör_NOUN	12460
érettségi_ADJ	12459
mindenekelõtt_ADJ	12458
46_NUM	12457
folyamatos_zaj_NOUN	12456
aggályos_ADJ	12455
közöl_SYM	12454
novák_ADJ	12453
munkáltató_NOUN	12452
napirendi_ajánlás_NOUN	12451
bent_ADV	12450
elkerül_SYM	12449
1908_ADJ	12448
mehet_SYM	12447
szavazott_SYM	12446
átlagosan_ADJ	12445
szokott_SYM	12444
befolyás_NOUN	12443
forintnyi_ADJ	12442
színvonalú_ADJ	12441
csatorna_NOUN	12440
megtárgyalás_NOUN	12439
eltér_SYM	12438
Bukarest_PROPN	12437
célszerû_NOUN	12436
korlátozott_ADJ	12435
valamely_PRON	12434
nél_NOUN	12433
elkövet_SYM	12432
zárszó_NOUN	12431
egyén_NOUN	12430
baleset_NOUN	12429
39_NUM	12428
kutatási_ADJ	12427
biztos_vagyok_NOUN	12426
diktatúra_NOUN	12425
összehasonlítás_NOUN	12424
szembesül_SYM	12423
változatlan_ADJ	12422
alkotmányellenes_ADJ	12421
700_NUM	12420
fegyver_NOUN	12419
valósult_SYM	12418
kórházi_ADJ	12417
Olaszország_PROPN	12416
fellép_SYM	12415
nyúlik_SYM	12414
létrejön_SYM	12413
vizsgált_ADJ	12412
férfi_NOUN	12411
erdő_NOUN	12410
alanyi_ADJ	12409
iii_NOUN	12408
dönthet_SYM	12407
nyomás_NOUN	12406
nyilvánít_SYM	12405
kora_ADJ	12404
elvileg_ADJ	12403
hihetetlen_ADJ	12402
Szerbia_PROPN	12401
kereset_NOUN	12400
jelenleg_hatályos_ADJ	12399
reagálás_NOUN	12398
kettős_ADJ	12397
idõt_ADJ	12396
fogyasztási_ADJ	12395
elindul_SYM	12394
végeredmény_NOUN	12393
téves_ADJ	12392
infrastrukturális_ADJ	12391
passzus_NOUN	12390
létesítés_NOUN	12389
nyári_ADJ	12388
turisztikai_ADJ	12387
beszélget_SYM	12386
tagország_NOUN	12385
teszem_fel_NUM	12384
kártya_NOUN	12383
népjóléti_miniszter_NOUN	12382
igazgatási_ADJ	12381
minőségű_ADJ	12380
ront_SYM	12379
viszonyít_SYM	12378
kormánytöbbség_NOUN	12377
Mád_PROPN	12376
staudt_ADJ	12375
Surján_László_PROPN	12374
tábla_NOUN	12373
korszerűsítés_NOUN	12372
bezár_SYM	12371
vevő_NOUN	12370
ahelyett_ADV	12369
járadék_NOUN	12368
játszik_SYM	12367
jelenlét_NOUN	12366
mihály_pénzügyminiszter_NOUN	12365
leírt_ADJ	12364
igazgató_NOUN	12363
megnyugtat_SYM	12362
ösztönzés_NOUN	12361
megkocogtatás_jelez_NOUN	12360
koncessziós_ADJ	12359
megszületett_SYM	12358
pénztár_NOUN	12357
kiemelkedő_ADJ	12356
volner_NOUN	12355
összeférhetetlenség_NOUN	12354
megvitatás_NOUN	12353
jogcím_NOUN	12352
kidolgoz_SYM	12351
hála_NOUN	12350
91_NUM	12349
törvényalkotás_NOUN	12348
minősítés_NOUN	12347
növekedési_ADJ	12346
ellenőrző_ADJ	12345
ismeretében_NOUN	12344
herényi_ADJ	12343
xx_INTJ	12342
posta_NOUN	12341
alternatív_ADJ	12340
végzettség_NOUN	12339
javulás_NOUN	12338
szorgalmaz_SYM	12337
hirtelen_ADV	12336
fok_NOUN	12335
forintért_NOUN	12334
tárgyú_ADJ	12333
meddig_ADV	12332
számított_ADJ	12331
holnapi_ADJ	12330
németh_NOUN	12329
operatív_ADJ	12328
pótlék_NOUN	12327
támaszt_NOUN	12326
értékesít_SYM	12325
kormányváltás_NOUN	12324
fokozatosan_ADJ	12323
elképesztő_ADJ	12322
kidolgozik_SYM	12321
endre_NOUN	12320
közepes_ADJ	12319
jogász_NOUN	12318
egészségbiztosítási_ADJ	12317
külügyminisztérium_NOUN	12316
közé_tartozik_SYM	12315
megválasztás_NOUN	12314
csatlakozó_ADJ	12313
tekintély_NOUN	12312
azáltal_ADV	12311
integrációs_ADJ	12310
vonás_NOUN	12309
folytathat_SYM	12308
képviselt_ADJ	12307
felvesz_SYM	12306
innentől_ADV	12305
háztartás_NOUN	12304
kassza_NOUN	12303
emleget_SYM	12302
szervezés_NOUN	12301
szorosan_ADJ	12300
52_NUM	12299
népjóléti_ADJ	12298
megpróbált_SYM	12297
kikerül_SYM	12296
mondanivaló_NOUN	12295
tisztán_ADJ	12294
összetétel_NOUN	12293
sajátosság_NOUN	12292
áttekint_SYM	12291
máshol_ADV	12290
tartósan_ADJ	12289
vagyonnyilatkozat_NOUN	12288
balla_NOUN	12287
orvosol_SYM	12286
Adóhatóság_NOUN	12285
megszűnt_SYM	12284
meggyõzõdésem_ADV	12283
juss_SYM	12282
szét_ADV	12281
kétségtelenül_ADJ	12280
értékes_ADJ	12279
újból_ADV	12278
kilenc_NUM	12277
98_NUM	12276
területfejlesztés_NOUN	12275
hatpárti_ADJ	12274
kvóta_NOUN	12273
észak_NOUN	12272
elõttem_SYM	12271
való_részvétel_NOUN	12270
teljesség_NOUN	12269
mezőgazdaság_NOUN	12268
kiad_ADJ	12267
szerencsétlen_ADJ	12266
vidékfejlesztési_miniszter_NOUN	12265
igazgatás_NOUN	12264
akkora_PRON	12263
különben_ADV	12262
szolgáltatási_ADJ	12261
szabályzat_NOUN	12260
dávid_ADJ	12259
sorozat_NOUN	12258
pohár_NOUN	12257
meglehetõsen_ADJ	12256
évszázad_NOUN	12255
közérdekű_ADJ	12254
hasonlít_SYM	12253
kialakított_ADJ	12252
fogadott_ADJ	12251
jutó_ADJ	12250
53_NUM	12249
időnként_ADV	12248
többségében_NOUN	12247
mindennap_ADV	12246
kifogásolt_ADJ	12245
bérleti_ADJ	12244
Demográfia_PROPN	12243
tárgyalási_ADJ	12242
alkalmazható_ADJ	12241
jav_VERB	12240
kiindul_ADJ	12239
Áder_János_INTJ	12238
esélyegyenlőség_NOUN	12237
összegű_ADJ	12236
művészeti_ADJ	12235
tanácsadó_ADJ	12234
szem_előtt_ADV	12233
egységesen_ADJ	12232
szeretnék_hozzászól_NOUN	12231
kárpótlási_jegy_NUM	12230
szed_SYM	12229
elnöki_ADJ	12228
bekövetkezik_SYM	12227
részvény_NOUN	12226
Európai_Parlament_ADV	12225
jöhet_SYM	12224
szorít_SYM	12223
építészet_NOUN	12222
takács_NOUN	12221
megcsinál_SYM	12220
tükör_NOUN	12219
80_százalék_NOUN	12218
újságíró_NOUN	12217
csekély_ADJ	12216
anomália_NOUN	12215
szembenéz_SYM	12214
féle_ADJ	12213
meglesz_SYM	12212
Feketegazdaság_PROPN	12211
rászoruló_ADJ	12210
sehol_ADV	12209
kormányoz_SYM	12208
többszörös_ADJ	12207
lelkiismeret_NOUN	12206
hozzáférés_NOUN	12205
rendvédelmi_ADJ	12204
adóteher_NOUN	12203
adóbevétel_NOUN	12202
képviselõtársaimat_NOUN	12201
Adatvédelmi_biztos_Magyarországon_PROPN	12200
harrach_ADJ	12199
foglal_el_NOUN	12198
nemzedék_NOUN	12197
túlságosan_ADJ	12196
szükséglet_NOUN	12195
nyertes_ADJ	12194
számvevőszék_NOUN	12193
Dohány_PROPN	12192
felelõsség_NOUN	12191
általánosság_NOUN	12190
képviselõje_ADJ	12189
igazodik_SYM	12188
jövedelmi_ADJ	12187
ró_SYM	12186
évforduló_NOUN	12185
hankó_NOUN	12184
összegez_SYM	12183
körû_ADJ	12182
tavaszi_ADJ	12181
kritikus_ADJ	12180
1956_os_forradalom_NOUN	12179
csoda_NOUN	12178
önmaguk_NUM	12177
tiltakozik_SYM	12176
húz_SYM	12175
közgazdasági_ADJ	12174
levon_SYM	12173
tárgykör_NOUN	12172
Polgári_törvénykönyv_NOUN	12171
termelési_ADJ	12170
élhet_SYM	12169
mondható_ADJ	12168
no_INTJ	12167
megvár_SYM	12166
jutás_NOUN	12165
54_NUM	12164
befektetési_ADJ	12163
eltérõ_ADJ	12162
végsõ_NOUN	12161
megszületik_SYM	12160
nemzetiség_NOUN	12159
lemond_SYM	12158
garantált_ADJ	12157
adminisztratív_ADJ	12156
fizikai_ADJ	12155
döntõ_NOUN	12154
megoszt_SYM	12153
látszólag_ADV	12152
törvényességi_ADJ	12151
turi_ADJ	12150
Jogi_személy_ADJ	12149
jelentését_NOUN	12148
fõvárosi_ADJ	12147
igazolvány_NOUN	12146
bevon_SYM	12145
igazít_SYM	12144
2007_ben_NOUN	12143
jómagam_ADJ	12142
földterület_NOUN	12141
kormányzati_ciklus_NOUN	12140
megszerez_SYM	12139
pénzeszköz_NOUN	12138
jegyzõ_ADJ	12137
megbízott_ADJ	12136
történhet_SYM	12135
egymillió_NUM	12134
közelebb_ADV	12133
viszontválasz_illet_NOUN	12132
király_NOUN	12131
ezenkívül_ADV	12130
fennálló_ADJ	12129
értelmetlen_ADJ	12128
1990_ben_NOUN	12127
ősz_ADJ	12126
tanár_NOUN	12125
Miskolc_PROPN	12124
jogú_ADJ	12123
sokféle_ADJ	12122
alapjog_NOUN	12121
megválasztott_ADJ	12120
védekezés_NOUN	12119
dolgozói_ADJ	12118
bűn_NOUN	12117
Tata_PROPN	12116
adottság_NOUN	12115
aggód_NOUN	12114
árvíz_NOUN	12113
aggódik_SYM	12112
gyakorló_ADJ	12111
értelemszerűen_ADJ	12110
idõ_letelt_ADJ	12109
tárgyi_ADJ	12108
megkér_SYM	12107
illetmény_NOUN	12106
minta_NOUN	12105
Európa_Tanács_PROPN	12104
eörsi_ADJ	12103
visszavont_ADJ	12102
Debrecen_PROPN	12101
je_INTJ	12100
konstruktív_ADJ	12099
kutató_ADJ	12098
okirat_NOUN	12097
kedvezőtlen_ADJ	12096
státus_NOUN	12095
főiskola_NOUN	12094
települési_ADJ	12093
teremtett_ADJ	12092
tonna_NOUN	12091
bizonnyal_ADV	12090
félév_NOUN	12089
elvégzés_NOUN	12088
fõleg_ADJ	12087
várni_SYM	12086
kompetencia_NOUN	12085
beadott_ADJ	12084
okozta_ADJ	12083
felmutat_SYM	12082
amennyi_PRON	12081
mindenhol_ADV	12080
gát_NOUN	12079
alkotmányügyi_ADJ	12078
mûködését_NOUN	12077
elutasítás_NOUN	12076
együttműködik_SYM	12075
elegendõ_ADJ	12074
érdemel_SYM	12073
éig_NOUN	12072
rendelt_ADJ	12071
zárójel_NOUN	12070
kezdődött_SYM	12069
89_NUM	12068
részesít_SYM	12067
vezetõ_NOUN	12066
megőriz_SYM	12065
megoldásár_ADJ	12064
miniszterelnöki_ADJ	12063
filozófus_NOUN	12062
irodalomtörténész_NOUN	12061
tárca_nélküli_ADJ	12060
állat_NOUN	12059
korosztály_NOUN	12058
illeszkedik_SYM	12057
elkerülés_NOUN	12056
kiadott_ADJ	12055
családügyi_ADJ	12054
szégyen_NOUN	12053
Magyar_Távirati_Iroda_ADV	12052
49_NUM	12051
behoz_SYM	12050
Kovács_Béla_NOUN	12049
mûszaki_ADJ	12048
hatékonyabban_ADJ	12047
márta_SYM	12046
épült_SYM	12045
objektív_ADJ	12044
gyermekvédelmi_ADJ	12043
1992_ben_NOUN	12042
hegedűs_NOUN	12041
módosítás_szóló_ADJ	12040
hamarosan_ADV	12039
Számvitel_PROPN	12038
rátér_SYM	12037
csatlakozási_ADJ	12036
menekült_SYM	12035
kölcsönös_ADJ	12034
árpád_NOUN	12033
történeti_ADJ	12032
adódó_ADJ	12031
közbeszerzési_eljárás_NOUN	12030
elkötelezett_ADJ	12029
elõterjesztett_ADJ	12028
helytelen_ADJ	12027
teljes_körű_ADJ	12026
jelentõsen_ADJ	12025
ismeretek_NOUN	12024
tárgyalu_NOUN	12023
tetszett_SYM	12022
arató_ADJ	12021
munkavállalói_ADJ	12020
albizottság_NOUN	12019
gyorsforgalmi_ADJ	12018
jóváhagyás_NOUN	12017
hallgatói_ADJ	12016
elkészít_SYM	12015
dupla_ADJ	12014
lélek_NOUN	12013
ekkora_PRON	12012
visszautasít_SYM	12011
térségi_ADJ	12010
cséfalvay_ADJ	12009
A_Hét_INTJ	12008
olimpiai_ADJ	12007
fvm_NOUN	12006
mutatkozik_SYM	12005
hónapa_NOUN	12004
itthon_ADV	12003
180_NUM	12002
láthatóan_ADJ	12001
vár_megtisztelő_ADJ	12000
igazságtalan_ADJ	11999
látható_többség_NOUN	11998
kénytelen_vagyok_NOUN	11997
igazságosság_NOUN	11996
51_NUM	11995
vas_NOUN	11994
Hende_Csaba_INTJ	11993
r_NOUN	11992
elemi_ADJ	11991
értelmes_ADJ	11990
írásbeli_ADJ	11989
nevesít_SYM	11988
játék_NOUN	11987
ellátásár_ADJ	11986
kapcsolódóan_ADJ	11985
kommunikáció_NOUN	11984
2008_ban_NOUN	11983
agrárgazdaság_NOUN	11982
megismer_SYM	11981
készség_NOUN	11980
banki_ADJ	11979
túlnyomó_ADJ	11978
illető_ADJ	11977
rugalmas_ADJ	11976
megbecsülés_NOUN	11975
hozzájárult_SYM	11974
fogyasztóvédelmi_ADJ	11973
alkalmasság_NOUN	11972
57_NUM	11971
jauernik_ADJ	11970
gazdálkodási_ADJ	11969
átalakít_SYM	11968
kiegészítõ_ADJ	11967
teszi_lehető_ADJ	11966
végkielégítés_NOUN	11965
korózs_ADJ	11964
kitétel_NOUN	11963
munkahelyteremtés_NOUN	11962
tételesen_ADJ	11961
kialakul_SYM	11960
pénzintézet_NOUN	11959
elindít_ADV	11958
fős_ADJ	11957
vel_NOUN	11956
színház_NOUN	11955
koncentrál_SYM	11954
igazolás_NOUN	11953
felfüggesztés_NOUN	11952
világkiállítás_NOUN	11951
tár_NOUN	11950
felolvas_SYM	11949
mentesség_NOUN	11948
kökény_NOUN	11947
semmi_köz_NOUN	11946
szintû_ADJ	11945
vitatott_ADJ	11944
megállapított_ADJ	11943
ehelyett_ADV	11942
nemes_ADJ	11941
ervin_ADJ	11940
józan_ADJ	11939
békés_ADJ	11938
meglévõ_ADJ	11937
hozzászólás_következik_SYM	11936
tartható_ADJ	11935
hangoztat_SYM	11934
hatály_alá_ADV	11933
Gazdasági_társaság_NOUN	11932
fül_NOUN	11931
lefolytatás_NOUN	11930
vallási_ADJ	11929
tisztesség_NOUN	11928
törvényhozó_ADJ	11927
szerencse_NOUN	11926
62_NUM	11925
üres_ADJ	11924
eladás_NOUN	11923
megbeszélés_NOUN	11922
hét_ezelőtt_ADV	11921
85_NUM	11920
csizmár_ADJ	11919
külpolitika_NOUN	11918
kifejtet_NOUN	11917
közhasznú_ADJ	11916
agrár_ADJ	11915
átvétel_NOUN	11914
megoldási_ADJ	11913
megoldható_ADJ	11912
beépít_SYM	11911
kő_NOUN	11910
tragikus_ADJ	11909
kétéves_ADJ	11908
gondolatok_NOUN	11907
hivatali_ADJ	11906
állampolgárság_NOUN	11905
jegyzői_ADJ	11904
elhisz_PRON	11903
felvetet_NOUN	11902
szja_NOUN	11901
engedélyezés_NOUN	11900
dolgozott_SYM	11899
ütközik_SYM	11898
torgyán_NOUN	11897
kvázi_ADJ	11896
erőszak_NOUN	11895
realitás_NOUN	11894
mentelmi_jog_NOUN	11893
Kékkő_PROPN	11892
digitális_ADJ	11891
isépy_NOUN	11890
szituáció_NOUN	11889
professzor_NOUN	11888
való_eltérés_NOUN	11887
burány_NOUN	11886
ötpárti_ADJ	11885
fordítva_ADV	11884
1994_ben_NOUN	11883
kiterjed_SYM	11882
túlzott_ADJ	11881
egyidejűleg_ADJ	11880
éljen_SYM	11879
kedvezményezett_ADJ	11878
vízügyi_miniszter_NOUN	11877
munkaerő_piaci_ADJ	11876
délután_ADV	11875
kívánó_ADJ	11874
induló_ADJ	11873
felkészül_SYM	11872
esetlegesen_ADJ	11871
mérséklés_NOUN	11870
biztosítható_ADJ	11869
eljutott_SYM	11868
vesztes_ADJ	11867
újonnan_ADV	11866
méltányos_ADJ	11865
megemel_NOUN	11864
ésszerű_ADJ	11863
Hargita_PROPN	11862
ellenez_SYM	11861
tág_ADJ	11860
kölcsön_NOUN	11859
160_NUM	11858
fakadó_ADJ	11857
fölötti_ADJ	11856
őszi_ADJ	11855
ügyintézés_NOUN	11854
mű_NOUN	11853
adás_NOUN	11852
kétszeres_ADJ	11851
írni_SYM	11850
szellemében_NOUN	11849
fillér_ADJ	11848
magyarul_ADJ	11847
elősegítés_NOUN	11846
ford_NOUN	11845
következetes_ADJ	11844
elõzetes_ADJ	11843
elmondható_ADJ	11842
megsértés_NOUN	11841
déli_ADJ	11840
egyperces_ADJ	11839
mátyás_ADJ	11838
ő_mögé_NOUN	11837
kezdeményező_ADJ	11836
klasszikus_ADJ	11835
megillet_SYM	11834
kijelölés_NOUN	11833
kompenzáció_NOUN	11832
130_NUM	11831
támogatandó_ADJ	11830
ameddig_ADV	11829
jogsértés_NOUN	11828
Horn_Gyula_INTJ	11827
népesség_NOUN	11826
forduló_NOUN	11825
befizet_SYM	11824
72_NUM	11823
tragédia_NOUN	11822
eltekint_SYM	11821
ejt_SYM	11820
mentes_ADJ	11819
veszít_SYM	11818
nagyságrendű_ADJ	11817
tudhat_SYM	11816
92_NUM	11815
meghozott_ADJ	11814
politikailag_ADJ	11813
import_NOUN	11812
hitt_SYM	11811
becslés_NOUN	11810
uniós_csatlakozás_NOUN	11809
tüntet_NOUN	11808
stb_NOUN	11807
vad_ADJ	11806
hegyi_ADJ	11805
havonta_ADV	11804
személyiség_NOUN	11803
megél_ADJ	11802
beszámol_SYM	11801
elkövető_ADJ	11800
falvak_NOUN	11799
szólás_NOUN	11798
rak_SYM	11797
elképzel_SYM	11796
élv_NOUN	11795
érdekeltség_NOUN	11794
építkezés_NOUN	11793
v_NOUN	11792
rendszertan_ADJ	11791
küszöb_NOUN	11790
naponta_ADV	11789
szín_NOUN	11788
idegenforgalmi_ADJ	11787
nyilatkozott_SYM	11786
hozzátartozik_SYM	11785
elveszik_SYM	11784
hangulat_NOUN	11783
tartalmú_ADJ	11782
szerzõdést_NOUN	11781
csúcs_NOUN	11780
boldog_ADJ	11779
figyelt_SYM	11778
ksh_NOUN	11777
elkötelezettség_NOUN	11776
szigorúan_ADJ	11775
tiszt_NOUN	11774
kistelepülések_NOUN	11773
Diszkrimináció_NOUN	11772
továbbra_ADV	11771
pillanatnyilag_ADV	11770
csakhogy_CONJ	11769
1000_PROPN	11768
58_NUM	11767
elvisz_SYM	11766
cselekvés_NOUN	11765
bátorság_NOUN	11764
gusztos_ADJ	11763
õszintén_ADJ	11762
energetikai_ADJ	11761
radikális_ADJ	11760
kezdett_SYM	11759
tartózkodó_ADJ	11758
szándékú_ADJ	11757
külsõ_ADJ	11756
vitatható_ADJ	11755
használható_ADJ	11754
Erdély_PROPN	11753
nyomozó_ADJ	11752
jenő_ADJ	11751
belát_SYM	11750
intézkedik_SYM	11749
segítet_SYM	11748
kizárólagos_ADJ	11747
odáig_ADV	11746
mi_előtt_lévő_ADJ	11745
elvárható_ADJ	11744
látszat_NOUN	11743
érzékeny_ADJ	11742
egyoldalú_ADJ	11741
bírál_SYM	11740
törvénysértés_NOUN	11739
miatt_válaszadás_NOUN	11738
hatástanulmány_NOUN	11737
megakadályozás_NOUN	11736
2018_NUM	11735
döntéshozatal_NOUN	11734
kártalanítás_NOUN	11733
átszervezés_NOUN	11732
Nemzetközi_Valutaalap_NOUN	11731
feltárás_NOUN	11730
negyedév_NOUN	11729
maximálisan_ADJ	11728
tizenöt_NUM	11727
vetet_SYM	11726
ismeretlen_ADJ	11725
ivanics_ADJ	11724
kérhet_SYM	11723
Gáz_ADJ	11722
rendőri_ADJ	11721
elől_ADP	11720
váltott_SYM	11719
kibocsátás_NOUN	11718
kétségkívül_ADV	11717
vidékfejlesztés_NOUN	11716
multinacionális_ADJ	11715
állapít_SYM	11714
minisztériumi_ADJ	11713
kollektív_ADJ	11712
fontosságú_ADJ	11711
hordoz_SYM	11710
ifjúság_NOUN	11709
alapszerzõdés_NOUN	11708
kereslet_NOUN	11707
rubovszky_ADJ	11706
sokaság_NOUN	11705
büntetőjogi_ADJ	11704
jövő_évi_ADJ	11703
elnevezés_NOUN	11702
ügylet_NOUN	11701
jogrend_NOUN	11700
önállóság_NOUN	11699
ráfordítás_NOUN	11698
érdekegyeztetés_NOUN	11697
megállapodik_SYM	11696
háziorvos_NOUN	11695
deficit_NOUN	11694
előbb_említett_ADJ	11693
nyilvánosság_előtt_ADV	11692
Pokorni_Zoltán_PROPN	11691
csaknem_ADV	11690
felhívás_NOUN	11689
megismerhet_SYM	11688
Távközlés_PROPN	11687
károsult_ADJ	11686
elkerülhetetlen_ADJ	11685
megalakulás_NOUN	11684
ráta_NOUN	11683
előző_ciklus_NOUN	11682
olvashat_SYM	11681
hazudik_SYM	11680
Békés_megye_PROPN	11679
jogosan_ADJ	11678
hozzájut_ADJ	11677
l_NOUN	11676
automatikusan_ADJ	11675
vám_NOUN	11674
maradhat_SYM	11673
belemegy_SYM	11672
börtön_NOUN	11671
kimaradt_ADJ	11670
feláll_SYM	11669
zászló_NOUN	11668
megsért_SYM	11667
lépt_ADJ	11666
megkülönböztetés_NOUN	11665
szobrász_NOUN	11664
podolák_NOUN	11663
végezte_SYM	11662
Szeged_PROPN	11661
vásárlás_NOUN	11660
lévén_ADV	11659
célzó_ADJ	11658
támogatottság_NOUN	11657
nélkülözhetetlen_ADJ	11656
céltámogatás_NOUN	11655
járhat_SYM	11654
országgyûlési_határozat_INTJ	11653
közreműködés_NOUN	11652
segíthet_SYM	11651
forgalmi_ADJ	11650
feltételezés_NOUN	11649
alapító_ADJ	11648
jogharmonizáció_NOUN	11647
kónya_ADJ	11646
államigazgatás_NOUN	11645
zöm_NOUN	11644
okozhat_SYM	11643
stílus_NOUN	11642
balsay_ADJ	11641
zárszámadási_ADJ	11640
ből_NOUN	11639
erőmű_NOUN	11638
sepsey_ADJ	11637
kettõ_ADJ	11636
kedves_képviselõtársaim_NOUN	11635
hozzányúl_SYM	11634
többé_ADV	11633
beszélgetés_NOUN	11632
kritizál_SYM	11631
munkakör_NOUN	11630
Erzsébet_angol_királynő_INTJ	11629
áttér_SYM	11628
bármiféle_PRON	11627
cser_NOUN	11626
kedvezõ_ADJ	11625
Közigazgatási_és_Igazságügyi_Minisztérium_PROPN	11624
bevezető_ADJ	11623
ülő_ADJ	11622
kötelezettségvállalás_NOUN	11621
ötödik_ADJ	11620
elöljáró_NOUN	11619
film_NOUN	11618
alapellátás_NOUN	11617
ángy_ADJ	11616
kiadvány_NOUN	11615
mindenkor_ADV	11614
irányító_ADJ	11613
valószínűség_NOUN	11612
mérce_NOUN	11611
bánki_ADJ	11610
vezethet_SYM	11609
csökkentet_NOUN	11608
pályáz_SYM	11607
kellően_ADJ	11606
megbízatás_NOUN	11605
összes_többi_ADJ	11604
fölösleges_ADJ	11603
ö_cím_NOUN	11602
gyár_NOUN	11601
vagyontárgy_NOUN	11600
erősen_ADJ	11599
pályázik_SYM	11598
balogh_NOUN	11597
megalapozatlan_ADJ	11596
mérlegelés_NOUN	11595
tökéletes_ADJ	11594
különös_tekintett_ADJ	11593
oktató_ADJ	11592
viszontválasz_megad_NOUN	11591
betölt_SYM	11590
kérdésrõl_ADJ	11589
földtörvény_NOUN	11588
fa_NOUN	11587
rászorult_ADJ	11586
csere_NOUN	11585
megszólalás_NOUN	11584
összehasonlít_SYM	11583
kelemen_NOUN	11582
megváltozik_SYM	11581
berendezés_NOUN	11580
törvényalkotó_NOUN	11579
ikotity_ADJ	11578
esetenként_NOUN	11577
segítés_NOUN	11576
magántulajdon_NOUN	11575
munkálat_NOUN	11574
őriz_SYM	11573
máris_ADV	11572
megkeresés_NOUN	11571
másikra_PRON	11570
felelőtlen_ADJ	11569
részletesebben_ADJ	11568
némileg_ADV	11567
íz_NOUN	11566
tõl_NOUN	11565
kétséges_ADJ	11564
jogorvoslati_ADJ	11563
kristóf_NOUN	11562
tagad_SYM	11561
egyez_SYM	11560
kivéve_ADV	11559
140_NUM	11558
Pásztor_PROPN	11557
egyesület_NOUN	11556
téved_SYM	11555
választói_ADJ	11554
kérdéses_ADJ	11553
kal_NOUN	11552
megmutat_SYM	11551
lehetőleg_ADV	11550
szándékoz_ADJ	11549
képviseleti_ADJ	11548
kivált_ADV	11547
szándékozik_SYM	11546
közgazdász_NOUN	11545
árt_SYM	11544
meglepő_ADJ	11543
ügyészi_ADJ	11542
megtud_SYM	11541
légi_ADJ	11540
aligha_ADV	11539
Szijjártó_Péter_NOUN	11538
készítet_NOUN	11537
döntéshozó_ADJ	11536
ezelőtti_ADJ	11535
nyitva_ADV	11534
közbekiáltás_NOUN	11533
Terrorizmus_PROPN	11532
törvényalkotási_ADJ	11531
üzemeltetés_NOUN	11530
megindult_SYM	11529
Monetáris_politika_PROPN	11528
vállalati_ADJ	11527
Egészségbiztosítás_PROPN	11526
vonatkozott_SYM	11525
megközelít_SYM	11524
adminisztrációs_ADJ	11523
nyilvántartási_ADJ	11522
ellátott_ADJ	11521
adóalap_NOUN	11520
Íván_INTJ	11519
közérdek_NOUN	11518
ötven_NUM	11517
józsa_NOUN	11516
amiatt_ADV	11515
Duna_PROPN	11514
váljon_SYM	11513
gál_ADJ	11512
kissé_ADV	11511
ő_helyett_ADJ	11510
megér_SYM	11509
mnb_NOUN	11508
1999_ben_NOUN	11507
jével_NOUN	11506
Dunántúl_PROPN	11505
anya_NOUN	11504
Világörökség_PROPN	11503
ét_INTJ	11502
megítél_SYM	11501
eljáró_ADJ	11500
horváth_zsolt_ADJ	11499
adóztatás_NOUN	11498
köszönhető_ADJ	11497
felszólalásár_NOUN	11496
rekonstrukció_NOUN	11495
ágy_NOUN	11494
túlmenõen_ADJ	11493
reflektál_SYM	11492
vizsga_NOUN	11491
szűcs_NOUN	11490
levõ_ADJ	11489
diploma_NOUN	11488
világosi_ADJ	11487
termékdíj_NOUN	11486
eltörlés_NOUN	11485
kétharmados_többség_NOUN	11484
sértett_ADJ	11483
méret_NOUN	11482
megértés_NOUN	11481
évtizedes_ADJ	11480
törvénymódosító_ADJ	11479
megválaszt_SYM	11478
honvédelem_NOUN	11477
sokáig_ADV	11476
hiányoz_ADJ	11475
bezárás_NOUN	11474
magyarázat_NOUN	11473
hiányozik_SYM	11472
erik_ADJ	11471
tő_NOUN	11470
tarthatatlan_ADJ	11469
földtulajdon_NOUN	11468
minek_ADV	11467
töröl_SYM	11466
forgó_ADJ	11465
61_NUM	11464
bebizonyít_INTJ	11463
megkeres_SYM	11462
megáll_SYM	11461
visszaél_SYM	11460
társasház_NOUN	11459
mozog_SYM	11458
elveszít_SYM	11457
Magyar_Televízió_NOUN	11456
Informatika_PROPN	11455
olvasható_ADJ	11454
megszűnés_NOUN	11453
iv_INTJ	11452
értékhatár_NOUN	11451
elment_SYM	11450
jelentő_ADJ	11449
lehetõvé_teszi_INTJ	11448
1996_ban_NOUN	11447
kezdeményezett_ADJ	11446
részesedés_NOUN	11445
engedélyezési_ADJ	11444
elvon_SYM	11443
előzetesen_ADJ	11442
elmarad_SYM	11441
cselekedik_SYM	11440
áttekintés_NOUN	11439
wiener_NOUN	11438
mol_NOUN	11437
Magyar_Fejlesztési_Bank_PROPN	11436
javult_SYM	11435
géza_NOUN	11434
egyszerűsítés_NOUN	11433
felelõsséget_NOUN	11432
kilátás_NOUN	11431
elkövetés_NOUN	11430
költött_ADJ	11429
jóléti_ADJ	11428
válás_NOUN	11427
foglalkozás_NOUN	11426
állomás_NOUN	11425
tömeges_ADJ	11424
harminc_NUM	11423
köztársasági_ADJ	11422
függeszt_NOUN	11421
szájer_ADJ	11420
ellenõrzés_NOUN	11419
érkezt_NOUN	11418
vélt_ADJ	11417
szállítás_NOUN	11416
éles_ADJ	11415
ázik_SYM	11414
növekmény_NOUN	11413
tapasztalhat_SYM	11412
polgári_pár_NOUN	11411
szávay_ADJ	11410
nevelő_ADJ	11409
vincze_ADJ	11408
fordítható_ADJ	11407
kiegyensúlyozott_ADJ	11406
elkölt_SYM	11405
elkerülő_ADJ	11404
megtárgyal_SYM	11403
vállalkozási_ADJ	11402
problémakör_NOUN	11401
formai_ADJ	11400
elkülönített_ADJ	11399
adóz_SYM	11398
előterjesztői_ADJ	11397
rendelkezett_SYM	11396
Ibolya_PROPN	11395
indulat_NOUN	11394
beosztás_NOUN	11393
kidolgozott_ADJ	11392
pártpolitikai_ADJ	11391
Hiller_István_ADV	11390
szakértõi_ADJ	11389
Egyesült_Királyság_NOUN	11388
adózik_SYM	11387
elképzelhető_ADJ	11386
köztisztviselői_ADJ	11385
rendre_ADV	11384
kollégium_NOUN	11383
hozzányúlik_SYM	11382
negyven_NUM	11381
lebonyolítás_NOUN	11380
napvilág_NOUN	11379
legfelső_ADJ	11378
fegyelmi_ADJ	11377
Rend_NOUN	11376
végzés_NOUN	11375
megnyilvánulás_NOUN	11374
menetrend_NOUN	11373
vendég_NOUN	11372
mirõl_ADJ	11371
műsor_NOUN	11370
töltött_ADJ	11369
simicskó_ADJ	11368
teljesítet_NOUN	11367
ismételt_ADJ	11366
apáti_ADJ	11365
jelentõségû_ADJ	11364
tudatosan_ADJ	11363
Dohányzás_NOUN	11362
többletforrás_NOUN	11361
5_milliárd_NUM	11360
ösztöndíj_NOUN	11359
pozitívum_NOUN	11358
szenvedett_ADJ	11357
néhányan_PRON	11356
következetesen_ADJ	11355
honfitárs_NOUN	11354
változó_ADJ	11353
ő_mellett_ADJ	11352
többnyire_ADV	11351
micsoda_PRON	11350
országgyûlést_NOUN	11349
szerződéses_ADJ	11348
miniszteri_rendelet_NOUN	11347
pillér_NOUN	11346
Szombathely_PROPN	11345
becsület_NOUN	11344
Ökológia_NOUN	11343
utoljára_ADV	11342
Csehország_PROPN	11341
toller_ADJ	11340
kudarc_NOUN	11339
szólal_SYM	11338
megfontol_SYM	11337
szület_NOUN	11336
tisztességtelen_ADJ	11335
olvastam_SYM	11334
Bokros_csomag_PROPN	11333
teendő_NOUN	11332
bejelentet_NOUN	11331
Nemzetiség_NOUN	11330
következően_ADJ	11329
elveszt_SYM	11328
teljesül_SYM	11327
tönk_NOUN	11326
mindenfajta_PRON	11325
közölt_ADJ	11324
képzett_ADJ	11323
megbízható_ADJ	11322
szakács_NOUN	11321
elõterjesztést_NOUN	11320
110_NUM	11319
bővül_SYM	11318
együttműködési_ADJ	11317
árbevétel_NOUN	11316
globális_ADJ	11315
koncepcionális_ADJ	11314
59_NUM	11313
talaj_NOUN	11312
visszaad_SYM	11311
jövõre_ADJ	11310
jövedelemadó_NOUN	11309
nemrég_ADV	11308
Fodor_Gábor_PROPN	11307
vízi_ADJ	11306
Szén_PROPN	11305
200_ezer_ADV	11304
feldolgozás_NOUN	11303
dátum_NOUN	11302
67_NUM	11301
összefüggõ_ADJ	11300
mennyiségű_ADJ	11299
kihatás_NOUN	11298
állítólag_ADV	11297
kezelt_ADJ	11296
tisztességesen_ADJ	11295
hasznosít_SYM	11294
Offshore_PROPN	11293
katona_tamás_NOUN	11292
honvédelmi_minisztérium_NOUN	11291
vasárnap_ADV	11290
kiáll_SYM	11289
kincstári_ADJ	11288
tanít_SYM	11287
hétfő_NOUN	11286
túlzás_NOUN	11285
fektet_SYM	11284
felnőtt_NOUN	11283
haragszik_SYM	11282
adófizető_pénz_NOUN	11281
rendezett_ADJ	11280
postabank_NOUN	11279
normaszöveg_NOUN	11278
felmentés_NOUN	11277
sportoló_NOUN	11276
folytatód_NOUN	11275
hónapos_ADJ	11274
elhangzik_SYM	11273
64_NUM	11272
immáron_ADV	11271
konzervatív_ADJ	11270
Értékpapír_NOUN	11269
sic_NOUN	11268
megújítás_NOUN	11267
erõk_ADJ	11266
emlegetett_ADJ	11265
deutsch_VERB	11264
mészáros_ADJ	11263
péntek_NOUN	11262
hitelintézet_NOUN	11261
alajos_ADJ	11260
megvalósult_ADJ	11259
leépítés_NOUN	11258
latorcai_ADJ	11257
közteher_NOUN	11256
derült_ADJ	11255
örvendetes_ADJ	11254
Magyar_Demokrata_Néppárt_PROPN	11253
megelőz_SYM	11252
hozzátartozó_ADJ	11251
Balczó_Zoltán_PROPN	11250
enyhítés_NOUN	11249
von_vissza_NOUN	11248
elmaradott_ADJ	11247
kormányhivatal_NOUN	11246
gesztus_NOUN	11245
tanárok_NOUN	11244
javaslatár_NOUN	11243
tukacs_ADJ	11242
logikus_ADJ	11241
áremelés_NOUN	11240
meghirdetett_ADJ	11239
valamelyest_ADV	11238
törvényesség_NOUN	11237
190_NUM	11236
árverés_NOUN	11235
csengõ_NOUN	11234
1500_NUM	11233
érkező_ADJ	11232
baja_NOUN	11231
eszerint_ADV	11230
vojnik_NOUN	11229
követett_SYM	11228
lemondás_NOUN	11227
terhelés_NOUN	11226
1993_ban_NOUN	11225
bejegyzés_NOUN	11224
számolt_ADJ	11223
kritikai_ADJ	11222
forgalmazás_NOUN	11221
választókörzet_NOUN	11220
kötelezően_ADJ	11219
Hollandia_PROPN	11218
170_NUM	11217
megvalósítható_ADJ	11216
tartalmilag_ADJ	11215
munkás_NOUN	11214
szuverenitás_NOUN	11213
technológiai_ADJ	11212
érdekei_NOUN	11211
családtag_NOUN	11210
ítél_meg_INTJ	11209
felsõoktatás_NOUN	11208
valószínű_ADJ	11207
Forum_Romanum_PROPN	11206
engedélyez_SYM	11205
felépítés_NOUN	11204
strukturális_ADJ	11203
részarány_NOUN	11202
lényegi_ADJ	11201
sarkalatos_ADJ	11200
kisvállalkozás_NOUN	11199
Mentelmi_jog_PROPN	11198
fölvet_SYM	11197
Angol_nyelv_PROPN	11196
Község_PROPN	11195
eredményesség_NOUN	11194
szűnik_SYM	11193
bürokrácia_NOUN	11192
racionális_ADJ	11191
Metró_PROPN	11190
telt_SYM	11189
193_NUM	11188
vásárolt_ADJ	11187
foglalkoztató_ADJ	11186
üzemanyag_NOUN	11185
Szlovénia_PROPN	11184
tisztázás_NOUN	11183
középpont_NOUN	11182
húzód_ADJ	11181
napos_ADJ	11180
húzódik_SYM	11179
fut_SYM	11178
szólhat_SYM	11177
morális_ADJ	11176
büntetõ_ADJ	11175
megmaradt_ADJ	11174
eszközrendszer_NOUN	11173
Gazdasági_Együttműködési_és_Fejlesztési_Szervezet_NOUN	11172
vállalkozik_SYM	11171
előzmény_NOUN	11170
63_NUM	11169
alkotmányossági_ADJ	11168
eszme_NOUN	11167
biztat_SYM	11166
kötelezett_ADJ	11165
időközben_ADV	11164
albert_SYM	11163
megrendelés_NOUN	11162
döntően_ADJ	11161
bármennyire_ADV	11160
európai_ADJ	11159
nehezít_SYM	11158
kerülete_NOUN	11157
fogalmazód_ADJ	11156
ptk_NOUN	11155
kielégítés_NOUN	11154
előtér_NOUN	11153
amennyire_ADV	11152
tüntetés_NOUN	11151
drasztikus_ADJ	11150
adatvédelmi_ADJ	11149
meglepetés_NOUN	11148
etikai_ADJ	11147
előterjeszt_SYM	11146
direkt_ADJ	11145
vegyes_ADJ	11144
kétoldalú_ADJ	11143
jármű_NOUN	11142
romlás_NOUN	11141
Hódmezővásárhely_PROPN	11140
sikeresen_ADJ	11139
nyakó_ADJ	11138
tűzoltó_ADJ	11137
eső_ADJ	11136
tekinthetõ_ADJ	11135
biztosíthat_SYM	11134
súlyú_ADJ	11133
szűkít_ADJ	11132
becsül_SYM	11131
sérül_SYM	11130
éjszaka_ADV	11129
kielégít_SYM	11128
vezérszónoklat_NOUN	11127
Büntetőjog_PROPN	11126
mûködése_NOUN	11125
pótköltségvetés_NOUN	11124
elit_NOUN	11123
amióta_ADV	11122
gazdaságilag_ADJ	11121
integrált_ADJ	11120
kevesen_NUM	11119
egyhangú_ADJ	11118
gratulál_SYM	11117
nagyváros_NOUN	11116
géczi_ADJ	11115
hároméves_ADJ	11114
utalt_rá_NOUN	11113
török_ADJ	11112
karsai_NOUN	11111
példátlan_ADJ	11110
nevelési_ADJ	11109
úthálózat_NOUN	11108
sal_NOUN	11107
megalapozó_ADJ	11106
kétely_NOUN	11105
fekete_ADJ	11104
készítés_NOUN	11103
Magyarok_PROPN	11102
közút_NOUN	11101
megjelenő_ADJ	11100
dilemma_NOUN	11099
titkár_NOUN	11098
66_NUM	11097
finanszírozott_ADJ	11096
Titkosszolgálat_NOUN	11095
megfogalmazód_ADJ	11094
illúzió_NOUN	11093
egyéni_vállalkozó_ADJ	11092
vádol_SYM	11091
képviselõtársak_ADJ	11090
kellemetlen_ADJ	11089
dologi_ADJ	11088
ismertetett_ADJ	11087
1988_NUM	11086
felszámolási_ADJ	11085
késõbbi_ADJ	11084
fokoz_SYM	11083
összevont_ADJ	11082
aláhúz_SYM	11081
tanácsi_ADJ	11080
kár_okoz_NOUN	11079
tanulmányoz_SYM	11078
egyezség_NOUN	11077
érzékeltet_SYM	11076
ezúton_ADV	11075
csökkenő_ADJ	11074
megalapoz_SYM	11073
iván_ADV	11072
megszorító_ADJ	11071
glattfelder_ADJ	11070
mindnyájan_PRON	11069
konkrétum_NOUN	11068
Horvátország_PROPN	11067
gépjármű_NOUN	11066
vehető_ADJ	11065
önállóan_ADJ	11064
kommunikációs_ADJ	11063
alapú_ADJ	11062
valamifajta_PRON	11061
friss_ADJ	11060
ingyen_ADV	11059
igencsak_ADV	11058
bevezetett_ADJ	11057
mondás_NOUN	11056
tisztaság_NOUN	11055
elgondolás_NOUN	11054
rádió_NOUN	11053
szándékosan_ADJ	11052
megkövetel_SYM	11051
Szabadságvesztés_NOUN	11050
tudatos_ADJ	11049
frakcióvezetõ_ADJ	11048
maradéktalanul_ADJ	11047
csapat_NOUN	11046
eközben_ADV	11045
bölcs_ADJ	11044
Vizitdíj_PROPN	11043
gépkocsi_NOUN	11042
cselekvési_ADJ	11041
hová_ADV	11040
harmadszor_ADV	11039
felszín_NOUN	11038
közepette_ADP	11037
tábor_NOUN	11036
szerves_ADJ	11035
hagyott_ADJ	11034
értékrend_NOUN	11033
lelki_ADJ	11032
kereskedő_ADJ	11031
szögez_SYM	11030
évfolyam_NOUN	11029
sáv_NOUN	11028
állhat_SYM	11027
informatikai_hálózat_INTJ	11026
vevõ_NOUN	11025
csalás_NOUN	11024
Szerencsejáték_PROPN	11023
ő_mögött_ADJ	11022
elgondolkodik_SYM	11021
felkészült_ADJ	11020
adatbázis_NOUN	11019
köztudott_ADJ	11018
1956_NUM	11017
úgyis_ADV	11016
adminisztráció_NOUN	11015
195_NUM	11014
194_NUM	11013
hadházy_ADJ	11012
bírálat_NOUN	11011
helyénvaló_ADJ	11010
vezetõi_NOUN	11009
elutasított_ADJ	11008
üzen_SYM	11007
bizonyítják_SYM	11006
székhely_NOUN	11005
rehabilitációs_ADJ	11004
nevel_SYM	11003
továbbképzés_NOUN	11002
életszínvonal_NOUN	11001
ádám_ADJ	11000
Erdélyi_Múzeum_Egyesület_NOUN	10999
tõke_ADJ	10998
mielõtt_ADJ	10997
000_NUM	10996
egyfelől_ADV	10995
tételes_ADJ	10994
csomó_NUM	10993
elítélt_ADJ	10992
szülőföld_NOUN	10991
órás_ADJ	10990
Szolnok_PROPN	10989
zöld_ADJ	10988
fér_SYM	10987
kártérítés_NOUN	10986
bevált_ADJ	10985
adókulcs_NOUN	10984
előadás_NOUN	10983
privatizáció_NOUN	10982
előremutató_ADJ	10981
mutatott_SYM	10980
lépjen_SYM	10979
működőképes_ADJ	10978
gyimóthy_ADJ	10977
felszámol_SYM	10976
közvetett_ADJ	10975
keményen_ADJ	10974
megismerés_NOUN	10973
adósságállomány_NOUN	10972
megérik_SYM	10971
jólét_NOUN	10970
visszaesés_NOUN	10969
egyenesen_ADJ	10968
olimpia_NOUN	10967
letesz_SYM	10966
reálbér_ADJ	10965
intézkedési_ADJ	10964
összevonás_NOUN	10963
másképpen_ADV	10962
patkó_ADJ	10961
jogorvoslat_NOUN	10960
moratórium_NOUN	10959
túllép_SYM	10958
Köztestületek_Magyarországon_PROPN	10957
jövedelmű_ADJ	10956
második_fele_ADV	10955
történés_NOUN	10954
produkál_SYM	10953
eljuttat_SYM	10952
schiffer_ADJ	10951
érzékelhető_ADJ	10950
192_NUM	10949
Szabálysértés_NOUN	10948
szatmáry_ADJ	10947
családtámogatási_ADJ	10946
enélkül_ADV	10945
követõ_ADJ	10944
munkaidő_NOUN	10943
eredményesen_ADJ	10942
bőven_ADJ	10941
szakterület_NOUN	10940
odafigyel_SYM	10939
önkormányzatiság_NOUN	10938
átgondol_SYM	10937
ír_elõ_ADJ	10936
bemutatás_NOUN	10935
várhat_SYM	10934
bevándorló_NOUN	10933
megjelölt_ADJ	10932
beépítés_NOUN	10931
borbély_NOUN	10930
részletez_SYM	10929
népi_ADJ	10928
épülő_ADJ	10927
népszavazás_NOUN	10926
szûk_ADJ	10925
kizárt_ADJ	10924
lehetõségek_NOUN	10923
Jogrendszer_PROPN	10922
felügyelőbizottság_NOUN	10921
végezhet_SYM	10920
bizonyítvány_NOUN	10919
enyhít_SYM	10918
Fenntartható_fejlődés_NOUN	10917
definíció_NOUN	10916
gondolhat_SYM	10915
idõn_ADJ	10914
telepít_SYM	10913
minthogy_SCONJ	10912
budai_ADJ	10911
felzárkóztatás_NOUN	10910
megvolt_SYM	10909
félt_SYM	10908
szak_NOUN	10907
68_NUM	10906
nyugdíjkorhatár_NOUN	10905
kerülõ_ADJ	10904
szabálysértési_ADJ	10903
táblázat_NOUN	10902
közteherviselés_NOUN	10901
érhet_SYM	10900
közoktatás_NOUN	10899
érhető_ADJ	10898
szolgálhat_SYM	10897
nyugat_európa_INTJ	10896
gimnázium_NOUN	10895
látogatás_NOUN	10894
fekvõ_ADJ	10893
Választójog_NOUN	10892
rögzítés_NOUN	10891
megtalálható_ADJ	10890
gyakorolt_ADJ	10889
vezérigazgató_NOUN	10888
megkötött_ADJ	10887
viszontválasz_NOUN	10886
bűnöző_NOUN	10885
tó_NOUN	10884
jelentõsége_NOUN	10883
nyújtó_ADJ	10882
miképpen_ADV	10881
romlott_SYM	10880
kezdjük_SYM	10879
kutya_NOUN	10878
lezajlott_ADJ	10877
értékû_ADJ	10876
