Word	Frequency
a_DET	4148
az_DET	4147
hogy_SCONJ	4146
ez_PRON	4145
és_CONJ	4144
nem_ADV	4143
is_CONJ	4142
egy_DET	4141
van_SYM	4140
amely_PRON	4139
meg_PART	4138
ami_PRON	4137
ha_SCONJ	4136
kell_SYM	4135
de_CONJ	4134
törvény_NOUN	4133
Magyarország_PROPN	4132
szó_NOUN	4131
volt_SYM	4130
olyan_PRON	4129
vagy_CONJ	4128
elnök_NOUN	4127
kormány_NOUN	4126
kérdés_NOUN	4125
mi_PRON	4124
javaslat_NOUN	4123
én_PRON	4122
mert_SCONJ	4121
Szabad_Demokraták_Szövetsége_NOUN	4120
most_ADV	4119
tud_SYM	4118
csak_ADV	4117
már_ADV	4116
tehát_CONJ	4115
lesz_SYM	4114
lehet_SYM	4113
itt_ADV	4112
még_ADV	4111
el_ADV	4110
aki_PRON	4109
eb_NOUN	4108
bizottság_NOUN	4107
nagyon_ADV	4106
e_PRON	4105
képviselő_úr_NOUN	4104
ki_ADV	4103
ilyen_PRON	4102
sem_ADV	4101
mint_SCONJ	4100
ország_NOUN	4099
év_NOUN	4098
képviselő_ADJ	4097
hanem_CONJ	4096
fog_AUX	4095
vita_NOUN	4094
nagy_ADJ	4093
törvényjavaslat_NOUN	4092
pont_ADV	4091
pedig_CONJ	4090
úgy_ADV	4089
rész_NOUN	4088
sor_NOUN	4087
gondol_SYM	4086
dr_INTJ	4085
amikor_ADV	4084
jó_ADJ	4083
Fidesz__Magyar_Polgári_Szövetség_NOUN	4082
minden_PRON	4081
szeret_SYM	4080
szerint_ADP	4079
hiszen_CONJ	4078
más_PRON	4077
elnök_úr_ADJ	4076
azért_ADV	4075
taps_NOUN	4074
ön_PRON	4073
országgyűlés_NOUN	4072
így_CONJ	4071
alap_NOUN	4070
tesz_SYM	4069
figyelem_NOUN	4068
kérem_SYM	4067
úr_NOUN	4066
két_NUM	4065
helyzet_NOUN	4064
megad_SYM	4063
köszönöm_SYM	4062
eset_NOUN	4061
maga_PRON	4060
köszönöm_szépen_NOUN	4059
tisztelt_országgyűlés_NOUN	4058
ügy_NOUN	4057
ezért_ADV	4056
új_ADJ	4055
rendszer_NOUN	4054
illetve_CONJ	4053
szavazás_NOUN	4052
Magyar_Szocialista_Párt_PROPN	4051
költségvetés_NOUN	4050
fontos_ADJ	4049
probléma_NOUN	4048
módosító_javaslat_NOUN	4047
tisztelt_ADJ	4046
dolog_NOUN	4045
ne_ADV	4044
tart_SYM	4043
kíván_SYM	4042
igen_INTJ	4041
támogat_SYM	4040
jog_NOUN	4039
szavaz_SYM	4038
támogatás_NOUN	4037
majd_ADV	4036
milyen_PRON	4035
parlament_NOUN	4034
több_NUM	4033
mód_NOUN	4032
önkormányzat_NOUN	4031
egyik_PRON	4030
be_ADV	4029
Európai_Unió_PROPN	4028
feladat_NOUN	4027
azonban_CONJ	4026
fel_ADV	4025
természetesen_ADJ	4024
valóban_ADV	4023
vannak_SYM	4022
számára_ADP	4021
ad_SYM	4020
cél_NOUN	4019
terület_NOUN	4018
államtitkár_úr_NOUN	4017
abban_PRON	4016
idő_NOUN	4015
hisz_CONJ	4014
válasz_NOUN	4013
politikai_ADJ	4012
miniszter_úr_NOUN	4011
ember_NOUN	4010
kapcsolat_NOUN	4009
s_CONJ	4008
akar_SYM	4007
között_ADP	4006
kerül_SYM	4005
által_ADP	4004
legyen_SYM	4003
ahol_ADV	4002
beszél_SYM	4001
másik_PRON	4000
lát_SYM	3999
ma_ADV	3998
tisztelt_ház_NOUN	3997
következik_SYM	3996
tisztelt_képviselőtárs_NOUN	3995
gazdasági_ADJ	3994
ezen_PRON	3993
után_ADP	3992
például_ADV	3991
szabad_ADJ	3990
sok_NUM	3989
való_ADJ	3988
egyébként_ADV	3987
elfogad_SYM	3986
1_NUM	3985
munka_NOUN	3984
állami_ADJ	3983
szempont_NOUN	3982
módosító_indítvány_NOUN	3981
költségvetési_ADJ	3980
érdeke_NOUN	3979
döntés_NOUN	3978
szól_SYM	3977
ott_ADV	3976
kellene_SYM	3975
szükséges_ADJ	3974
Demokrácia_PROPN	3973
lehetőség_NOUN	3972
szeretnék_SYM	3971
megoldás_NOUN	3970
ő_PRON	3969
állam_NOUN	3968
módosítás_NOUN	3967
ugyanaz_PRON	3966
néhány_PRON	3965
képviselőtárs_NOUN	3964
jelen_ADV	3963
mond_SYM	3962
2_NUM	3961
bizonyos_ADJ	3960
mind_CONJ	3959
vesz_SYM	3958
t_NOUN	3957
van_szó_NOUN	3956
talán_ADV	3955
intézmény_NOUN	3954
miért_ADV	3953
Alkotmány_PROPN	3952
igaz_ADJ	3951
százalék_NOUN	3950
pénz_NOUN	3949
tett_ADJ	3948
ok_NOUN	3947
úgy_gondol_INTJ	3946
i_NOUN	3945
tevékenység_NOUN	3944
szóló_ADJ	3943
szabály_NOUN	3942
áll_SYM	3941
program_NOUN	3940
érdek_érd_NOUN	3939
egész_ADJ	3938
elmond_SYM	3937
hoz_SYM	3936
saját_PRON	3935
rendelkezés_NOUN	3934
szervezet_NOUN	3933
szabályozás_NOUN	3932
kap_SYM	3931
szám_NOUN	3930
akár_ADV	3929
igen_szavazat_INTJ	3928
10_NUM	3927
jelent_SYM	3926
szemben_ADP	3925
nemcsak_CONJ	3924
ért_SYM	3923
hogyan_ADV	3922
éppen_ADV	3921
következő_ADJ	3920
miniszter_NOUN	3919
illet_SYM	3918
egyetért_SYM	3917
ők_PRON	3916
ajánlás_NOUN	3915
álláspont_NOUN	3914
három_NUM	3913
eljárás_NOUN	3912
vélemény_NOUN	3911
biztosít_SYM	3910
ahogy_ADV	3909
jelez_SYM	3908
önkormányzati_ADJ	3907
kis_ADJ	3906
első_ADJ	3905
kétperces_hozzászólás_NOUN	3904
mellett_ADP	3903
kör_NOUN	3902
miatt_ADP	3901
jól_ADV	3900
tudom_SYM	3899
egyes_ADJ	3898
gábor_ADJ	3897
feltétel_NOUN	3896
összeg_NOUN	3895
megkérdez_SYM	3894
hely_NOUN	3893
évi_ADJ	3892
20_NUM	3891
jelenlegi_ADJ	3890
ugyanis_CONJ	3889
történt_SYM	3888
mindenki_PRON	3887
forma_NOUN	3886
3_NUM	3885
valaki_PRON	3884
él_SYM	3883
igény_NOUN	3882
név_NOUN	3881
ülés_NOUN	3880
szintén_CONJ	3879
elhangzott_ADJ	3878
részletes_vita_NOUN	3877
nélkül_ADP	3876
es_CONJ	3875
valamint_CONJ	3874
nem_ellenében_NOUN	3873
tag_NOUN	3872
mondani_SYM	3871
tartalmaz_SYM	3870
le_ADV	3869
felszólalás_NOUN	3868
ház_NOUN	3867
fogad_el_NOUN	3866
mérték_NOUN	3865
5_NUM	3864
adó_NOUN	3863
nap_ADV	3862
tartózkodás_mellett_ADJ	3861
került_SYM	3860
kérdez_SYM	3859
további_ADJ	3858
azon_PRON	3857
adat_NOUN	3856
istván_ADV	3855
parlamenti_ADJ	3854
lászló_ADJ	3853
tekintet_NOUN	3852
valami_ADJ	3851
forrás_NOUN	3850
oldal_NOUN	3849
szakmai_ADJ	3848
száj_NOUN	3847
támogatja_SYM	3846
folyamat_NOUN	3845
viszont_CONJ	3844
30_NUM	3843
társadalom_NOUN	3842
elmúlt_ADJ	3841
kapcsolatos_ADJ	3840
kér_SYM	3839
gazdaság_NOUN	3838
általános_vita_NOUN	3837
nagyon_fontos_ADJ	3836
foglalkozik_SYM	3835
együtt_ADV	3834
tárgyalás_NOUN	3833
padsor_NOUN	3832
értelem_NOUN	3831
hagy_SYM	3830
vonatkozó_ADJ	3829
jogszabály_NOUN	3828
hogyha_SCONJ	3827
elnök_asszony_ADJ	3826
sajnos_INTJ	3825
kötelezettség_NOUN	3824
bizony_ADV	3823
egészségügyi_ADJ	3822
belül_ADP	3821
kevés_NUM	3820
gyakorlat_NOUN	3819
adott_ADJ	3818
mondjuk_SYM	3817
út_NOUN	3816
alatt_ADP	3815
dönt_SYM	3814
párt_NOUN	3813
javasol_SYM	3812
egymás_PRON	3811
minisztérium_NOUN	3810
ellátás_NOUN	3809
15_NUM	3808
kezd_SYM	3807
irány_NOUN	3806
elég_ADJ	3805
érdek_NOUN	3804
mondta_SYM	3803
teljesen_ADJ	3802
cím_NOUN	3801
eszköz_NOUN	3800
többség_NOUN	3799
Magyar_Demokrata_Fórum_PROPN	3798
elem_NOUN	3797
4_NUM	3796
szociális_ADJ	3795
politikus_NOUN	3794
példa_NOUN	3793
folytat_SYM	3792
lépés_NOUN	3791
társadalmi_ADJ	3790
külön_ADJ	3789
bíróság_NOUN	3788
ellenzék_NOUN	3787
elfogadás_NOUN	3786
hozzá_PRON	3785
át_ADV	3784
keret_NOUN	3783
péter_NOUN	3782
indítvány_NOUN	3781
tulajdonképpen_ADV	3780
eredmény_NOUN	3779
állampolgár_NOUN	3778
nemzeti_ADJ	3777
ellenzéki_ADJ	3776
milliárd_forint_ADV	3775
személy_NOUN	3774
esetleg_ADV	3773
frakció_NOUN	3772
szükség_NOUN	3771
szövetség_NOUN	3770
nemzetközi_ADJ	3769
közbeszólás_NOUN	3768
vég_NOUN	3767
jelentős_ADJ	3766
beszélt_SYM	3765
egyéb_PRON	3764
történik_SYM	3763
semmi_PRON	3762
mindez_PRON	3761
válaszol_SYM	3760
mondja_SYM	3759
helyes_ADJ	3758
rossz_ADJ	3757
mennyi_PRON	3756
pár_NUM	3755
pontosan_ADJ	3754
persze_ADV	3753
óta_ADP	3752
politika_NOUN	3751
40_NUM	3750
általános_ADJ	3749
mondom_SYM	3748
intézkedés_NOUN	3747
mely_PRON	3746
50_NUM	3745
jogi_ADJ	3744
kapocs_NOUN	3743
végül_ADV	3742
érdemes_ADJ	3741
országgyûlés_NOUN	3740
elv_NOUN	3739
szakasz_NOUN	3738
tovább_ADV	3737
nyilván_ADV	3736
6_NUM	3735
benne_PRON	3734
kíván_e_NOUN	3733
rá_PRON	3732
szavazat_NOUN	3731
közül_ADP	3730
bizottsági_ADJ	3729
védelem_NOUN	3728
fejlesztés_NOUN	3727
hónap_NOUN	3726
megfelelő_ADJ	3725
képest_ADP	3724
korábbi_ADJ	3723
korábban_ADV	3722
tér_NOUN	3721
két_perc_NOUN	3720
lehetne_SYM	3719
néz_SYM	3718
biztos_ADJ	3717
sokkal_NUM	3716
környezetvédelmi_ADJ	3715
szint_NOUN	3714
kerül_sor_NOUN	3713
előterjesztés_NOUN	3712
különböző_ADJ	3711
nagyon_sok_NOUN	3710
mai_ADJ	3709
állít_SYM	3708
ben_NOUN	3707
jár_SYM	3706
elutasít_SYM	3705
ban_NOUN	3704
miniszterelnök_úr_NOUN	3703
szerep_NOUN	3702
súlyos_ADJ	3701
kicsi_ADJ	3700
amelyik_PRON	3699
említett_ADJ	3698
tisztelt_képviselõtársaim_NOUN	3697
család_NOUN	3696
Kisebbség_NOUN	3695
többi_ADJ	3694
hangsúlyoz_SYM	3693
határozat_NOUN	3692
egyetlen_ADJ	3691
legalább_ADV	3690
kormánypárti_ADJ	3689
túl_ADV	3688
komoly_ADJ	3687
részben_ADV	3686
ellen_ADP	3685
keresztül_ADP	3684
szándék_NOUN	3683
teljes_ADJ	3682
fél_NUM	3681
marad_SYM	3680
jelentés_NOUN	3679
magas_ADJ	3678
előterjesztő_NOUN	3677
tény_NOUN	3676
különösen_ADV	3675
hét_NUM	3674
közös_ADJ	3673
mivel_SCONJ	3672
gyermek_NOUN	3671
pénzügyi_ADJ	3670
iskola_NOUN	3669
kormányzat_NOUN	3668
bár_SCONJ	3667
perc_NOUN	3666
választás_NOUN	3665
egyrészt_ADV	3664
jános_ADJ	3663
hivatal_NOUN	3662
indokolt_ADJ	3661
következmény_NOUN	3660
képes_ADJ	3659
Alkotmánybíróság_PROPN	3658
vissza_ADV	3657
még_egyszer_ADV	3656
8_NUM	3655
fizet_SYM	3654
hasonló_ADJ	3653
szerepel_SYM	3652
reform_NOUN	3651
érintett_ADJ	3650
milliárd_NUM	3649
hosszú_ADJ	3648
mégis_ADV	3647
mindig_ADV	3646
józsef_ADJ	3645
költség_NOUN	3644
második_ADJ	3643
benyújtott_ADJ	3642
forint_NOUN	3641
mint_ahogy_SCONJ	3640
élet_NOUN	3639
errõl_ADJ	3638
szolgáltatás_NOUN	3637
ezer_NUM	3636
inkább_ADV	3635
elsõ_ADJ	3634
változás_NOUN	3633
egyáltalán_ADV	3632
aztán_ADV	3631
jövő_ADJ	3630
jut_SYM	3629
ismer_SYM	3628
rendelkezik_SYM	3627
interpelláció_NOUN	3626
hiány_NOUN	3625
egyház_NOUN	3624
érv_NOUN	3623
õ_NOUN	3622
százalékos_ADJ	3621
számú_ADJ	3620
12_NUM	3619
érték_NOUN	3618
világ_NOUN	3617
jelenleg_ADV	3616
teszi_SYM	3615
szerv_NOUN	3614
egészen_ADV	3613
országos_ADJ	3612
mutat_SYM	3611
mindenképpen_ADV	3610
valamennyi_PRON	3609
csinál_SYM	3608
szöveg_NOUN	3607
előtt_ADP	3606
derültség_NOUN	3605
előző_ADJ	3604
elfogad_e_ADJ	3603
beruházás_NOUN	3602
én_szerint_ADV	3601
kiadás_NOUN	3600
csökkent_SYM	3599
veszik_vesz_NOUN	3598
annyi_PRON	3597
Bauer_Tamás_PROPN	3596
elõtt_ADJ	3595
érint_SYM	3594
rendkívül_ADV	3593
bevétel_NOUN	3592
úgynevezett_ADJ	3591
település_NOUN	3590
9_NUM	3589
képviselõ_úr_NOUN	3588
törvény_módosítás_NOUN	3587
megy_SYM	3586
segít_SYM	3585
próbál_SYM	3584
megállapodás_NOUN	3583
gyerek_NOUN	3582
több_mint_ADV	3581
vár_SYM	3580
viszony_NOUN	3579
nehéz_ADJ	3578
szolgál_SYM	3577
tárca_NOUN	3576
11_NUM	3575
asszony_NOUN	3574
andrás_ADJ	3573
megfelelõ_ADJ	3572
Privatizáció_NOUN	3571
rend_NOUN	3570
senki_PRON	3569
növekedés_NOUN	3568
vált_SYM	3567
kellett_SYM	3566
általában_ADV	3565
helyi_ADJ	3564
világos_ADJ	3563
Társadalombiztosítás_PROPN	3562
koncepció_NOUN	3561
gabriella_PROPN	3560
mostani_ADJ	3559
lényeges_ADJ	3558
történő_ADJ	3557
különbözõ_ADJ	3556
jelentõs_ADJ	3555
nos_INTJ	3554
vizsgálat_NOUN	3553
7_NUM	3552
terv_NOUN	3551
föl_ADV	3550
vajon_ADV	3549
Házszabály_PROPN	3548
újra_ADV	3547
ár_NOUN	3546
válik_SYM	3545
millió_forint_ADV	3544
remél_SYM	3543
igazán_ADV	3542
szóló_törvény_NOUN	3541
ebbõl_ADJ	3540
harmadik_ADJ	3539
kért_ADJ	3538
kormányzati_ADJ	3537
jövedelem_NOUN	3536
megjegyzés_NOUN	3535
vállalkozás_NOUN	3534
végre_ADV	3533
zoltán_PROPN	3532
felelősség_NOUN	3531
tanács_NOUN	3530
vagyon_NOUN	3529
másrészt_ADV	3528
egységes_ADJ	3527
szabályoz_SYM	3526
megállapít_SYM	3525
rövid_ADJ	3524
mintegy_ADV	3523
vitatkozik_SYM	3522
cég_NOUN	3521
teremt_SYM	3520
téma_NOUN	3519
napirend_NOUN	3518
tudta_SYM	3517
tartozik_SYM	3516
külföldi_ADJ	3515
amennyiben_SCONJ	3514
sándor_ADJ	3513
valamilyen_PRON	3512
jelentkező_ADJ	3511
13_NUM	3510
minél_ADV	3509
18_NUM	3508
vagyis_CONJ	3507
alkalmas_ADJ	3506
miniszterelnök_NOUN	3505
képviselõtársam_NOUN	3504
vagyok_SYM	3503
14_NUM	3502
oktatási_ADJ	3501
hozzászólás_NOUN	3500
megint_ADV	3499
konkrét_ADJ	3498
arány_NOUN	3497
mindaz_PRON	3496
állapot_NOUN	3495
finanszírozás_NOUN	3494
működés_NOUN	3493
vonatkozás_NOUN	3492
alkalom_NOUN	3491
idéz_ADJ	3490
16_NUM	3489
van_szükség_NOUN	3488
mondat_NOUN	3487
törvénytervezet_NOUN	3486
miközben_ADV	3485
bekezdés_NOUN	3484
abból_PRON	3483
talál_SYM	3482
miklós_ADJ	3481
béki_ADJ	3480
számos_NUM	3479
különbség_NOUN	3478
nevezetesen_ADJ	3477
szóló_törvényjavaslat_NOUN	3476
os_INTJ	3475
legalábbis_ADV	3474
lett_van_ADJ	3473
elnök_köszönöm_ADJ	3472
tekint_SYM	3471
garancia_NOUN	3470
mag_NOUN	3469
kéz_NOUN	3468
tetszik_SYM	3467
anyag_NOUN	3466
használ_SYM	3465
jelentkezik_SYM	3464
nyugdíj_NOUN	3463
vonatkozik_SYM	3462
követelmény_NOUN	3461
tényleg_ADV	3460
nak_NOUN	3459
örül_SYM	3458
polgár_NOUN	3457
györgy_ADJ	3456
hiba_NOUN	3455
ellenére_ADP	3454
tudomás_NOUN	3453
nyilvánosság_NOUN	3452
időkeret_NOUN	3451
hatás_NOUN	3450
vélemény_szerint_ADV	3449
képviselő_asszony_ADJ	3448
amire_PRON	3447
vállalat_NOUN	3446
hatály_NOUN	3445
erő_NOUN	3444
sokan_ADV	3443
baj_NOUN	3442
millió_NUM	3441
bal_oldal_NOUN	3440
utolsó_ADJ	3439
piac_NOUN	3438
teher_NOUN	3437
jobban_ADV	3436
17_NUM	3435
gyakorlatilag_ADJ	3434
kívül_ADP	3433
tervezet_NOUN	3432
közötti_ADJ	3431
hát_ADV	3430
elsősorban_ADV	3429
először_ADV	3428
önmaga_PRON	3427
lakosság_NOUN	3426
államtitkár_NOUN	3425
körülbelül_ADV	3424
felhív_SYM	3423
ugyanez_PRON	3422
ugyan_ADV	3421
elképzelés_NOUN	3420
zaj_NOUN	3419
közel_ADV	3418
akkori_ADJ	3417
időszak_NOUN	3416
szabadság_NOUN	3415
nyilvánvalóan_ADJ	3414
dolgozik_dolgoz_NOUN	3413
tétel_NOUN	3412
röviden_ADJ	3411
helyett_ADP	3410
megtesz_SYM	3409
sikerült_SYM	3408
egyre_ADV	3407
tisztelt_országgyûlés_NOUN	3406
információ_NOUN	3405
beszámoló_NOUN	3404
tapasztalat_NOUN	3403
vett_ADJ	3402
folyik_SYM	3401
össze_ADV	3400
oda_ADV	3399
hallik_hall_NOUN	3398
elmondott_ADJ	3397
részérõl_NOUN	3396
sor_következik_SYM	3395
négy_NUM	3394
lehetett_SYM	3393
ügyrendi_ADJ	3392
ennyi_PRON	3391
elérik_elér_ADJ	3390
megfelelően_ADJ	3389
javasolt_ADJ	3388
eredeti_ADJ	3387
kisebbség_NOUN	3386
működik_SYM	3385
hatóság_NOUN	3384
alacsony_ADJ	3383
megold_PRON	3382
ferenc_ADJ	3381
valójában_ADV	3380
csoport_NOUN	3379
segítség_NOUN	3378
jegyző_NOUN	3377
képviselői_NOUN	3376
lehetséges_ADJ	3375
tárgy_NOUN	3374
testület_NOUN	3373
bevezetés_NOUN	3372
magyarország_ADJ	3371
elő_ADV	3370
következõ_ADJ	3369
lévő_ADJ	3368
kezel_SYM	3367
gond_NOUN	3366
kulturális_ADJ	3365
Földmunkás__és_Polgári_Párt_PROPN	3364
Független_Kisgazda_NOUN	3363
konszenzus_NOUN	3362
imre_NOUN	3361
elfogadható_ADJ	3360
egészségügy_NOUN	3359
határ_NOUN	3358
bízik_bíz_NOUN	3357
határozati_javaslat_NOUN	3356
anyagi_ADJ	3355
beteg_ADJ	3354
kezdeményez_SYM	3353
alá_ADV	3352
szerződés_NOUN	3351
óra_NOUN	3350
törvénymódosítás_NOUN	3349
hazai_ADJ	3348
múlt_ADJ	3347
kormánypárt_NOUN	3346
kezelés_NOUN	3345
Liberalizmus_NOUN	3344
hatékony_ADJ	3343
jelzés_NOUN	3342
sokszor_ADV	3341
pályázat_NOUN	3340
azaz_CONJ	3339
eddigi_ADJ	3338
mondtam_SYM	3337
fiatal_ADJ	3336
miután_SCONJ	3335
vezet_SYM	3334
elfogadott_ADJ	3333
tamás_ADJ	3332
utána_PRON	3331
Észak_atlanti_Szerződés_Szervezete_NOUN	3330
vonatkozóan_ADJ	3329
reagál_SYM	3328
fejezet_NOUN	3327
ciklus_NOUN	3326
hat_NUM	3325
független_ADJ	3324
környezet_NOUN	3323
ismét_ADV	3322
kapta_kéz_NOUN	3321
elé_ADP	3320
összhang_NOUN	3319
jelentkezett_SYM	3318
összefüggés_NOUN	3317
hatályos_ADJ	3316
lép_SYM	3315
állítás_NOUN	3314
lett_SYM	3313
gondolat_NOUN	3312
sőt_CONJ	3311
hív_SYM	3310
tartózkodás_nélkül_ADV	3309
25_NUM	3308
tekintett_ADJ	3307
kapcsolódó_ADJ	3306
tisztelet_NOUN	3305
nincsen_SYM	3304
nyújt_SYM	3303
változtat_SYM	3302
kovács_NOUN	3301
csökkentés_NOUN	3300
tulajdonos_NOUN	3299
végrehajtás_NOUN	3298
károly_ADJ	3297
szereplő_ADJ	3296
alkotmányügyi_bizottság_NOUN	3295
érez_SYM	3294
enged_meg_INTJ	3293
említ_SYM	3292
vezető_ADJ	3291
érdemi_ADJ	3290
együttes_ADJ	3289
semmilyen_PRON	3288
éppen_ezért_NOUN	3287
oktatás_NOUN	3286
biztonság_NOUN	3285
tulajdon_NOUN	3284
alkalmaz_SYM	3283
öt_NUM	3282
föld_NOUN	3281
pénzügyminiszter_NOUN	3280
19_NUM	3279
emel_SYM	3278
képviselõ_ADJ	3277
alapvető_ADJ	3276
ismertet_SYM	3275
egyetértés_NOUN	3274
amíg_ADV	3273
kamara_NOUN	3272
követ_SYM	3271
eleje_NOUN	3270
beszéd_NOUN	3269
született_SYM	3268
közlekedési_ADJ	3267
mondott_SYM	3266
hol_ADV	3265
elõ_ADJ	3264
polgári_ADJ	3263
határozathozatal_NOUN	3262
felé_ADP	3261
rendelet_NOUN	3260
hivatkozik_SYM	3259
szólt_SYM	3258
képviselõk_ADJ	3257
mindannyian_PRON	3256
szinte_ADV	3255
törvényi_ADJ	3254
se_CONJ	3253
többet_NUM	3252
kellett_van_ADJ	3251
nyilvánvaló_ADJ	3250
pillanat_NOUN	3249
támogatott_ADJ	3248
továbbá_ADV	3247
elmúlt_év_ADJ	3246
hozzászólás_következik_SYM	3245
ír_ADJ	3244
Rendszerváltás_Magyarországon_PROPN	3243
éves_ADJ	3242
tartalom_NOUN	3241
tiszta_ADJ	3240
lehetõséget_NOUN	3239
lezár_ADJ	3238
szolgálat_NOUN	3237
csökken_SYM	3236
mintha_SCONJ	3235
neki_PRON	3234
határoz_SYM	3233
nyújtott_be_INTJ	3232
csengő_megkocogtatás_NOUN	3231
összes_ADJ	3230
televízió_NOUN	3229
veszély_NOUN	3228
vállalkozó_NOUN	3227
ugyancsak_CONJ	3226
egyszerûen_ADJ	3225
csomag_NOUN	3224
elsõsorban_NOUN	3223
hatalom_NOUN	3222
as_VERB	3221
kormánypárt_sor_NOUN	3220
jön_SYM	3219
fő_ADJ	3218
kíván_feltesz_NOUN	3217
ígéret_NOUN	3216
00_NUM	3215
felszólalás_előző_ADJ	3214
ülésnap_adat_NOUN	3213
kiegészítő_ajánlás_NOUN	3212
végez_SYM	3211
hatáskör_NOUN	3210
megfogalmaz_SYM	3209
központi_ADJ	3208
utal_SYM	3207
többen_NUM	3206
észrevétel_NOUN	3205
verseny_NOUN	3204
honvédelmi_ADJ	3203
évtized_NOUN	3202
lakás_NOUN	3201
elõbb_ADJ	3200
feltétlenül_ADV	3199
egyezmény_NOUN	3198
képvisel_SYM	3197
egyeztetés_NOUN	3196
mondhat_SYM	3195
rendez_SYM	3194
európa_ADJ	3193
tájékoztat_SYM	3192
megfelelõen_ADJ	3191
nek_NOUN	3190
egyszerűen_ADJ	3189
álló_ADJ	3188
egyszer_ADV	3187
törekvés_NOUN	3186
felszólaló_ADJ	3185
csatlakozás_NOUN	3184
bíró_NOUN	3183
utóbbi_ADJ	3182
Infláció_NOUN	3181
több_között_ADJ	3180
felhasználás_NOUN	3179
bele_PRON	3178
nevez_SYM	3177
kuncze_ADJ	3176
ment_SYM	3175
nyilatkozat_NOUN	3174
kimond_SYM	3173
díj_NOUN	3172
termék_NOUN	3171
dolgozó_ADJ	3170
képviselõtársaim_NOUN	3169
lehető_ADJ	3168
unió_NOUN	3167
nő_NOUN	3166
elõzõ_ADJ	3165
tehet_SYM	3164
növel_SYM	3163
öröm_NOUN	3162
keres_SYM	3161
továbbra_is_NOUN	3160
kár_NOUN	3159
haza_ADV	3158
város_NOUN	3157
megjelenik_SYM	3156
megyei_ADJ	3155
lehetõség_NOUN	3154
megjegyez_SYM	3153
on_INTJ	3152
ma_már_ADV	3151
térség_NOUN	3150
mai_nap_ADV	3149
következtében_ADP	3148
úgy_érez_INTJ	3147
számomra_PRON	3146
módosít_SYM	3145
Mécs_Imre_NOUN	3144
mikor_ADV	3143
nincsenek_SYM	3142
von_SYM	3141
azóta_ADV	3140
90_NUM	3139
lévõ_ADJ	3138
fontos_tart_AUX	3137
fejlesztési_ADJ	3136
irányelv_NOUN	3135
biztosítás_NOUN	3134
jellegű_ADJ	3133
emelés_NOUN	3132
tartani_SYM	3131
ismert_ADJ	3130
vizsgál_SYM	3129
míg_ADV	3128
függetlenül_ADJ	3127
kapott_SYM	3126
folyt_SYM	3125
élő_ADJ	3124
köt_SYM	3123
esély_NOUN	3122
belügyminiszter_NOUN	3121
számunkra_PRON	3120
többször_ADV	3119
indokol_SYM	3118
vizsgálóbizottság_NOUN	3117
megállapítás_NOUN	3116
megpróbál_SYM	3115
lényeg_lényég_ADJ	3114
körülmény_NOUN	3113
ingatlan_NOUN	3112
pozitív_ADJ	3111
adott_eset_ADJ	3110
kezdeményezés_NOUN	3109
létezik_létez_ADJ	3108
átalakítás_NOUN	3107
egyértelműen_ADJ	3106
részlet_NOUN	3105
meghatározott_ADJ	3104
előadó_NOUN	3103
választási_ADJ	3102
közvélemény_NOUN	3101
nyom_NOUN	3100
ezer_forint_ADV	3099
hölgy_NOUN	3098
ráadás_NOUN	3097
bizottsági_ülés_NOUN	3096
fele_NOUN	3095
fogad_SYM	3094
közben_ADV	3093
változtatás_NOUN	3092
tartott_ADJ	3091
hitel_NOUN	3090
kevésbé_ADV	3089
szalay_ADJ	3088
semmiféle_PRON	3087
kerülhet_SYM	3086
h_SCONJ	3085
csupán_ADV	3084
ugyanúgy_ADV	3083
piaci_ADJ	3082
vállal_NOUN	3081
megfelel_SYM	3080
alapvetően_ADJ	3079
kedvezmény_NOUN	3078
kialakult_ADJ	3077
érkezett_SYM	3076
úgyhogy_CONJ	3075
Ombudsman_PROPN	3074
ide_ADV	3073
kötelező_ADJ	3072
országgyűlési_ADJ	3071
érdekes_ADJ	3070
kis_zoltán_ADV	3069
kálmán_ADJ	3068
án_NOUN	3067
születik_SYM	3066
előbb_ADV	3065
elõször_ADV	3064
fordít_SYM	3063
személyi_ADJ	3062
k_NOUN	3061
állásfoglalás_NOUN	3060
bármily_ADJ	3059
megvan_SYM	3058
természetes_ADJ	3057
perces_időkeret_INTJ	3056
várható_ADJ	3055
megfogalmazás_NOUN	3054
gondolkodik_SYM	3053
old_SYM	3052
valódi_ADJ	3051
szokik_SYM	3050
vitat_SYM	3049
idõ_INTJ	3048
gondolt_SYM	3047
tervezett_ADJ	3046
képviselőcsoport_NOUN	3045
érdem_NOUN	3044
közösen_ADJ	3043
sajtó_NOUN	3042
ül_SYM	3041
kifejezés_NOUN	3040
levél_NOUN	3039
sõt_NOUN	3038
komolyan_ADJ	3037
bírósági_ADJ	3036
állt_SYM	3035
jutott_SYM	3034
meggyőződés_NOUN	3033
körülmény_között_ADJ	3032
meghatároz_SYM	3031
négy_év_INTJ	3030
számol_SYM	3029
szerencsés_ADJ	3028
béla_NOUN	3027
benyújt_SYM	3026
szórványos_taps_NOUN	3025
lenni_SYM	3024
országgyűlési_határozati_ADJ	3023
soha_ADV	3022
tárgyal_SYM	3021
képviselõi_ADJ	3020
hozott_ADJ	3019
Németország_PROPN	3018
megkap_SYM	3017
társaság_NOUN	3016
egyetem_NOUN	3015
100_NUM	3014
60_NUM	3013
Kereszténydemokrata_Néppárt_PROPN	3012
bank_NOUN	3011
igenis_ADV	3010
ellenőrzés_NOUN	3009
igazságügyi_ADJ	3008
engedély_NOUN	3007
korlátoz_SYM	3006
közösség_NOUN	3005
faragó_ADJ	3004
1990_NUM	3003
egyértelmű_ADJ	3002
tervez_SYM	3001
alkotmányos_ADJ	3000
régi_ADJ	2999
ra_NOUN	2998
követően_ADJ	2997
emlékeztet_SYM	2996
21_NUM	2995
helyez_SYM	2994
foglalt_ADJ	2993
önálló_ADJ	2992
2000_PROPN	2991
választ_NOUN	2990
budapest_ADJ	2989
rögzít_SYM	2988
okoz_SYM	2987
senki_sem_ADV	2986
családi_pótlék_NOUN	2985
folyamatosan_ADJ	2984
hankó_NOUN	2983
szigorú_ADJ	2982
orvos_NOUN	2981
fenntartás_NOUN	2980
lajos_ADJ	2979
technikai_ADJ	2978
magatartás_NOUN	2977
döntött_SYM	2976
kialakítás_NOUN	2975
minisztériumi_államtitkár_NOUN	2974
polgármester_NOUN	2973
épít_SYM	2972
kormánypárti_padsor_NOUN	2971
rendőrség_NOUN	2970
véleményét_NOUN	2969
oly_PRON	2968
köztársaság_NOUN	2967
nyugdíjas_ADJ	2966
nehezen_ADJ	2965
22_NUM	2964
határidő_NOUN	2963
hozzájárulás_NOUN	2962
annyira_ADV	2961
figyelem_vesz_NOUN	2960
ti_PRON	2959
abba_PRON	2958
ek_ADV	2957
létrehozás_NOUN	2956
munkanélküli_NOUN	2955
bárki_PRON	2954
fogalmaz_SYM	2953
lényegesen_ADJ	2952
melyik_PRON	2951
visszatér_SYM	2950
alapvetõ_NOUN	2949
indoklás_NOUN	2948
személyes_ADJ	2947
megítélés_szerint_ADV	2946
szabó_NOUN	2945
õket_NOUN	2944
2002_NUM	2943
fogalmaz_meg_INTJ	2942
olvas_ADJ	2941
kiegészítés_NOUN	2940
látszik_SYM	2939
nyújt_be_INTJ	2938
hátrányos_ADJ	2937
jellegû_ADJ	2936
terem_NOUN	2935
molnár_NOUN	2934
vezetés_NOUN	2933
történet_NOUN	2932
tavaly_ADV	2931
Amerikai_Egyesült_Államok_PROPN	2930
normatíva_NOUN	2929
jelölt_ADJ	2928
korlátozás_NOUN	2927
Népszavazás_NOUN	2926
kormányprogram_NOUN	2925
napirendi_pont_NOUN	2924
létrehoz_SYM	2923
benyújtás_NOUN	2922
széles_ADJ	2921
igényel_SYM	2920
tegnap_ADV	2919
Románia_PROPN	2918
előterjesztés_t_ADJ	2917
megteremtés_NOUN	2916
magán_ADJ	2915
típusú_ADJ	2914
lehetõvé_ADJ	2913
terjeszt_SYM	2912
biztosított_ADJ	2911
Autópálya_PROPN	2910
azonos_ADJ	2909
hack_NOUN	2908
kérdéskör_NOUN	2907
ellenzéki_párt_ADJ	2906
alkalmazás_NOUN	2905
szerinti_ADJ	2904
történelmi_ADJ	2903
hatósági_ADJ	2902
utalt_SYM	2901
másfél_NUM	2900
nemzet_NOUN	2899
számít_SYM	2898
teljesít_SYM	2897
javít_SYM	2896
költő_NOUN	2895
megjelent_ADJ	2894
egyaránt_ADV	2893
re_NOUN	2892
egyetlenegy_NUM	2891
igazi_ADJ	2890
1_bekezdés_NOUN	2889
kedves_ADJ	2888
ezelõtt_ADJ	2887
mire_ADV	2886
kritika_NOUN	2885
megemlít_SYM	2884
változat_NOUN	2883
hozzátesz_SYM	2882
õk_INTJ	2881
gazdálkodás_NOUN	2880
helyesen_ADJ	2879
építés_NOUN	2878
módszer_NOUN	2877
ítélet_NOUN	2876
módosítani_SYM	2875
indítványoz_SYM	2874
alkot_SYM	2873
ugye_ADV	2872
óriási_ADJ	2871
akart_SYM	2870
történõ_ADJ	2869
mindenféle_PRON	2868
közvetlen_ADJ	2867
közvetlenül_ADJ	2866
irat_NOUN	2865
Köztársasági_elnök_NOUN	2864
egyszerű_ADJ	2863
világosan_ADJ	2862
maradt_SYM	2861
közigazgatási_ADJ	2860
civil_ADJ	2859
siker_NOUN	2858
ig_NOUN	2857
felügyelet_NOUN	2856
pozíció_NOUN	2855
járulék_NOUN	2854
amirõl_NOUN	2853
szolgáltató_ADJ	2852
tíz_NUM	2851
tartozó_ADJ	2850
1992_NUM	2849
indok_NOUN	2848
megfogalmazott_ADJ	2847
rendkívüli_ADJ	2846
zárószavazás_NOUN	2845
sors_NOUN	2844
lényegében_NOUN	2843
munkahely_NOUN	2842
év_ezelőtt_ADV	2841
megvalósítás_NOUN	2840
elleni_ADJ	2839
94_NUM	2838
hallgat_SYM	2837
tárgyalt_SYM	2836
Szovjetunió_PROPN	2835
pál_NOUN	2834
háttér_NOUN	2833
kereskedelmi_ADJ	2832
Budapest_PROPN	2831
figyel_SYM	2830
kifejezetten_ADJ	2829
Fogyasztó_PROPN	2828
szakember_NOUN	2827
katonai_ADJ	2826
határoz_meg_INTJ	2825
kétperces_ADJ	2824
ész_NOUN	2823
imént_ADV	2822
szépen_ADJ	2821
bizottság_előadó_ADJ	2820
valamiféle_PRON	2819
kizárólag_ADV	2818
viszonylag_ADV	2817
jogosítvány_NOUN	2816
büntetés_NOUN	2815
látni_SYM	2814
véd_SYM	2813
1998_NUM	2812
egyházi_ADJ	2811
fejlődés_NOUN	2810
nézve_ADP	2809
említette_SYM	2808
kifogás_NOUN	2807
szféra_NOUN	2806
én_előtt_ADV	2805
jogosult_ADJ	2804
mihály_ADJ	2803
esik_SYM	2802
országgyûlési_ADJ	2801
horváth_NOUN	2800
jogos_ADJ	2799
esemény_NOUN	2798
sikeres_ADJ	2797
kultúra_NOUN	2796
felhatalmazás_NOUN	2795
idén_ADV	2794
átfogó_ADJ	2793
közép_NOUN	2792
válság_NOUN	2791
Varga_Mihály_NOUN	2790
ellentétes_ADJ	2789
emberi_jogi_ADJ	2788
megteremt_SYM	2787
rendelkezés_álló_ADJ	2786
még_mindig_ADV	2785
készül_SYM	2784
szakma_NOUN	2783
finanszírozási_ADJ	2782
együttműködés_NOUN	2781
tibor_NOUN	2780
hány_PRON	2779
paragrafus_NOUN	2778
összesség_NOUN	2777
1991_NUM	2776
emlékezik_emlékez_ADJ	2775
kivétel_NOUN	2774
aggály_NOUN	2773
bocsát_SYM	2772
Attila_hun_király_PROPN	2771
összesen_ADV	2770
alapelv_NOUN	2769
ot_ADV	2768
mindenkori_ADJ	2767
tekintve_ADV	2766
előre_ADV	2765
jelenik_meg_INTJ	2764
pusztán_ADV	2763
készült_ADJ	2762
megszavaz_SYM	2761
tárgyalj_NOUN	2760
rt_NOUN	2759
számú_törvényjavaslat_NOUN	2758
körül_ADP	2757
később_ADV	2756
1997_NUM	2755
végig_ADV	2754
gazdaságpolitika_NOUN	2753
jegyez_ADJ	2752
növelés_NOUN	2751
járt_SYM	2750
megnyit_SYM	2749
hosszú_táv_NOUN	2748
kérés_NOUN	2747
található_ADJ	2746
mezõgazdasági_ADJ	2745
mindannyi_ADJ	2744
tar_ADJ	2743
másik_oldal_NUM	2742
szövetkezet_NOUN	2741
ügyészség_NOUN	2740
létszám_NOUN	2739
évi_költségvetés_NOUN	2738
megfontolás_NOUN	2737
Magyar_Igazság_és_Élet_Pártja_SYM	2736
tájékoztatás_NOUN	2735
gusztos_ADJ	2734
uniós_ADJ	2733
hadsereg_NOUN	2732
megszüntet_SYM	2731
1995_NUM	2730
működő_ADJ	2729
lényeg_NOUN	2728
bevezet_SYM	2727
illetékes_ADJ	2726
kormánypárt_padsor_NOUN	2725
elutasított_ADJ	2724
kapcsolódik_kapcsolód_NOUN	2723
partner_NOUN	2722
tagság_NOUN	2721
intézményrendszer_NOUN	2720
Szent_PROPN	2719
felelős_ADJ	2718
mármint_ADV	2717
nép_NOUN	2716
kiemel_SYM	2715
visz_SYM	2714
kárpótlás_NOUN	2713
hír_NOUN	2712
ajánlás_1_NOUN	2711
kategória_NOUN	2710
készít_SYM	2709
norma_NOUN	2708
lezárás_NOUN	2707
egyfajta_ADJ	2706
méltóság_NOUN	2705
köz_NOUN	2704
képviselõtársunk_SYM	2703
leginkább_ADV	2702
önkéntes_ADJ	2701
remény_NOUN	2700
esetleges_ADJ	2699
közösségi_ADJ	2698
támogatási_ADJ	2697
rendezés_NOUN	2696
megye_NOUN	2695
kompromisszum_NOUN	2694
kormánykoalíció_NOUN	2693
lista_NOUN	2692
régió_NOUN	2691
mögött_ADP	2690
tudniillik_CONJ	2689
egyéni_ADJ	2688
talált_SYM	2687
funkció_NOUN	2686
pedagógus_NOUN	2685
részletes_ADJ	2684
november_NOUN	2683
tûnik_NOUN	2682
Személyi_jövedelemadó_ADJ	2681
könnyű_ADJ	2680
bírói_ADJ	2679
jövõ_ADJ	2678
gyors_ADJ	2677
használat_NOUN	2676
lét_NOUN	2675
miszerint_SCONJ	2674
felszólal_SYM	2673
kénytelen_ADJ	2672
alig_ADV	2671
javaslom_SYM	2670
szavazni_SYM	2669
megnéz_SYM	2668
Cigányok_NOUN	2667
fajta_ADJ	2666
teljes_mérték_NOUN	2665
alakít_ADJ	2664
érdekelt_ADJ	2663
eörsi_ADJ	2662
amilyen_PRON	2661
szóval_ADV	2660
elektronikus_ADJ	2659
szívesen_ADV	2658
áldozat_NOUN	2657
bizonyít_SYM	2656
foglalkoztatási_ADJ	2655
Jogállam_PROPN	2654
színvonal_NOUN	2653
emberi_ADJ	2652
fenntart_SYM	2651
foglal_SYM	2650
intézet_NOUN	2649
lehetetlen_ADJ	2648
tudott_SYM	2647
alapítvány_NOUN	2646
kötelesség_NOUN	2645
év_alatt_ADV	2644
érvényesül_SYM	2643
23_NUM	2642
márpedig_CONJ	2641
megalkotás_NOUN	2640
szeret_felhív_NOUN	2639
felszólalás_jelentkezett_ADJ	2638
kívánt_ADJ	2637
december_NOUN	2636
illetõleg_ADJ	2635
tartalmi_ADJ	2634
technika_NOUN	2633
oszt_CONJ	2632
ágazat_NOUN	2631
beterjesztett_ADJ	2630
katona_NOUN	2629
szép_ADJ	2628
kórház_NOUN	2627
Rádió_PROPN	2626
ipari_ADJ	2625
részletesen_ADJ	2624
viszontválasz_illet_NOUN	2623
elfogadhatatlan_ADJ	2622
megszüntetés_NOUN	2621
valószínűleg_ADV	2620
pontos_ADJ	2619
mátyás_ADJ	2618
egyértelmûen_ADJ	2617
egyben_ADV	2616
mindkét_NUM	2615
munkaügyi_ADJ	2614
sajnál_SYM	2613
bizalom_NOUN	2612
későbbi_ADJ	2611
jelleg_NOUN	2610
képzés_NOUN	2609
szolgáló_ADJ	2608
tényleges_ADJ	2607
finanszíroz_SYM	2606
gyakran_ADV	2605
civil_szervezet_NOUN	2604
tartózkodás_NOUN	2603
kettő_NUM	2602
kép_NOUN	2601
idő_letelt_ADJ	2600
zár_ADJ	2599
Oktatás_NOUN	2598
legfeljebb_ADV	2597
200_NUM	2596
ellentmondás_NOUN	2595
jelenség_NOUN	2594
áll_rendelkezés_NOUN	2593
tisztáz_SYM	2592
tudományos_ADJ	2591
Torgyán_József_PROPN	2590
csaba_NOUN	2589
meghallgat_SYM	2588
Vasút_PROPN	2587
kiderült_SYM	2586
kedv_NOUN	2585
struktúra_NOUN	2584
sorol_SYM	2583
2001_PROPN	2582
Szűz_Mária_PROPN	2581
Orbán_Viktor_PROPN	2580
biztosítási_ADJ	2579
sért_SYM	2578
kiemelt_ADJ	2577
köteles_ADJ	2576
vet_SYM	2575
közé_ADP	2574
hoz_lét_NOUN	2573
alelnök_NOUN	2572
Energia_NOUN	2571
gyorsan_ADJ	2570
honvédség_NOUN	2569
80_NUM	2568
tíz_év_NOUN	2567
szerez_SYM	2566
fõ_INTJ	2565
modell_NOUN	2564
speciális_ADJ	2563
kötött_ADJ	2562
indul_SYM	2561
valaki_felszólal_NOUN	2560
terhel_SYM	2559
kormánypárti_oldal_NOUN	2558
elkezd_SYM	2557
eredményez_SYM	2556
válaszadás_megad_NOUN	2555
úgy_ítél_INTJ	2554
átmeneti_ADJ	2553
mi_előtt_ADV	2552
kutatás_NOUN	2551
biztosító_ADJ	2550
enged_SYM	2549
tagállam_NOUN	2548
egyensúly_NOUN	2547
határozott_ADJ	2546
akarat_NOUN	2545
70_NUM	2544
elõttünk_SYM	2543
alakult_ki_NOUN	2542
fedezet_NOUN	2541
érvényesít_SYM	2540
fordul_SYM	2539
szolgálati_ADJ	2538
alól_ADP	2537
szembe_ADV	2536
foglalkoztatás_NOUN	2535
mégpedig_CONJ	2534
ó_INTJ	2533
veszélyes_ADJ	2532
egység_NOUN	2531
történelem_NOUN	2530
tessék_INTJ	2529
vállalt_ADJ	2528
állás_NOUN	2527
ülésnap_NOUN	2526
hangzik_SYM	2525
Pszichoaktív_szer_NOUN	2524
ilyen_típusú_ADJ	2523
vehet_SYM	2522
réteg_NOUN	2521
belügyminisztérium_NOUN	2520
kötelezõ_ADJ	2519
rendkívül_fontos_ADJ	2518
közlekedés_NOUN	2517
január_1_NOUN	2516
feltételez_SYM	2515
Bűncselekmény_NOUN	2514
sürgős_ADJ	2513
közpénz_NOUN	2512
aláírás_NOUN	2511
nyilvántartás_NOUN	2510
bér_NOUN	2509
hátrány_NOUN	2508
körében_NOUN	2507
pénzügyminisztérium_NOUN	2506
esett_SYM	2505
kormánytöbbség_NOUN	2504
szünet_NOUN	2503
területfejlesztési_ADJ	2502
modern_ADJ	2501
24_NUM	2500
írás_NOUN	2499
meghatározó_ADJ	2498
épület_NOUN	2497
száz_NUM	2496
termelés_NOUN	2495
járó_ADJ	2494
függ_SYM	2493
kísérlet_NOUN	2492
őszinte_ADJ	2491
képez_SYM	2490
illetően_ADJ	2489
egyedül_ADV	2488
megnyugtató_ADJ	2487
kívánatos_ADJ	2486
2003_NUM	2485
Büntető_törvénykönyv_PROPN	2484
előkészítés_NOUN	2483
sajátos_ADJ	2482
ügyi_ADJ	2481
300_NUM	2480
fogalom_NOUN	2479
et_VERB	2478
szegény_ADJ	2477
különös_ADJ	2476
ról_NOUN	2475
miniszteri_ADJ	2474
jogkör_NOUN	2473
elvi_ADJ	2472
képviselet_NOUN	2471
szem_NOUN	2470
központ_NOUN	2469
változik_SYM	2468
ital_NOUN	2467
kiderül_SYM	2466
késõbb_ADJ	2465
teljesítés_NOUN	2464
Kapitalizmus_NOUN	2463
költ_SYM	2462
rosszul_ADJ	2461
hivatkozott_ADJ	2460
elvárás_NOUN	2459
akadály_NOUN	2458
ának_NOUN	2457
csatlakozik_csatlakoz_NOUN	2456
céloz_SYM	2455
hivatásos_ADJ	2454
június_NOUN	2453
regionális_ADJ	2452
anélkül_ADV	2451
érvényes_ADJ	2450
rév_NOUN	2449
kapcsolatosan_ADJ	2448
per_NOUN	2447
infrastruktúra_NOUN	2446
számukra_PRON	2445
csökkenés_NOUN	2444
ság_NOUN	2443
nehézség_NOUN	2442
Gyula_PROPN	2441
tegyük_SYM	2440
Államháztartás_NOUN	2439
stratégia_NOUN	2438
március_NOUN	2437
milliárdos_ADJ	2436
juttatás_NOUN	2435
mûködik_ADJ	2434
szemlélet_NOUN	2433
szokás_NOUN	2432
diák_NOUN	2431
ezáltal_ADV	2430
1993_NUM	2429
expozé_NOUN	2428
hallott_SYM	2427
igazságszolgáltatás_NOUN	2426
kétharmados_ADJ	2425
vezérszónok_NOUN	2424
adókedvezmény_NOUN	2423
következtetés_NOUN	2422
közszolgálati_ADJ	2421
ajánl_SYM	2420
mindegyik_PRON	2419
kitér_SYM	2418
többségi_ADJ	2417
meglehetősen_ADJ	2416
indult_SYM	2415
ahogyan_ADV	2414
adta_SYM	2413
számítás_NOUN	2412
fenn_ADV	2411
idõben_NOUN	2410
kapta_SYM	2409
megváltoztat_PRON	2408
mégiscsak_ADV	2407
eljárási_ADJ	2406
felvetés_NOUN	2405
ifjúsági_ADJ	2404
zavar_NOUN	2403
ismertetés_NOUN	2402
sikerül_SYM	2401
mondták_SYM	2400
sport_NOUN	2399
93_NUM	2398
javítás_NOUN	2397
ily_PRON	2396
úgy_tűnik_NOUN	2395
elég_eléggé_NOUN	2394
adótörvény_NOUN	2393
május_NOUN	2392
méltó_ADJ	2391
visszaélés_NOUN	2390
ellentét_NOUN	2389
gyakorlati_ADJ	2388
hang_NOUN	2387
hangzott_el_NOUN	2386
nyugat_NOUN	2385
Salamon_László_INTJ	2384
hálózat_NOUN	2383
állami_tulajdon_INTJ	2382
közbeszerzési_ADJ	2381
tendencia_NOUN	2380
megtörtént_ADJ	2379
juttat_SYM	2378
megvalósít_SYM	2377
veszteség_NOUN	2376
alapvetõen_NOUN	2375
hasonlóan_ADJ	2374
olcsó_ADJ	2373
dokumentum_NOUN	2372
28_NUM	2371
meghatározás_NOUN	2370
ettõl_ADJ	2369
én_által_NOUN	2368
létrejött_ADJ	2367
kérelem_NOUN	2366
Ausztria_PROPN	2365
elõre_ADJ	2364
erkölcsi_ADJ	2363
belső_ADJ	2362
1994_NUM	2361
kijelentés_NOUN	2360
korlát_NOUN	2359
messze_ADV	2358
kormányrendelet_NOUN	2357
barát_NOUN	2356
95_NUM	2355
koalíció_NOUN	2354
képesség_NOUN	2353
kárpótlási_ADJ	2352
egyszerre_ADV	2351
jövõben_NOUN	2350
feszültség_NOUN	2349
szervezett_ADJ	2348
holott_ADJ	2347
érik_ér_NOUN	2346
semmiképpen_ADV	2345
hatalmas_ADJ	2344
elnézés_NOUN	2343
kiegészít_SYM	2342
bonyolult_ADJ	2341
valóság_NOUN	2340
épül_SYM	2339
időkeret_letelt_ADJ	2338
törvényes_ADJ	2337
előírás_NOUN	2336
függetlenség_NOUN	2335
pettkó_ADJ	2334
fogyasztás_NOUN	2333
aktív_ADJ	2332
akadályoz_SYM	2331
képviselőcsoport_rész_NOUN	2330
alkotmány_NOUN	2329
zsolt_ADJ	2328
fellépés_NOUN	2327
ösztönöz_SYM	2326
század_NOUN	2325
valamilyen_mód_NOUN	2324
országi_ADJ	2323
hajlandó_ADJ	2322
korrekt_ADJ	2321
vízügyi_ADJ	2320
végrehajt_SYM	2319
Munkanélküliség_NOUN	2318
ildikó_ADJ	2317
elmúlt_hét_NUM	2316
35_NUM	2315
folyamatos_ADJ	2314
emelkedik_SYM	2313
jelentőség_NOUN	2312
elõterjesztõ_ADJ	2311
kétperces_felszólalás_NOUN	2310
igazság_NOUN	2309
cselekmény_NOUN	2308
nyolc_NUM	2307
végezetül_ADV	2306
fogva_ADP	2305
Európa_PROPN	2304
idei_ADJ	2303
kampány_NOUN	2302
fegyveres_ADJ	2301
szervezeti_ADJ	2300
szerkezet_NOUN	2299
azonnal_ADV	2298
megért_SYM	2297
eltelt_ADJ	2296
rendõrség_NOUN	2295
forgalom_NOUN	2294
ötperces_ADJ	2293
alkalmazott_ADJ	2292
96_NUM	2291
családi_ADJ	2290
kolléga_NOUN	2289
évente_ADV	2288
koalíciós_ADJ	2287
kialakít_SYM	2286
valamennyien_PRON	2285
2010_NUM	2284
27_NUM	2283
mûködõ_ADJ	2282
márton_NOUN	2281
épp_ADV	2280
választott_ADJ	2279
alternatíva_NOUN	2278
kétség_NOUN	2277
mindössze_ADV	2276
értelmez_SYM	2275
lejárt_ADJ	2274
1989_NUM	2273
állapít_meg_INTJ	2272
ismételten_ADJ	2271
víz_NOUN	2270
gyula_NOUN	2269
kaphat_SYM	2268
konfliktus_NOUN	2267
türelem_NOUN	2266
érintő_ADJ	2265
újság_NOUN	2264
belsõ_ADJ	2263
adócsökkentés_NOUN	2262
biztosan_ADJ	2261
kényszer_NOUN	2260
ténylegesen_ADJ	2259
2006_NUM	2258
Bor_PROPN	2257
kétségtelen_ADJ	2256
próbált_ADJ	2255
várhatóan_ADJ	2254
jegyzőkönyv_NOUN	2253
Szakszervezet_NOUN	2252
nyilvános_ADJ	2251
nyelv_NOUN	2250
visszavon_SYM	2249
megítélés_NOUN	2248
látható_ADJ	2247
félreértés_NOUN	2246
rendelkező_ADJ	2245
érvelés_NOUN	2244
eldönt_PRON	2243
furcsa_ADJ	2242
erős_ADJ	2241
megismétel_SYM	2240
külföld_NOUN	2239
31_NUM	2238
lehetõsége_NOUN	2237
egyúttal_ADV	2236
elhagyás_NOUN	2235
3_bekezdés_NOUN	2234
találkozik_SYM	2233
tisztességes_ADJ	2232
parlament_elé_ADV	2231
értelmezés_NOUN	2230
hagyomány_NOUN	2229
határozathozatal_következik_SYM	2228
kihirdetés_NOUN	2227
interpelláló_ADJ	2226
követi_SYM	2225
átalakulás_NOUN	2224
elõterjesztés_NOUN	2223
gondolják_SYM	2222
megakadályoz_ADV	2221
rögtön_ADV	2220
gazdasági_növekedés_NOUN	2219
ezen_belül_ADV	2218
torgyán_NOUN	2217
hasznos_ADJ	2216
Internet_PROPN	2215
erősít_SYM	2214
ezután_ADV	2213
jogosultság_NOUN	2212
tól_NOUN	2211
indít_SYM	2210
területi_ADJ	2209
normatív_ADJ	2208
majdnem_ADV	2207
sérelem_NOUN	2206
felsőoktatás_NOUN	2205
hozzászól_SYM	2204
rendel_SYM	2203
Fodor_Gábor_PROPN	2202
elõtti_ADJ	2201
iványi_ADJ	2200
Kommunizmus_PROPN	2199
állami_számvevőszék_NOUN	2198
26_NUM	2197
göndör_istván_ADV	2196
milliárd_forintos_ADJ	2195
vád_NOUN	2194
nyitott_ADJ	2193
pályázati_ADJ	2192
2004_NUM	2191
kockázat_NOUN	2190
segély_NOUN	2189
munkatárs_NOUN	2188
hív_fel_NUM	2187
aggodalom_NOUN	2186
kifejt_ADJ	2185
kétharmad_NUM	2184
elnök_csenget_NOUN	2183
címzett_ADJ	2182
használt_ADJ	2181
haszon_NOUN	2180
ponton_NOUN	2179
adórendszer_NOUN	2178
elismer_SYM	2177
üzleti_ADJ	2176
mi_elé_ADV	2175
ellát_SYM	2174
pálya_NOUN	2173
tölt_ADJ	2172
felfogás_NOUN	2171
előirányzat_NOUN	2170
szabadon_ADJ	2169
ígér_SYM	2168
150_NUM	2167
módosító_ADJ	2166
kizár_SYM	2165
vétel_NOUN	2164
45_NUM	2163
főváros_NOUN	2162
felvet_SYM	2161
reklám_NOUN	2160
hatékonyság_NOUN	2159
negatív_ADJ	2158
teljesítmény_NOUN	2157
hiányosság_NOUN	2156
informatikai_ADJ	2155
egyszerû_ADJ	2154
előny_NOUN	2153
folyam_NOUN	2152
állampolgári_ADJ	2151
napirend_utáni_ADJ	2150
igyekszik_SYM	2149
Ii_család_PROPN	2148
keletkezik_SYM	2147
megalapozott_ADJ	2146
ügyész_NOUN	2145
Környezetvédelem_PROPN	2144
foglalkozó_ADJ	2143
követõen_ADJ	2142
plusz_ADJ	2141
ö_cím_NOUN	2140
felmerült_ADJ	2139
felesleges_ADJ	2138
vég_ért_NOUN	2137
befolyásol_SYM	2136
tegnapi_ADJ	2135
megmond_PRON	2134
jelenthet_SYM	2133
merül_SYM	2132
valószínûleg_ADJ	2131
fogalma_NOUN	2130
elnézés_kér_NOUN	2129
1997_ben_NOUN	2128
kész_ADJ	2127
elegendő_ADJ	2126
1996_NUM	2125
tóth_NOUN	2124
távol_ADV	2123
tavalyi_ADJ	2122
befejezés_NOUN	2121
növekedik_SYM	2120
elismerés_NOUN	2119
szülő_NOUN	2118
szerzõdés_NOUN	2117
változatlanul_ADJ	2116
fej_NOUN	2115
500_NUM	2114
tényállás_NOUN	2113
fejlett_ADJ	2112
Franciaország_PROPN	2111
Lezsák_Sándor_PROPN	2110
meghoz_SYM	2109
demokrácia_NOUN	2108
napirend_előtti_ADJ	2107
tb_INTJ	2106
cikk_NOUN	2105
véletlenül_ADV	2104
fórum_NOUN	2103
fogyasztó_NOUN	2102
mégsem_ADV	2101
beavatkozás_NOUN	2100
gép_NOUN	2099
terjesztet_NOUN	2098
teszem_fel_NUM	2097
azután_ADV	2096
összefüggő_ADJ	2095
némi_PRON	2094
világosi_ADJ	2093
részvétel_NOUN	2092
folyó_ADJ	2091
leszögez_SYM	2090
gyakorol_SYM	2089
99_NUM	2088
katalin_ADJ	2087
nagyjából_ADV	2086
követel_SYM	2085
hagy_mond_INTJ	2084
mindenesetre_ADV	2083
súly_NOUN	2082
mértékű_ADJ	2081
Mezőgazdaság_PROPN	2080
nehéz_helyzet_NOUN	2079
különféle_ADJ	2078
kemény_ADJ	2077
összefoglal_SYM	2076
soós_ADJ	2075
összeférhetetlenségi_ADJ	2074
felülvizsgálat_NOUN	2073
Magyar_nyelv_PROPN	2072
hírközlési_ADJ	2071
nyugati_ADJ	2070
alakul_SYM	2069
horn_NOUN	2068
kóródi_ADJ	2067
kötelez_SYM	2066
plenáris_ADJ	2065
alapos_ADJ	2064
végzett_ADJ	2063
normális_ADJ	2062
eleve_ADV	2061
törvényi_szabályozás_NOUN	2060
hall_NOUN	2059
jelentősen_ADJ	2058
otthon_ADV	2057
mezőgazdasági_ADJ	2056
véletlen_ADJ	2055
tartó_ADJ	2054
jogszabályi_ADJ	2053
nélküli_ADJ	2052
folytatás_NOUN	2051
eredetileg_ADV	2050
figyelembevétel_NOUN	2049
sajnálatos_ADJ	2048
hiába_ADV	2047
irányítás_NOUN	2046
tilalom_NOUN	2045
érvény_NOUN	2044
nemzetbiztonsági_ADJ	2043
gazdálkodó_ADJ	2042
baba_mihály_NOUN	2041
drága_ADJ	2040
környezeti_ADJ	2039
reggel_ADV	2038
hivatalos_ADJ	2037
foglalkozott_SYM	2036
ellenében_ADP	2035
keret_között_ADJ	2034
élt_SYM	2033
I_NOUN	2032
egykori_ADJ	2031
jelen_lévő_ADJ	2030
mindegy_INTJ	2029
védelmi_ADJ	2028
átlag_NOUN	2027
lehetõségét_NOUN	2026
integráció_NOUN	2025
ismétel_SYM	2024
január_NOUN	2023
kontroll_NOUN	2022
kelt_SYM	2021
kft_NOUN	2020
jogállás_NOUN	2019
rendszeres_ADJ	2018
láthat_SYM	2017
ő_által_NOUN	2016
kerület_NOUN	2015
szakértő_ADJ	2014
vidék_NOUN	2013
Korrupció_NOUN	2012
irán_ADJ	2011
visel_SYM	2010
szellem_NOUN	2009
legutóbb_ADV	2008
országgyûlésnek_NOUN	2007
ugyanolyan_PRON	2006
próbáljuk_SYM	2005
Bruttó_hazai_termék_NOUN	2004
felállítás_NOUN	2003
október_NOUN	2002
önálló_indítvány_NOUN	2001
na_INTJ	2000
titok_NOUN	1999
valamikor_ADV	1998
múlt_hét_NUM	1997
garanciális_ADJ	1996
előrelépés_NOUN	1995
Adó__és_Pénzügyi_Ellenőrzési_Hivatal_PROPN	1994
másodperc_NOUN	1993
bizonytalanság_NOUN	1992
nyár_NOUN	1991
közfeladat_NOUN	1990
konkrétan_ADJ	1989
könnyen_ADJ	1988
végrehajtási_ADJ	1987
élõ_NOUN	1986
bármely_PRON	1985
Egészség_PROPN	1984
pontosabban_ADJ	1983
pap_NOUN	1982
emiatt_ADV	1981
bocsánat_NOUN	1980
helyi_önkormányzat_NOUN	1979
ában_NOUN	1978
megfogalmazódott_SYM	1977
tanuló_NOUN	1976
1999_NUM	1975
egészít_SYM	1974
támogatásár_NOUN	1973
gondoskodik_SYM	1972
napi_ADJ	1971
b_NOUN	1970
célszerû_NOUN	1969
isten_NOUN	1968
vezetői_ADJ	1967
megváltozott_ADJ	1966
heti_ADJ	1965
képviselõje_ADJ	1964
Szlovákia_PROPN	1963
minimális_ADJ	1962
év_múlva_ADV	1961
illetõen_ADJ	1960
emellett_ADV	1959
sajnálatos_mód_NOUN	1958
2007_NUM	1957
bevételi_ADJ	1956
holnap_ADV	1955
utca_NOUN	1954
jelen_pillanat_NOUN	1953
ér_SYM	1952
fordított_ADJ	1951
ő_rajta_INTJ	1950
Miniszterelnöki_Hivatal_PROPN	1949
folytatott_ADJ	1948
számtalan_NUM	1947
jellemez_SYM	1946
befejez_SYM	1945
valahogy_ADV	1944
lap_NOUN	1943
fogalmazott_SYM	1942
kiadási_ADJ	1941
régen_ADV	1940
szív_NOUN	1939
fölött_ADP	1938
nyilatkozik_SYM	1937
kedvező_ADJ	1936
egyértelműsítő_lap_NOUN	1935
szövetkezeti_ADJ	1934
Emberi_jogok_NOUN	1933
irányuló_ADJ	1932
kellő_ADJ	1931
módosításár_ADJ	1930
gazda_NOUN	1929
építészet_NOUN	1928
kifejez_SYM	1927
hallgató_ADJ	1926
szeptember_NOUN	1925
rendszeresen_ADJ	1924
szomszéd_ADJ	1923
tapasztal_SYM	1922
vitaszakasz_NOUN	1921
házbizottság_NOUN	1920
adósság_NOUN	1919
alak_NOUN	1918
ezelőtt_ADV	1917
font_NOUN	1916
reális_ADJ	1915
keller_lászló_NOUN	1914
jel_NOUN	1913
szükségesség_NOUN	1912
szembenéz_SYM	1911
részvénytársaság_NOUN	1910
csáky_ADJ	1909
hosszú_távú_ADJ	1908
érvényesítés_NOUN	1907
pici_ADJ	1906
jön_lét_NOUN	1905
szlovák_ADJ	1904
abszolút_ADJ	1903
kisgazda_NOUN	1902
megvizsgál_SYM	1901
moraj_NOUN	1900
érzés_NOUN	1899
növénynemzetség_NOUN	1898
követelés_NOUN	1897
negyedik_ADJ	1896
bejelentés_NOUN	1895
tőke_NOUN	1894
adhat_SYM	1893
igazol_SYM	1892
Adatvédelmi_biztos_Magyarországon_PROPN	1891
ám_CONJ	1890
hiányzik_SYM	1889
fizetés_NOUN	1888
idõszakban_NOUN	1887
célú_ADJ	1886
kormányzó_párt_ADJ	1885
szerepelt_SYM	1884
1998_ban_NOUN	1883
közélet_NOUN	1882
hatálybalépés_NOUN	1881
jelentett_SYM	1880
vállalkozói_ADJ	1879
terjesztett_ADJ	1878
kamarai_ADJ	1877
iskolai_ADJ	1876
megtörténik_SYM	1875
széles_kör_NOUN	1874
egyértelmû_ADJ	1873
melléklet_NOUN	1872
jogalkotás_NOUN	1871
titkos_ADJ	1870
belüli_ADJ	1869
5_százalék_NOUN	1868
külügyi_ADJ	1867
bizonytalan_ADJ	1866
felmerül_SYM	1865
országgyűlési_határozat_INTJ	1864
méghozzá_CONJ	1863
felkér_SYM	1862
szektor_NOUN	1861
szabályozási_ADJ	1860
Statisztika_PROPN	1859
élvez_SYM	1858
emlékszik_SYM	1857
biztonsági_ADJ	1856
felelõs_ADJ	1855
napirendi_ajánlás_NOUN	1854
29_NUM	1853
tudás_NOUN	1852
működési_ADJ	1851
érvel_SYM	1850
munkavállaló_ADJ	1849
választópolgár_NOUN	1848
miként_ADV	1847
elõterjesztett_ADJ	1846
értékel_SYM	1845
idegen_ADJ	1844
törvényhozás_NOUN	1843
ígért_SYM	1842
elmúlt_időszak_NUM	1841
törekedik_SYM	1840
hallhat_SYM	1839
veszik_SYM	1838
utáni_ADJ	1837
nyelvész_NOUN	1836
április_NOUN	1835
mielőtt_SCONJ	1834
kuratórium_NOUN	1833
ugyanígy_ADV	1832
apparátus_NOUN	1831
időpont_NOUN	1830
birtok_NOUN	1829
megváltoztatás_NOUN	1828
régóta_ADV	1827
amellett_ADV	1826
akció_NOUN	1825
veszélyeztet_SYM	1824
megtalál_SYM	1823
csinált_SYM	1822
szüntet_SYM	1821
mekkora_PRON	1820
kifizetés_NOUN	1819
lassan_ADJ	1818
megenged_SYM	1817
választó_ADJ	1816
említés_NOUN	1815
társasági_ADJ	1814
rengeteg_NUM	1813
támogatható_ADJ	1812
bizonyára_ADV	1811
szigethy_ADJ	1810
utalás_NOUN	1809
indokolatlan_ADJ	1808
ellenzéki_oldal_NUM	1807
mi_előtt_fekvő_ADJ	1806
bármelyik_PRON	1805
németh_zsolt_ADJ	1804
hangsúly_NOUN	1803
vall_SYM	1802
nyugodtan_ADJ	1801
vállalj_SYM	1800
91_NUM	1799
február_NOUN	1798
tévedés_NOUN	1797
meglévő_ADJ	1796
ügyvéd_NOUN	1795
szabaddemokrata_ADJ	1794
kényszerít_SYM	1793
valahol_ADV	1792
szíveskedik_SYM	1791
felhasznál_SYM	1790
feltesz_SYM	1789
tartalék_NOUN	1788
sikér_NOUN	1787
jellemző_ADJ	1786
os_forradalom_INTJ	1785
jövőre_ADV	1784
átlátható_ADJ	1783
fogyatékos_ADJ	1782
juhász_NOUN	1781
fedez_ADJ	1780
elvet_NOUN	1779
jogintézmény_NOUN	1778
kezdet_NOUN	1777
írt_ADJ	1776
különleges_ADJ	1775
bocsátás_NOUN	1774
mandátum_NOUN	1773
vezetett_SYM	1772
elõadója_NOUN	1771
prioritás_NOUN	1770
állomány_NOUN	1769
nyílt_ADJ	1768
közbeszerzés_NOUN	1767
határozottan_ADJ	1766
ütem_NOUN	1765
üzenet_NOUN	1764
frakcióvezető_helyettes_ADJ	1763
Íván_INTJ	1762
indokolás_NOUN	1761
Egészségügy_PROPN	1760
növekszik_SYM	1759
alapszerzõdés_NOUN	1758
önt_PRON	1757
50_százalék_NOUN	1756
döntési_ADJ	1755
36_NUM	1754
minőség_NOUN	1753
hozzájárul_SYM	1752
valamelyik_PRON	1751
lépett_SYM	1750
számla_NOUN	1749
amint_ADV	1748
kidolgozás_NOUN	1747
jött_SYM	1746
ismeret_NOUN	1745
végrehajtó_ADJ	1744
forradalom_NOUN	1743
wekler_ADJ	1742
nyugdíjemelés_NOUN	1741
fontosság_NOUN	1740
intézményi_ADJ	1739
kérdésrõl_ADJ	1738
mi_által_NOUN	1737
elvégez_SYM	1736
igyekezik_SYM	1735
gyógyszer_NOUN	1734
részesül_SYM	1733
viszontválasz_megad_NOUN	1732
hajt_SYM	1731
hamar_ADV	1730
százezer_NUM	1729
végleges_ADJ	1728
tartás_NOUN	1727
jegy_NOUN	1726
bizonnyal_ADV	1725
ötlet_NOUN	1724
felsorol_SYM	1723
kísér_SYM	1722
zárszámadás_NOUN	1721
szab_SYM	1720
0_NUM	1719
teljes_egész_NOUN	1718
felvetett_ADJ	1717
apró_ADJ	1716
től_NOUN	1715
szorgalmaz_SYM	1714
gazdaságpolitikai_ADJ	1713
bevonás_NOUN	1712
vet_fel_ADV	1711
vagyoni_ADJ	1710
2005_NUM	1709
időtartam_NOUN	1708
ilyenkor_ADV	1707
felsorolás_NOUN	1706
gondolkodás_NOUN	1705
iii_NOUN	1704
emlékszem_SYM	1703
káros_ADJ	1702
juthat_SYM	1701
információs_ADJ	1700
konzervatív_ADJ	1699
jelöl_SYM	1698
alaposan_ADJ	1697
autópálya_NOUN	1696
millió_forintos_ADJ	1695
folytatódik_SYM	1694
értet_NOUN	1693
magára_PRON	1692
Törvény_NOUN	1691
kifogásol_SYM	1690
nézet_NOUN	1689
támogató_ADJ	1688
etnikai_ADJ	1687
átlagos_ADJ	1686
határ_túli_ADJ	1685
egészséges_ADJ	1684
mondanivaló_NOUN	1683
szorul_SYM	1682
üdvözöl_SYM	1681
kívüli_ADJ	1680
havi_ADJ	1679
képviselt_ADJ	1678
betegség_NOUN	1677
terjed_SYM	1676
meglehetõsen_ADJ	1675
ékes_ADJ	1674
okozott_ADJ	1673
államháztartási_ADJ	1672
32_NUM	1671
ellátási_ADJ	1670
kinevezés_NOUN	1669
áru_NOUN	1668
tudomány_NOUN	1667
bejelenik_NOUN	1666
iroda_NOUN	1665
vezet_be_NOUN	1664
elmegy_SYM	1663
képviselõtársaimat_NOUN	1662
érintõ_ADJ	1661
garantál_SYM	1660
gyanú_NOUN	1659
kor_NOUN	1658
felelõsség_NOUN	1657
kétszer_ADV	1656
mindjárt_ADV	1655
közigazgatás_NOUN	1654
egyharmad_NUM	1653
jogalkotási_ADJ	1652
kézfelemelés_NOUN	1651
nyújtott_ADJ	1650
bármi_PRON	1649
autonómia_NOUN	1648
Általános_forgalmi_adó_ADJ	1647
elõttem_SYM	1646
elvesz_SYM	1645
szankció_NOUN	1644
privatizációs_ADJ	1643
frakcióvezető_NOUN	1642
szokásos_ADJ	1641
mészáros_ADJ	1640
befektetés_NOUN	1639
szakmailag_ADJ	1638
szintű_ADJ	1637
keletkezett_ADJ	1636
elbírálás_NOUN	1635
Pásztor_PROPN	1634
Nyugdíj_PROPN	1633
Illeték_PROPN	1632
egyetértett_SYM	1631
visszavont_ADJ	1630
belföldi_ADJ	1629
bejelent_SYM	1628
at_ADV	1627
választani_SYM	1626
házszabály_NOUN	1625
farkas_NOUN	1624
elosztás_NOUN	1623
átad_SYM	1622
vásárol_SYM	1621
felett_ADP	1620
noha_SCONJ	1619
előzetes_ADJ	1618
tardos_ADJ	1617
hivatkozás_NOUN	1616
fejez_ADJ	1615
párhuzamosan_ADJ	1614
társulás_NOUN	1613
zajlik_SYM	1612
rétég_NOUN	1611
elmondhat_SYM	1610
idõt_ADJ	1609
róbert_NOUN	1608
mennyiség_NOUN	1607
energia_NOUN	1606
Diszkrimináció_NOUN	1605
érvényesülés_NOUN	1604
államigazgatási_ADJ	1603
hulladék_NOUN	1602
irányú_ADJ	1601
mádai_ADJ	1600
derül_SYM	1599
stratégiai_ADJ	1598
mi_között_ADJ	1597
répássy_róbert_NOUN	1596
tükröz_SYM	1595
szocialista_ADJ	1594
többlet_NOUN	1593
33_NUM	1592
megelőző_ADJ	1591
Adó_PROPN	1590
asztal_NOUN	1589
darab_NOUN	1588
meghozatal_NOUN	1587
mindenekelõtt_ADJ	1586
éri_SYM	1585
szomorú_ADJ	1584
azonnali_kérdés_NOUN	1583
forintos_ADJ	1582
egyetemi_ADJ	1581
mûködési_ADJ	1580
tömeg_NOUN	1579
származó_ADJ	1578
fellép_SYM	1577
emelt_ADJ	1576
nappal_ADV	1575
Ibolya_PROPN	1574
utólag_ADV	1573
mellé_ADP	1572
megszületik_SYM	1571
fordult_SYM	1570
idézett_ADJ	1569
férfi_NOUN	1568
szellemi_ADJ	1567
egyre_inkább_ADV	1566
földművelésügyi_ADJ	1565
igénybevétel_NOUN	1564
kijelölt_ADJ	1563
könyv_NOUN	1562
alakult_SYM	1561
alakulás_NOUN	1560
elérés_NOUN	1559
dávid_ADJ	1558
tanulmány_NOUN	1557
válaszolt_SYM	1556
adófizető_ADJ	1555
elvetet_NOUN	1554
ág_NOUN	1553
mértékû_ADJ	1552
1990_ben_NOUN	1551
szigorítás_NOUN	1550
ítélt_ADJ	1549
bír_SYM	1548
értékelés_NOUN	1547
kar_NOUN	1546
előző_ciklus_NOUN	1545
jenő_ADJ	1544
korrigál_SYM	1543
befizetés_NOUN	1542
alternatív_ADJ	1541
képzel_SYM	1540
közoktatási_ADJ	1539
ülésszak_NOUN	1538
attila_ADJ	1537
szereplõ_ADJ	1536
megköszön_SYM	1535
tállai_andrás_NOUN	1534
domokos_ADJ	1533
korlátozott_ADJ	1532
mi_szerint_ADV	1531
aláírt_ADJ	1530
húsz_NUM	1529
szólnak_SYM	1528
szabályozott_ADJ	1527
kiszámítható_ADJ	1526
zárt_ADJ	1525
egyeztet_SYM	1524
kívánó_ADJ	1523
elegendõ_ADJ	1522
természet_NOUN	1521
eredményes_ADJ	1520
megbízás_NOUN	1519
célkitűzés_NOUN	1518
félelem_NOUN	1517
Lotz_Károly_PROPN	1516
ügyvédi_ADJ	1515
változott_SYM	1514
állandó_ADJ	1513
másodszor_ADV	1512
író_NOUN	1511
biztonságos_ADJ	1510
Szabó_Zoltán_NOUN	1509
vitanap_NOUN	1508
készített_ADJ	1507
tartós_ADJ	1506
illik_SYM	1505
anya_NOUN	1504
felsorolt_ADJ	1503
küld_SYM	1502
sokféle_ADJ	1501
hatalmi_ADJ	1500
nyúl_NOUN	1499
érkezik_SYM	1498
logika_NOUN	1497
56_NUM	1496
tárgysorozat_NOUN	1495
csakhogy_CONJ	1494
alatti_ADJ	1493
végiggondol_SYM	1492
súlyosan_ADJ	1491
pontosítás_NOUN	1490
gyes_NOUN	1489
háború_NOUN	1488
adózás_NOUN	1487
Országos_Rádió_és_Televízió_Testület_NOUN	1486
rendelkezõ_NOUN	1485
gaál_ADJ	1484
Minimálbér_NOUN	1483
közjogi_ADJ	1482
minimum_ADV	1481
nőtt_SYM	1480
témakör_NOUN	1479
kulcs_NOUN	1478
válaszadó_NOUN	1477
ász_NOUN	1476
mer_SYM	1475
hit_NOUN	1474
körüli_ADJ	1473
mirõl_ADJ	1472
Versenyképesség_NOUN	1471
állandóan_ADJ	1470
szakképzés_NOUN	1469
hosszan_ADJ	1468
1956_os_forradalom_NOUN	1467
versenyképes_ADJ	1466
beruházási_ADJ	1465
nyugdíjrendszer_NOUN	1464
tartózkodik_SYM	1463
191_NUM	1462
demokrata_ADJ	1461
reálérték_ADJ	1460
megszűnik_SYM	1459
módosított_ADJ	1458
halaszthatatlan_ADJ	1457
mechanizmus_NOUN	1456
balázs_NOUN	1455
következett_SYM	1454
befolyás_NOUN	1453
jelentőségű_ADJ	1452
fölhív_SYM	1451
börtön_NOUN	1450
augusztus_NOUN	1449
192_NUM	1448
fõvárosi_ADJ	1447
38_NUM	1446
bűnözés_NOUN	1445
Gyógyszer_PROPN	1444
lakos_ADJ	1443
orvosi_ADJ	1442
kellõ_ADJ	1441
elnöki_szék_NOUN	1440
este_ADV	1439
egyenlő_ADJ	1438
ba_VERB	1437
kilométer_NOUN	1436
falu_NOUN	1435
kapacitás_NOUN	1434
féle_ADJ	1433
támadás_NOUN	1432
média_NOUN	1431
tapasztalt_ADJ	1430
remény_szerint_ADV	1429
technológia_NOUN	1428
igazságos_ADJ	1427
fordulat_NOUN	1426
meggyõzõdésem_ADV	1425
természeti_ADJ	1424
helyettes_ADJ	1423
stabilitás_NOUN	1422
tulajdonosi_ADJ	1421
fő_ügyész_NOUN	1420
megszületett_SYM	1419
tavasz_NOUN	1418
valósít_SYM	1417
190_NUM	1416
Balaton_PROPN	1415
valós_ADJ	1414
utasít_SYM	1413
javára_NOUN	1412
jól_emlékszem_NOUN	1411
szerencsétlen_ADJ	1410
nyer_SYM	1409
lehető_teszi_INTJ	1408
emelkedés_NOUN	1407
várt_ADJ	1406
választási_kampány_NOUN	1405
közalapítvány_NOUN	1404
szánt_ADJ	1403
iránti_ADJ	1402
rendőr_NOUN	1401
stabil_ADJ	1400
központi_költségvetés_NOUN	1399
bírság_NOUN	1398
megközelítés_NOUN	1397
vagyonnyilatkozat_NOUN	1396
lakossági_ADJ	1395
mutató_ADJ	1394
hivatott_ADJ	1393
megtakarítás_NOUN	1392
által_benyújtott_ADJ	1391
alkotmányellenes_ADJ	1390
felel_SYM	1389
statisztika_NOUN	1388
kiegészítő_ADJ	1387
szembeni_ADJ	1386
dönthet_SYM	1385
áttér_SYM	1384
beszélhet_SYM	1383
hez_NOUN	1382
versenyképesség_NOUN	1381
révész_NOUN	1380
89_NUM	1379
mikrofon_NOUN	1378
írás_előre_INTJ	1377
4_bekezdés_NOUN	1376
kiépítés_NOUN	1375
tanul_SYM	1374
követő_ADJ	1373
büszke_ADJ	1372
öt_év_NUM	1371
jogbiztonság_NOUN	1370
193_NUM	1369
illető_ADJ	1368
megmarad_SYM	1367
gondolkozik_SYM	1366
1992_ben_NOUN	1365
Kórház_PROPN	1364
egyedi_ADJ	1363
400_NUM	1362
nyílik_SYM	1361
Munkáltató_PROPN	1360
avagy_CONJ	1359
esztendő_ADJ	1358
nemzetiségi_ADJ	1357
Lengyelország_PROPN	1356
szenved_SYM	1355
kivételes_ADJ	1354
értékesítés_NOUN	1353
megcsinál_SYM	1352
fenyeget_SYM	1351
akadémia_NOUN	1350
személyesen_ADJ	1349
minősített_ADJ	1348
múlva_ADP	1347
légy_SYM	1346
másképp_ADV	1345
ahelyett_ADV	1344
elõkészítõ_ADJ	1343
másként_ADV	1342
2008_NUM	1341
Pető_Iván_PROPN	1340
járadék_NOUN	1339
hetilap_NOUN	1338
elismert_ADJ	1337
szűk_ADJ	1336
elfogadás_kizár_NOUN	1335
termelő_ADJ	1334
hatpárti_ADJ	1333
postabank_NOUN	1332
földmûvelésügyi_ADJ	1331
jelentõsen_ADJ	1330
vitatható_ADJ	1329
kedves_képviselőtárs_NOUN	1328
örökség_NOUN	1327
megegyezés_NOUN	1326
megtehet_SYM	1325
44_NUM	1324
színvonalú_ADJ	1323
ösztönzés_NOUN	1322
fontol_NOUN	1321
jelentet_SYM	1320
Munkavállaló_NOUN	1319
elemzés_NOUN	1318
ajánlat_NOUN	1317
tanulság_NOUN	1316
figyelmeztet_SYM	1315
élelmiszer_NOUN	1314
innen_ADV	1313
tájékoztató_ADJ	1312
megvitat_SYM	1311
osztály_NOUN	1310
igazgatóság_NOUN	1309
csökkenti_SYM	1308
aktuális_ADJ	1307
látta_SYM	1306
máriusz_ADJ	1305
adódik_SYM	1304
közismert_ADJ	1303
szakértői_ADJ	1302
intéz_ADJ	1301
adód_NOUN	1300
szék_NOUN	1299
összefügg_SYM	1298
34_NUM	1297
megjelenés_NOUN	1296
műszaki_ADJ	1295
Távközlés_PROPN	1294
idézet_NOUN	1293
felül_ADV	1292
Kóka_János_INTJ	1291
tartalmazó_ADJ	1290
nemhogy_CONJ	1289
közelít_SYM	1288
hatékonyan_ADJ	1287
mindenütt_ADV	1286
ellenez_SYM	1285
számvevõszék_NOUN	1284
csatlakozó_ADJ	1283
büntetőeljárás_NOUN	1282
roma_ADJ	1281
szilárd_ADJ	1280
kormányzás_NOUN	1279
működtetés_NOUN	1278
nyomozás_NOUN	1277
létrehozott_ADJ	1276
múlik_SYM	1275
helyre_NOUN	1274
megvalósul_SYM	1273
tízezer_NUM	1272
amiért_PRON	1271
fegyver_NOUN	1270
sújt_SYM	1269
tudat_NOUN	1268
mint_amennyi_ADJ	1267
támogatási_rendszer_NUM	1266
létrejön_SYM	1265
származik_SYM	1264
kiindul_ADJ	1263
fok_NOUN	1262
pénztár_NOUN	1261
Szocializmus_PROPN	1260
eljut_SYM	1259
tárgyalu_NOUN	1258
üzem_NOUN	1257
konstrukció_NOUN	1256
2000_ben_NOUN	1255
Levéltár_PROPN	1254
pontosít_SYM	1253
korszerű_ADJ	1252
ös_INTJ	1251
passzus_NOUN	1250
megkezdés_NOUN	1249
eltérő_ADJ	1248
elhagy_SYM	1247
elkerülhetetlen_ADJ	1246
valóságos_ADJ	1245
nyit_SYM	1244
évi_CLXXXV_INTJ	1243
megvitatás_NOUN	1242
megtart_SYM	1241
alapuló_ADJ	1240
fizetési_ADJ	1239
gomb_NOUN	1238
harc_NOUN	1237
Magyar_Televízió_NOUN	1236
megalkot_SYM	1235
tükrözik_SYM	1234
194_NUM	1233
kiváló_ADJ	1232
Titkosszolgálat_NOUN	1231
társ_NOUN	1230
szerzett_ADJ	1229
elindult_SYM	1228
törvénykönyv_NOUN	1227
Magyar_Államvasutak_Zrt_PROPN	1226
bekerül_SYM	1225
áron_NOUN	1224
halad_SYM	1223
elégséges_ADJ	1222
felejt_SYM	1221
érdekképviselet_NOUN	1220
te_PRON	1219
kedvezõ_ADJ	1218
megtett_ADJ	1217
ítél_SYM	1216
kettõ_ADJ	1215
meghaladó_ADJ	1214
tényező_NOUN	1213
vezérszónoki_ADJ	1212
tóth_andrás_NOUN	1211
mûködését_NOUN	1210
kiszolgáltatott_ADJ	1209
látják_SYM	1208
2002_ben_NOUN	1207
gazdálkodik_SYM	1206
dénes_ADJ	1205
nyert_ADJ	1204
stb_NOUN	1203
érdekel_SYM	1202
közelmúlt_NOUN	1201
alkalmatlan_ADJ	1200
menet_NOUN	1199
ápv_ADJ	1198
kelet_NOUN	1197
panasz_NOUN	1196
szíves_ADJ	1195
kontra_ADJ	1194
következés_NOUN	1193
sokkal_inkább_ADV	1192
meghallgatás_NOUN	1191
szerény_ADJ	1190
mondhatnám_SYM	1189
eltér_SYM	1188
ul_VERB	1187
július_NOUN	1186
gyenge_ADJ	1185
mentelmi_ADJ	1184
sorolhat_SYM	1183
mulasztás_NOUN	1182
ei_VERB	1181
pótol_SYM	1180
betart_SYM	1179
tekintély_NOUN	1178
egyhangúlag_ADJ	1177
fenti_ADJ	1176
ragaszkodik_SYM	1175
botrány_NOUN	1174
kiss_NOUN	1173
jött_lét_NOUN	1172
legfõbb_ADJ	1171
vonal_NOUN	1170
büntet_SYM	1169
állított_ADJ	1168
világkiállítás_NOUN	1167
39_NUM	1166
mindenekelőtt_ADV	1165
köztársasági_ADJ	1164
bármiféle_PRON	1163
ír_elő_ADJ	1162
elvileg_ADJ	1161
export_NOUN	1160
merthogy_SCONJ	1159
elhelyezés_NOUN	1158
belőle_PRON	1157
elad_SYM	1156
meghalad_SYM	1155
deutsch_VERB	1154
üzlet_NOUN	1153
hányad_NOUN	1152
tervezés_NOUN	1151
kereskedelem_NOUN	1150
elfelejt_SYM	1149
75_NUM	1148
tekinteni_SYM	1147
vél_SYM	1146
gergely_NOUN	1145
nagyságrend_NOUN	1144
balsai_ADJ	1143
onnan_ADV	1142
terjeszt_elő_ADJ	1141
külügyminiszter_NOUN	1140
felszámolás_NOUN	1139
néha_ADV	1138
petõ_NOUN	1137
szoros_ADJ	1136
utolsósorban_ADV	1135
gazdag_ADJ	1134
55_NUM	1133
szólás_NOUN	1132
nemzeti_bank_NOUN	1131
megerősítés_NOUN	1130
ismeretes_ADJ	1129
kidolgoz_SYM	1128
felszólalási_ADJ	1127
kormányzati_ciklus_NOUN	1126
közalkalmazotti_ADJ	1125
képtelen_ADJ	1124
politikailag_ADJ	1123
Áder_János_INTJ	1122
bizonyíték_NOUN	1121
amelyrõl_NOUN	1120
kritérium_NOUN	1119
biztosíték_NOUN	1118
folyamatos_zaj_NOUN	1117
hatály_kívül_ADV	1116
elmaradt_ADJ	1115
jogharmonizációs_ADJ	1114
beleért_SYM	1113
felújítás_NOUN	1112
körzet_NOUN	1111
kínál_SYM	1110
külső_ADJ	1109
vezetõ_NOUN	1108
széchenyi_ADJ	1107
közöl_SYM	1106
idáig_ADV	1105
hirdet_NOUN	1104
felelõsséget_NOUN	1103
igazságügy_miniszter_NOUN	1102
egyszeri_ADJ	1101
kritikai_ADJ	1100
szavazott_SYM	1099
hamis_ADJ	1098
szerencsére_ADV	1097
teszem_SYM	1096
szokott_SYM	1095
ismeretében_NOUN	1094
időnként_ADV	1093
kassza_NOUN	1092
fõváros_ADJ	1091
fogyasztói_ADJ	1090
durva_ADJ	1089
esélyegyenlőség_NOUN	1088
válhat_SYM	1087
körû_ADJ	1086
kidolgozik_SYM	1085
fordulhat_SYM	1084
helytelen_ADJ	1083
céltámogatás_NOUN	1082
elemi_ADJ	1081
ház_elé_ADV	1080
alelnök_foglal_NOUN	1079
sorrend_NOUN	1078
bűncselekmény_NOUN	1077
Földgáz_ADJ	1076
állni_SYM	1075
láttam_SYM	1074
kihívás_NOUN	1073
c_NOUN	1072
tapsol_SYM	1071
több_száz_NUM	1070
elért_ADJ	1069
mûszaki_ADJ	1068
betartás_NOUN	1067
jövõre_ADJ	1066
összeférhetetlenség_NOUN	1065
herényi_ADJ	1064
felmérés_NOUN	1063
2009_NUM	1062
papír_NOUN	1061
ellátó_ADJ	1060
halál_NOUN	1059
fal_NOUN	1058
rendezvény_NOUN	1057
fekszik_SYM	1056
fejleszt_SYM	1055
szolidaritás_NOUN	1054
december_31_NOUN	1053
kialakított_ADJ	1052
koncessziós_ADJ	1051
Hende_Csaba_INTJ	1050
salamon_NOUN	1049
részes_ADJ	1048
ugyanilyen_PRON	1047
feletti_ADJ	1046
előír_SYM	1045
átcsoportosítás_NOUN	1044
jogviszony_NOUN	1043
létező_ADJ	1042
újságíró_NOUN	1041
rátér_SYM	1040
mozgástér_NOUN	1039
szabályozó_ADJ	1038
felsõoktatási_ADJ	1037
2001_ben_NOUN	1036
megválasztás_NOUN	1035
alátámaszt_SYM	1034
bekövetkezett_ADJ	1033
méltatlan_ADJ	1032
építési_ADJ	1031
Metró_PROPN	1030
Kamat_NOUN	1029
lehetõvé_teszi_INTJ	1028
37_NUM	1027
fennáll_SYM	1026
zárójel_NOUN	1025
kritikus_ADJ	1024
egyén_NOUN	1023
küzdelem_NOUN	1022
átadás_NOUN	1021
autó_NOUN	1020
híd_NOUN	1019
infrastrukturális_ADJ	1018
ellenes_ADJ	1017
jogilag_ADJ	1016
kedves_képviselõtársaim_NOUN	1015
országgyûlési_határozat_INTJ	1014
ingyenes_ADJ	1013
mi_előtt_lévő_ADJ	1012
felszólalás_következik_SYM	1011
értelmes_ADJ	1010
védett_ADJ	1009
elmaradás_NOUN	1008
47_NUM	1007
Tisza_PROPN	1006
megtárgyalt_ADJ	1005
települési_önkormányzat_NOUN	1004
aligha_ADV	1003
korrekció_NOUN	1002
látszólag_ADV	1001
bármikor_ADV	1000
kiterjeszt_NOUN	999
megbízott_ADJ	998
dilemma_NOUN	997
foglal_el_NOUN	996
szerzõdést_NOUN	995
tisztség_NOUN	994
forduló_NOUN	993
egészségbiztosítási_ADJ	992
kezdeményező_ADJ	991
megszerzés_NOUN	990
Büntetőjog_PROPN	989
hozhat_SYM	988
195_NUM	987
kifogásolt_ADJ	986
hagyományos_ADJ	985
érthető_ADJ	984
aggályos_ADJ	983
nyúlik_SYM	982
igazolvány_NOUN	981
Oroszország_PROPN	980
egészség_NOUN	979
törekszik_SYM	978
szervez_SYM	977
konferencia_NOUN	976
kétségtelenül_ADJ	975
rendõrségi_ADJ	974
szolgált_SYM	973
módosítási_ADJ	972
elkövetett_ADJ	971
megemel_NOUN	970
megoldható_ADJ	969
mûvelõdési_ADJ	968
hasznosítás_NOUN	967
célszerű_ADJ	966
kapu_NOUN	965
Bukarest_PROPN	964
veres_ADJ	963
vetett_ADJ	962
jellég_ADJ	961
elolvas_SYM	960
Egyesült_Nemzetek_Szervezete_NOUN	959
vitatott_ADJ	958
szorosan_ADJ	957
ágazati_ADJ	956
megállapítható_ADJ	955
előtti_ADJ	954
ipar_NOUN	953
környék_NOUN	952
támad_SYM	951
42_NUM	950
tulajdonú_ADJ	949
felsőoktatási_intézmény_NOUN	948
tudná_SYM	947
megtárgyalás_NOUN	946
létesítmény_NOUN	945
eljár_SYM	944
háztartás_NOUN	943
liberális_ADJ	942
hegyi_ADJ	941
erősítés_NOUN	940
egyelőre_ADV	939
megerősít_SYM	938
valósul_SYM	937
Egyesület_PROPN	936
című_ADJ	935
Magyar_Távirati_Iroda_ADV	934
600_NUM	933
levon_SYM	932
gyorsabban_ADJ	931
utasítás_NOUN	930
levő_ADJ	929
felsőoktatási_ADJ	928
tűz_NOUN	927
Euró_NOUN	926
Egészségbiztosítás_PROPN	925
fekvõ_ADJ	924
növekedett_SYM	923
népjóléti_ADJ	922
esetlegesen_ADJ	921
kivált_ADV	920
felvétel_NOUN	919
Magyar_Bálint_ADV	918
mérlegel_SYM	917
nettó_ADJ	916
megegyez_ADJ	915
tankönyv_NOUN	914
közbeszerzési_eljárás_NOUN	913
kal_NOUN	912
utóbb_ADV	911
végsõ_NOUN	910
val_NOUN	909
szer_NOUN	908
ellenőriz_SYM	907
jelenleg_hatályos_ADJ	906
járul_ADV	905
ból_NOUN	904
hiteles_ADJ	903
lelkiismeret_NOUN	902
előterjesztett_ADJ	901
kifizet_SYM	900
jén_NOUN	899
adózó_ADJ	898
jogalkotó_NOUN	897
illetőleg_CONJ	896
játék_NOUN	895
eltérés_NOUN	894
kétéves_ADJ	893
munkaviszony_NOUN	892
nevezett_ADJ	891
Mád_PROPN	890
mozgás_NOUN	889
árt_SYM	888
merült_SYM	887
rögzített_ADJ	886
Központi_bank_PROPN	885
megkocogtatás_jelez_NOUN	884
túlnyomó_ADJ	883
szintû_ADJ	882
elkészült_ADJ	881
vidéki_ADJ	880
képzési_ADJ	879
ők_által_NOUN	878
integrációs_ADJ	877
jogász_NOUN	876
közhasznú_ADJ	875
92_NUM	874
fejez_ki_NOUN	873
jövedéki_ADJ	872
Polgári_törvénykönyv_NOUN	871
államtitok_NOUN	870
avarkeszi_ADJ	869
ehelyett_ADV	868
43_NUM	867
feljelentés_NOUN	866
pósán_NOUN	865
közérdekű_ADJ	864
meglévõ_ADJ	863
váll_NOUN	862
megválasztott_ADJ	861
távollét_NOUN	860
érintet_NOUN	859
magánszemély_NOUN	858
feltételrendszer_NOUN	857
szereplői_NOUN	856
mûködni_SYM	855
szájer_ADJ	854
többnyire_ADV	853
megválaszt_SYM	852
hibás_ADJ	851
pusztai_ADJ	850
széles_körű_ADJ	849
helyezés_NOUN	848
csekély_ADJ	847
komplex_ADJ	846
épített_ADJ	845
téves_ADJ	844
eseti_ADJ	843
tartozás_NOUN	842
bírál_SYM	841
részletesebben_ADJ	840
működött_SYM	839
befektető_NOUN	838
középvállalkozás_NOUN	837
lakó_ADJ	836
ők_közt_NOUN	835
kiterjesztés_NOUN	834
Természetvédelem_PROPN	833
következetesen_ADJ	832
üzletrész_NOUN	831
elindul_SYM	830
szándékoz_ADJ	829
hozzányúl_SYM	828
szándékozik_SYM	827
tilt_SYM	826
ünnep_NOUN	825
erõs_ADJ	824
beterjeszt_SYM	823
189_NUM	822
honnan_ADV	821
ésszerű_ADJ	820
zajlott_SYM	819
biztos_vagyok_NOUN	818
közbiztonság_NOUN	817
gyed_NOUN	816
nál_NOUN	815
Közigazgatási_és_Igazságügyi_Minisztérium_PROPN	814
határidõ_ADJ	813
belemegy_SYM	812
jelentõsége_NOUN	811
kutató_ADJ	810
elkerül_SYM	809
előírt_ADJ	808
forintnyi_ADJ	807
kora_ADJ	806
48_NUM	805
ügyfél_NOUN	804
előkészítő_ADJ	803
nyilvánít_SYM	802
kórházi_ADJ	801
ellenőrzési_ADJ	800
1994_ben_NOUN	799
egyfelől_ADV	798
hozzászóló_NOUN	797
adu_NOUN	796
sziget_NOUN	795
beszerzés_NOUN	794
igénylő_ADJ	793
lefolytat_ADJ	792
folytathat_SYM	791
sértett_ADJ	790
ajánlom_SYM	789
döntõ_NOUN	788
megvéd_SYM	787
amúgy_ADV	786
érzékel_SYM	785
mi_közt_ADV	784
kénytelen_vagyok_NOUN	783
mehet_SYM	782
foglalkoztat_SYM	781
tartalmú_ADJ	780
nagymértékben_ADV	779
magyar_ADJ	778
kádár_ADJ	777
elősegít_SYM	776
elkészítés_NOUN	775
idõn_ADJ	774
kormányhatározat_NOUN	773
pénzeszköz_NOUN	772
46_NUM	771
hal_NOUN	770
elképzel_SYM	769
erõk_ADJ	768
gyakorlás_NOUN	767
kosztolányi_ADJ	766
feladatkör_NOUN	765
mondanám_SYM	764
életét_NOUN	763
Kereszténység_PROPN	762
hirtelen_ADV	761
csatorna_NOUN	760
anomália_NOUN	759
történeti_ADJ	758
megelőzés_NOUN	757
Erzsébet_angol_királynő_INTJ	756
megelőzően_ADJ	755
katasztrófa_NOUN	754
mér_SYM	753
érthetetlen_ADJ	752
erőszak_NOUN	751
úgymond_INTJ	750
áttekint_SYM	749
adatvédelmi_ADJ	748
ilyesmi_PRON	747
nyomás_NOUN	746
mérleg_NOUN	745
rendes_ADJ	744
elõzetes_ADJ	743
vallási_ADJ	742
küzd_SYM	741
számíthat_SYM	740
bead_SYM	739
Kékkő_PROPN	738
villamos_ADJ	737
keleti_ADJ	736
méltányos_ADJ	735
területfejlesztés_NOUN	734
hatékonyabban_ADJ	733
közeli_ADJ	732
ülésterem_NOUN	731
vont_ADJ	730
újból_ADV	729
felidéz_SYM	728
elszámolás_NOUN	727
állat_NOUN	726
munkaadó_NOUN	725
tárgyalási_ADJ	724
kikerül_SYM	723
megkülönböztetés_NOUN	722
látszat_NOUN	721
többségében_NOUN	720
döntő_ADJ	719
65_NUM	718
elengedhetetlen_ADJ	717
szét_ADV	716
közé_tartozik_SYM	715
levõ_ADJ	714
szakértõi_ADJ	713
büntetõ_ADJ	712
terjeszt_elõ_NOUN	711
Informatika_PROPN	710
átláthatóság_NOUN	709
Pokorni_Zoltán_PROPN	708
támogatottság_NOUN	707
ellenkező_ADJ	706
rendészeti_ADJ	705
fokozatosan_ADJ	704
mielõtt_ADJ	703
leír_SYM	702
ford_NOUN	701
javul_SYM	700
nevelés_NOUN	699
helyzetű_ADJ	698
ideiglenes_ADJ	697
ameddig_ADV	696
változatlan_ADJ	695
köszönet_NOUN	694
következetes_ADJ	693
radikális_ADJ	692
ront_SYM	691
igazságtalan_ADJ	690
felzúdulás_NOUN	689
megállapodik_SYM	688
eltérõ_ADJ	687
xx_INTJ	686
szabályzat_NOUN	685
kiírás_NOUN	684
emlék_NOUN	683
mondandó_NOUN	682
elérhető_ADJ	681
bővítés_NOUN	680
átvesz_SYM	679
érdekeltség_NOUN	678
csomó_NUM	677
jobboldali_ADJ	676
törvényalkotás_NOUN	675
egységesen_ADJ	674
értelmetlen_ADJ	673
tűnik_SYM	672
kijelent_SYM	671
kezdett_SYM	670
délután_ADV	669
olvashat_SYM	668
megpróbált_SYM	667
54_NUM	666
idõ_letelt_ADJ	665
magyarázat_NOUN	664
éles_ADJ	663
megalapozatlan_ADJ	662
normál_ADJ	661
ottani_ADJ	660
beépít_SYM	659
kialakulás_NOUN	658
minthogy_SCONJ	657
alapoz_SYM	656
98_NUM	655
alapjog_NOUN	654
120_NUM	653
elítélt_ADJ	652
adós_ADJ	651
kapcsol_SYM	650
hihetetlen_ADJ	649
másfelől_ADV	648
vonás_NOUN	647
működ_NOUN	646
logikus_ADJ	645
õszintén_ADJ	644
elvár_SYM	643
rész_vevő_ADJ	642
ö_NOUN	641
szorít_SYM	640
xxi_INTJ	639
megismerhet_SYM	638
ír_elõ_ADJ	637
ezer_forintos_ADJ	636
hektár_NOUN	635
kilenc_NUM	634
elutasítás_NOUN	633
szigorúan_ADJ	632
leírt_ADJ	631
52_NUM	630
tizenöt_NUM	629
összetétel_NOUN	628
számított_ADJ	627
szakképzési_ADJ	626
döntéshozatal_NOUN	625
olyasmi_PRON	624
játszik_SYM	623
túlmenõen_ADJ	622
azáltal_ADV	621
fővárosi_ADJ	620
automatikusan_ADJ	619
valamely_PRON	618
kerületi_ADJ	617
amióta_ADV	616
ellenszavazat_NOUN	615
projekt_NOUN	614
antall_NOUN	613
tõke_ADJ	612
kiad_ADJ	611
működtet_SYM	610
belõle_ADJ	609
alajos_ADJ	608
pohár_NOUN	607
fizetett_ADJ	606
megtartás_NOUN	605
járhat_SYM	604
táblázat_NOUN	603
alapkérdés_NOUN	602
kérhet_SYM	601
arányos_ADJ	600
alkalmazható_ADJ	599
800_NUM	598
konstruktív_ADJ	597
hála_NOUN	596
igazít_SYM	595
törvényhozó_ADJ	594
egyelõre_ADJ	593
dezső_ADJ	592
jutó_ADJ	591
immár_ADV	590
elõterjesztést_NOUN	589
sehol_ADV	588
fölösleges_ADJ	587
kétségkívül_ADV	586
szomszédos_ADJ	585
mezõgazdaság_NOUN	584
fogadott_ADJ	583
érthetõ_ADJ	582
igazodik_SYM	581
feltételezés_NOUN	580
élhet_SYM	579
tökéletesen_ADJ	578
kertész_NOUN	577
megkötés_NOUN	576
ezekrõl_ADJ	575
sepsey_ADJ	574
generáció_NOUN	573
megismer_SYM	572
posta_NOUN	571
emelkedett_SYM	570
közgazdasági_ADJ	569
lemond_SYM	568
átalakít_SYM	567
közbekiáltás_NOUN	566
fónagy_ADJ	565
kerülő_ADJ	564
felolvas_SYM	563
indított_ADJ	562
közbeszól_SYM	561
jogrend_NOUN	560
A_Hét_INTJ	559
várakozás_NOUN	558
hozzáférés_NOUN	557
megvalósulás_NOUN	556
albizottság_NOUN	555
vevő_NOUN	554
fejt_SYM	553
kiegészítõ_ADJ	552
meghozott_ADJ	551
közalkalmazott_ADJ	550
gazdasági_társaság_NOUN	549
kezdődik_SYM	548
önállóság_NOUN	547
tartható_ADJ	546
nyugodt_ADJ	545
kétféle_ADJ	544
tapasztalható_ADJ	543
fenntartható_ADJ	542
zseb_NOUN	541
pillanatnyilag_ADV	540
realitás_NOUN	539
képviselőcsoport_vezérszónok_NOUN	538
alanyi_ADJ	537
közúti_ADJ	536
külsõ_ADJ	535
nyári_ADJ	534
feltett_ADJ	533
kárpótlási_jegy_NUM	532
idõre_ADJ	531
Hódmezővásárhely_PROPN	530
hegység_NOUN	529
72_NUM	528
felkészülés_NOUN	527
törvényességi_ADJ	526
megtisztelő_figyelem_INTJ	525
helyreállítás_NOUN	524
hét_ezelőtt_ADV	523
fizikai_ADJ	522
szolgálni_SYM	521
létesítés_NOUN	520
növekedési_ADJ	519
szükséglet_NOUN	518
vízügyi_miniszter_NOUN	517
tanú_NOUN	516
megváltozik_SYM	515
mondható_ADJ	514
erőfeszítés_NOUN	513
vállalati_ADJ	512
gyermekvédelmi_ADJ	511
racionális_ADJ	510
túlzott_ADJ	509
ismeretek_NOUN	508
indulat_NOUN	507
kiemelten_ADJ	506
illúzió_NOUN	505
hivatali_ADJ	504
téved_SYM	503
kónya_ADJ	502
jétől_NOUN	501
jelenlét_NOUN	500
õt_INTJ	499
problematikus_ADJ	498
megtud_SYM	497
ellenõrzés_NOUN	496
okirat_NOUN	495
támaszt_NOUN	494
szeretnék_reagál_NOUN	493
megoldási_ADJ	492
küszöb_NOUN	491
máshol_ADV	490
tisztán_ADJ	489
jöhet_SYM	488
hova_ADV	487
bevon_SYM	486
párbeszéd_NOUN	485
történhet_SYM	484
41_NUM	483
Tandíj_NOUN	482
felsõoktatás_NOUN	481
érdeklődés_NOUN	480
jelentõségû_ADJ	479
béke_NOUN	478
közelebb_ADV	477
Családon_belüli_erőszak_NOUN	476
alsó_ADJ	475
kérdéses_ADJ	474
beszélget_SYM	473
kovács_tibor_NOUN	472
tartalmazott_SYM	471
gesztus_NOUN	470
nyereség_NOUN	469
főleg_ADV	468
fordítva_ADV	467
hasonlít_SYM	466
készség_NOUN	465
tábla_NOUN	464
ütközik_SYM	463
49_NUM	462
rámutat_SYM	461
kialakul_SYM	460
kő_NOUN	459
befektetési_ADJ	458
kutatási_ADJ	457
idős_ADJ	456
juss_SYM	455
többé_ADV	454
rópai_ADJ	453
béremelés_NOUN	452
kitétel_NOUN	451
városi_ADJ	450
kormányoldal_NOUN	449
tartósan_ADJ	448
53_NUM	447
mozgalom_NOUN	446
korszak_NOUN	445
amennyire_ADV	444
ellenzéki_padsor_NOUN	443
költségvetésbõl_ADJ	442
ellenérv_NOUN	441
végeredmény_NOUN	440
vetet_SYM	439
emleget_SYM	438
takács_NOUN	437
hozzányúlik_SYM	436
részint_ADV	435
elkövet_SYM	434
erõsen_ADJ	433
műsor_NOUN	432
fölvet_SYM	431
film_NOUN	430
kedvezményes_ADJ	429
illeszkedik_SYM	428
n_NOUN	427
elvonás_NOUN	426
elemez_SYM	425
en_PRON	424
tisztaság_NOUN	423
klára_NOUN	422
kõszeg_ADJ	421
éva_NOUN	420
csoda_NOUN	419
szólal_SYM	418
rugalmas_ADJ	417
megfontol_SYM	416
köszönt_SYM	415
jogharmonizáció_NOUN	414
javulás_NOUN	413
közszolgáltatás_NOUN	412
képviselõtársammal_NOUN	411
1988_NUM	410
kivesz_SYM	409
személyiség_NOUN	408
Angol_nyelv_PROPN	407
visszaszorítás_NOUN	406
180_NUM	405
51_NUM	404
minősít_SYM	403
kifejtett_ADJ	402
részvény_NOUN	401
ezenkívül_ADV	400
túlmenően_ADJ	399
1956_NUM	398
Dohány_PROPN	397
mindnyájan_PRON	396
megalakulás_NOUN	395
fenntartó_NOUN	394
váltott_SYM	393
belát_SYM	392
termelési_ADJ	391
magántulajdon_NOUN	390
azonnali_ADJ	389
státus_NOUN	388
188_NUM	387
összehasonlítás_NOUN	386
máris_ADV	385
megbeszélés_NOUN	384
lehetõségek_NOUN	383
187_NUM	382
tanácsadó_ADJ	381
eszme_NOUN	380
törvényrõl_ADJ	379
irányít_SYM	378
rádió_NOUN	377
170_NUM	376
jövedelmi_ADJ	375
Európa_Tanács_PROPN	374
vojnik_NOUN	373
ellenőrző_ADJ	372
milliós_ADJ	371
hamarosan_ADV	370
megszerez_SYM	369
meglesz_SYM	368
harrach_ADJ	367
tekinthető_ADJ	366
jövedelmű_ADJ	365
fontosságú_ADJ	364
ügynök_NOUN	363
megsértés_NOUN	362
túlságosan_ADJ	361
fül_NOUN	360
nulla_NUM	359
sajátosság_NOUN	358
glattfelder_ADJ	357
feltehetően_ADJ	356
bekövetkezik_SYM	355
töröl_SYM	354
becslés_NOUN	353
Szabadságvesztés_NOUN	352
tõl_NOUN	351
józan_ADJ	350
befizet_SYM	349
formai_ADJ	348
tízperces_ADJ	347
bátorság_NOUN	346
igazgató_NOUN	345
adóteher_NOUN	344
szándékú_ADJ	343
baleset_NOUN	342
bírálat_NOUN	341
késõbbi_ADJ	340
tanár_NOUN	339
jegyzői_ADJ	338
köztisztviselő_ADJ	337
céltámogatási_ADJ	336
tekinthetõ_ADJ	335
néhányan_PRON	334
nélkülözhetetlen_ADJ	333
nyomozó_ADJ	332
horváth_zsolt_ADJ	331
iv_INTJ	330
ai_VERB	329
elkerülés_NOUN	328
tág_ADJ	327
Dohányzás_NOUN	326
való_részvétel_NOUN	325
hiányol_SYM	324
fõleg_ADJ	323
tulajdoni_ADJ	322
vevõ_NOUN	321
kihasznál_SYM	320
tiltakozik_SYM	319
valamelyest_ADV	318
85_NUM	317
megoldásár_ADJ	316
állapít_SYM	315
elkülönített_ADJ	314
kökény_NOUN	313
Rózsa_PROPN	312
vezérszónoklat_NOUN	311
gondolhat_SYM	310
értékes_ADJ	309
diktatúra_NOUN	308
megszületés_NOUN	307
1993_ban_NOUN	306
hatásár_NOUN	305
rendelt_ADJ	304
nyilatkozott_SYM	303
orbán_kormány_NOUN	302
kivéve_ADV	301
márta_SYM	300
megkezd_SYM	299
részletkérdés_NOUN	298
szervezés_NOUN	297
magyarországi_ADJ	296
késõbbiekben_NOUN	295
elnökség_NOUN	294
beterjesztés_NOUN	293
Lamperth_Mónika_PROPN	292
maximum_ADV	291
éljen_SYM	290
épült_SYM	289
szégyen_NOUN	288
mindennapi_ADJ	287
balsay_ADJ	286
helyénvaló_ADJ	285
kérdésekrõl_ADJ	284
1998_as_NOUN	283
Szlovénia_PROPN	282
kamat_NOUN	281
duna_ADJ	280
elkötelezett_ADJ	279
különben_ADV	278
váljon_SYM	277
bölcs_ADJ	276
közgazdász_NOUN	275
kevesen_NUM	274
nehogy_SCONJ	273
gyimóthy_ADJ	272
amelyekrõl_NOUN	271
látott_ADJ	270
üres_ADJ	269
57_NUM	268
útlevél_NOUN	267
szület_NOUN	266
fogyasztási_ADJ	265
Ukrajna_PROPN	264
fokozott_ADJ	263
kellemetlen_ADJ	262
nemes_ADJ	261
hitt_SYM	260
elhangzik_SYM	259
sorozat_NOUN	258
részesít_SYM	257
külpolitika_NOUN	256
lehetõségeket_ADJ	255
egyformán_ADJ	254
minisztériumi_ADJ	253
érzékeny_ADJ	252
amennyi_PRON	251
Zsidók_NOUN	250
beszélgetés_NOUN	249
újonnan_ADV	248
podolák_NOUN	247
jauernik_ADJ	246
megelõzõ_ADJ	245
szellemében_NOUN	244
láb_NOUN	243
kapcsolódóan_ADJ	242
elkövetkezendő_ADJ	241
kölcsönös_ADJ	240
általánosság_NOUN	239
ismeretlen_ADJ	238
kompetencia_NOUN	237
jutás_NOUN	236
klasszikus_ADJ	235
arató_ADJ	234
csizmár_ADJ	233
végső_ADJ	232
ötven_NUM	231
büntetőjogi_ADJ	230
balogh_NOUN	229
foglalkoztatott_ADJ	228
Terhességmegszakítás_NOUN	227
vallás_NOUN	226
kereslet_NOUN	225
minta_NOUN	224
honvédelmi_minisztérium_NOUN	223
értékű_ADJ	222
semmi_köz_NOUN	221
Kósa_Lajos_PROPN	220
kerülõ_ADJ	219
ő_helyett_ADJ	218
ajánlási_ADJ	217
harmadszor_ADV	216
mûködése_NOUN	215
termel_SYM	214
igazolás_NOUN	213
tudom_mondani_SYM	212
átlagosan_ADJ	211
szed_SYM	210
elindít_ADV	209
adottság_NOUN	208
alábbi_ADJ	207
tagad_SYM	206
140_NUM	205
kevéssé_ADV	204
minőségű_ADJ	203
érkezt_NOUN	202
kereset_NOUN	201
magas_magas_ADJ	200
tudhat_SYM	199
ivanics_ADJ	198
Szabálysértés_NOUN	197
1996_ban_NOUN	196
felmutat_SYM	195
privatizál_SYM	194
honvédelem_NOUN	193
szja_NOUN	192
mindnyáj_ADJ	191
jogú_ADJ	190
garantált_ADJ	189
betölt_SYM	188
forgalmazás_NOUN	187
nyilvánosság_előtt_ADV	186
tár_NOUN	185
Mátra_PROPN	184
igazgatás_NOUN	183
teremtett_ADJ	182
családügyi_ADJ	181
követett_SYM	180
önmaguk_NUM	179
népi_ADJ	178
mozog_SYM	177
összes_többi_ADJ	176
rovásár_NOUN	175
160_NUM	174
késztet_SYM	173
mutatkozik_SYM	172
lefolytatás_NOUN	171
tiszt_NOUN	170
lehetõ_ADJ	169
törvénycsomag_NOUN	168
Hollandia_PROPN	167
tüntetés_NOUN	166
kétséges_ADJ	165
netán_ADV	164
Olaszország_PROPN	163
kormányváltás_NOUN	162
rendszertan_ADJ	161
koncentrál_SYM	160
196_NUM	159
országgyûlésben_NOUN	158
minőségi_ADJ	157
vizsgált_ADJ	156
nyitva_ADV	155
58_NUM	154
biztosítható_ADJ	153
eljutott_SYM	152
vasúti_ADJ	151
hozzájut_ADJ	150
szerepvállalás_NOUN	149
gazdálkodási_ADJ	148
ezelőtti_ADJ	147
visszaél_SYM	146
deficit_NOUN	145
nõ_INTJ	144
elképzelhetõ_ADJ	143
érettségi_ADJ	142
250_NUM	141
tárgykör_NOUN	140
szögez_SYM	139
turi_ADJ	138
képviselõtársaink_NOUN	137
megnyilvánulás_NOUN	136
Szent_Korona_PROPN	135
mély_ADJ	134
állás_foglal_NOUN	133
halász_NOUN	132
tartalmilag_ADJ	131
munkaerőpiac_NOUN	130
árpád_NOUN	129
olvastam_SYM	128
hatáskör_rendelkező_ADJ	127
figyelt_SYM	126
lépt_ADJ	125
benyomás_NOUN	124
szónok_NOUN	123
köszön_SYM	122
megakadályozás_NOUN	121
abból_indul_NOUN	120
üzemi_ADJ	119
odafigyel_SYM	118
ő_előtt_ADV	117
elkövetés_NOUN	116
zászló_NOUN	115
megáll_SYM	114
ellátásár_ADJ	113
kiadvány_NOUN	112
tárca_nélküli_ADJ	111
várni_SYM	110
éjszaka_ADV	109
pozitívum_NOUN	108
adófizető_pénz_NOUN	107
61_NUM	106
kvázi_ADJ	105
fekete_ADJ	104
szembesül_SYM	103
teljesség_NOUN	102
hatály_alá_ADV	101
alapellátás_NOUN	100
professzor_NOUN	99
védekezés_NOUN	98
tökéletes_ADJ	97
Csehország_PROPN	96
módosítás_szóló_ADJ	95
rendelkezett_SYM	94
választhat_SYM	93
eltörlés_NOUN	92
katona_tamás_NOUN	91
árbevétel_NOUN	90
török_ADJ	89
hangulat_NOUN	88
olvasható_ADJ	87
vezethet_SYM	86
ágy_NOUN	85
demeter_NOUN	84
szegénység_NOUN	83
csúcs_NOUN	82
gyorsforgalmi_ADJ	81
derült_ADJ	80
fakad_SYM	79
jövedelemadó_NOUN	78
megoszt_SYM	77
elnöknõ_ADJ	76
bezár_SYM	75
tudatosan_ADJ	74
kizárólagos_ADJ	73
felszólalásár_NOUN	72
felelõssége_NOUN	71
színház_NOUN	70
eltekint_SYM	69
elnöki_ADJ	68
kistérség_NOUN	67
ejt_SYM	66
sokáig_ADV	65
adóbevétel_NOUN	64
elvárható_ADJ	63
földtörvény_NOUN	62
kvóta_NOUN	61
nél_NOUN	60
munkavégzés_NOUN	59
mûködésének_NOUN	58
köztudott_ADJ	57
feltehetõen_ADJ	56
hozzátartozó_ADJ	55
szolgáltatási_ADJ	54
expo_NOUN	53
kilátás_NOUN	52
koncesszió_NOUN	51
földtulajdon_NOUN	50
csatlakozási_ADJ	49
viselkedik_SYM	48
1999_ben_NOUN	47
tavaszi_ADJ	46
létezõ_ADJ	45
1_tartózkodás_NOUN	44
állampolgárság_NOUN	43
törvénysértés_NOUN	42
rászoruló_ADJ	41
oktató_ADJ	40
illetõ_ADJ	39
bent_ADV	38
jelzett_ADJ	37
62_NUM	36
bővít_SYM	35
követõ_ADJ	34
simicskó_ADJ	33
bemutat_SYM	32
húzód_ADJ	31
soltész_NOUN	30
pályázó_ADJ	29
részarány_NOUN	28
ről_NOUN	27
kedvezményezett_ADJ	26
import_NOUN	25
megállapított_ADJ	24
húzódik_SYM	23
teszi_lehető_ADJ	22
újraelosztás_NOUN	21
alapító_ADJ	20
záróvitát_NOUN	19
ellátórendszer_NOUN	18
vidékfejlesztési_ADJ	17
alkotmányossági_ADJ	16
szûk_ADJ	15
építkezés_NOUN	14
látható_többség_NOUN	13
hónapos_ADJ	12
rubovszky_ADJ	11
int_ADV	10
minek_ADV	9
beszámol_SYM	8
tisztázás_NOUN	7
országgyûlést_NOUN	6
szerencse_NOUN	5
veszít_SYM	4
előterjesztői_ADJ	3
Mentelmi_jog_PROPN	2
vidékfejlesztési_miniszter_NOUN	1
